Назва,Матеріал,Характеристики,Синоніми,Джерело
Геотекстиль Low&Bonar Tipptex BS 9 (5x100 м),геотекстиль,Публічна картка товару Mizol; детальні параметри перевіряйте за посиланням,,https://mizol.ua/44979-%09geotekstuly-lowbonar-tipptex-bs-9-5x100-m
#Комплект Standard тип V прямой (узел нижнего подключения прямой+ термоголовка Prestige+ переходники); PRNYGS0206C/FP(with nipples),#Комплект Standard тип V прямой (узел нижнего подключения прямой+ термоголовка Prestige+ переходники); PRNYGS0206C/FP(with nipples),Публічна картка товару Mizol; детальні параметри перевіряйте за посиланням,,https://mizol.ua/136512-komplekt-standard-tup-v-pryamoy-uzel-nughnego-podklyuchenuya-pryamoy-termogolovka-prestige-perehodnuku-prnygs0206cfpwith-nipples
35% (8*50м),35% (8*50м),Публічна картка товару Mizol; детальні параметри перевіряйте за посиланням,,https://mizol.ua/25704-35-850m
CLIPS RETE 35 зеленая (24 шт),CLIPS RETE 35 зеленая (24 шт),Публічна картка товару Mizol; детальні параметри перевіряйте за посиланням,,https://mizol.ua/35374-clips-rete-35-zelenaya-24-sht
H-планка VOX INFRATOP Винчестер 3;05м,H-планка VOX INFRATOP Винчестер 3;05м,Публічна картка товару Mizol; детальні параметри перевіряйте за посиланням,,https://mizol.ua/114833-h-planka-vox-infratop-vunchester-305m
J-планка VOX INFRATOP Белый 3;05 м,J-планка VOX INFRATOP Белый 3;05 м,Публічна картка товару Mizol; детальні параметри перевіряйте за посиланням,,https://mizol.ua/64515-j-planka-vox-infratop-belyy-305-m
J-планка VOX INFRATOP Винчестер 3;05м,J-планка VOX INFRATOP Винчестер 3;05м,Публічна картка товару Mizol; детальні параметри перевіряйте за посиланням,,https://mizol.ua/114834-j-planka-vox-infratop-vunchester-305m
J-планка VOX INFRATOP Графит 3;05 м,J-планка VOX INFRATOP Графит 3;05 м,Публічна картка товару Mizol; детальні параметри перевіряйте за посиланням,,https://mizol.ua/64517-j-planka-vox-infratop-grafut-305-m
J-планка VOX INFRATOP Золотой дуб 3;05 м,J-планка VOX INFRATOP Золотой дуб 3;05 м,Публічна картка товару Mizol; детальні параметри перевіряйте за посиланням,,https://mizol.ua/64518-j-planka-vox-infratop-zolotoy-dub-305-m
J-планка VOX INFRATOP Коричневый 3;05 м,J-планка VOX INFRATOP Коричневый 3;05 м,Публічна картка товару Mizol; детальні параметри перевіряйте за посиланням,,https://mizol.ua/64516-j-planka-vox-infratop-koruchnevyy-305-m
J-планка VOX INFRATOP Орех 3;05 м,J-планка VOX INFRATOP Орех 3;05 м,Публічна картка товару Mizol; детальні параметри перевіряйте за посиланням,,https://mizol.ua/64519-j-planka-vox-infratop-oreh-305-m
J-планка белая айДахо 3;05м,J-планка белая айДахо 3;05м,Публічна картка товару Mizol; детальні параметри перевіряйте за посиланням,,https://mizol.ua/36128-j-planka-belaya-aydaho-305m
J-планка графит айДахо 3;05м,J-планка графит айДахо 3;05м,Публічна картка товару Mizol; детальні параметри перевіряйте за посиланням,,https://mizol.ua/54602-j-planka-grafut-aydaho-305m
J-планка коричневая айДахо 3;05м,J-планка коричневая айДахо 3;05м,Публічна картка товару Mizol; детальні параметри перевіряйте за посиланням,,https://mizol.ua/36129-j-planka-koruchnevaya-aydaho-305m
J-планка Софит VOX Infratop Дуб 3;05м,J-планка Софит VOX Infratop Дуб 3;05м,Публічна картка товару Mizol; детальні параметри перевіряйте за посиланням,,https://mizol.ua/239888-j-planka-sofut-vox-infratop-dub-305m
Tруба ПВХ наружной канализации Magnaplast 110x3;2/1000 SN4,Tруба ПВХ наружной канализации Magnaplast 110x3;2/1000 SN4,Публічна картка товару Mizol; детальні параметри перевіряйте за посиланням,,https://mizol.ua/253490-truba-pvh-narughnoy-kanaluzacuu-magnaplast-110x321000-sn4
Tруба ПВХ наружной канализации Magnaplast 160x3;2/1000 SN2,Tруба ПВХ наружной канализации Magnaplast 160x3;2/1000 SN2,Публічна картка товару Mizol; детальні параметри перевіряйте за посиланням,,https://mizol.ua/253500-truba-pvh-narughnoy-kanaluzacuu-magnaplast-160x321000-sn2
Tруба ПП внутренней канализации Magnaplast HT plus 110x2;7/2000мм,Tруба ПП внутренней канализации Magnaplast HT plus 110x2;7/2000мм,Публічна картка товару Mizol; детальні параметри перевіряйте за посиланням,,https://mizol.ua/261269-truba-pp-vnutrenney-kanaluzacuu-magnaplast-ht-plus-110x272000mm
Tруба ПП внутренней канализации Magnaplast HT plus 50x1;8/500мм,Tруба ПП внутренней канализации Magnaplast HT plus 50x1;8/500мм,Публічна картка товару Mizol; детальні параметри перевіряйте за посиланням,,https://mizol.ua/261279-truba-pp-vnutrenney-kanaluzacuu-magnaplast-ht-plus-50x18500mm
Агроволокно Greentex p-19 (3;2x100м),Агроволокно Greentex p-19 (3;2x100м),Публічна картка товару Mizol; детальні параметри перевіряйте за посиланням,,https://mizol.ua/30890-agrovolokno-greentex-p-19-32x100m
Агроволокно Greentex p-23 (1;6x100м),Агроволокно Greentex p-23 (1;6x100м),Публічна картка товару Mizol; детальні параметри перевіряйте за посиланням,,https://mizol.ua/30891-agrovolokno-greentex-p-23-16x100m
Агроволокно Greentex p-23 (3;2x100м),Агроволокно Greentex p-23 (3;2x100м),Публічна картка товару Mizol; детальні параметри перевіряйте за посиланням,,https://mizol.ua/30892-agrovolokno-greentex-p-23-32x100m
Агроволокно Greentex p-23 (3.2x5м),Агроволокно Greentex p-23 (3.2x5м),Публічна картка товару Mizol; детальні параметри перевіряйте за посиланням,,https://mizol.ua/59202-agrovolokno-greentex-p-23-32x5m
Агроволокно Greentex p-23 (6.35x100м),Агроволокно Greentex p-23 (6.35x100м),Публічна картка товару Mizol; детальні параметри перевіряйте за посиланням,,https://mizol.ua/47242-agrovolokno-greentex-p-23-635x100m
Агроволокно Greentex p-30 (1;6x100м),Агроволокно Greentex p-30 (1;6x100м),Публічна картка товару Mizol; детальні параметри перевіряйте за посиланням,,https://mizol.ua/30893-agrovolokno-greentex-p-30-16x100m
Агроволокно Greentex p-30 (3;2x100м),Агроволокно Greentex p-30 (3;2x100м),Публічна картка товару Mizol; детальні параметри перевіряйте за посиланням,,https://mizol.ua/30894-agrovolokno-greentex-p-30-32x100m
Агроволокно Greentex p-30 (3.2x5м),Агроволокно Greentex p-30 (3.2x5м),Публічна картка товару Mizol; детальні параметри перевіряйте за посиланням,,https://mizol.ua/59206-agrovolokno-greentex-p-30-32x5m
Агроволокно Greentex p-30 (4.2x100м),Агроволокно Greentex p-30 (4.2x100м),Публічна картка товару Mizol; детальні параметри перевіряйте за посиланням,,https://mizol.ua/47247-agrovolokno-greentex-p-30-42x100m
Агроволокно Greentex p-30 (6.35x100м),Агроволокно Greentex p-30 (6.35x100м),Публічна картка товару Mizol; детальні параметри перевіряйте за посиланням,,https://mizol.ua/47248-agrovolokno-greentex-p-30-635x100m
Агроволокно Greentex p-50 (1;6x100м),Агроволокно Greentex p-50 (1;6x100м),Публічна картка товару Mizol; детальні параметри перевіряйте за посиланням,,https://mizol.ua/30895-agrovolokno-greentex-p-50-16x100m
Агроволокно Greentex p-50 (1.6x5м),Агроволокно Greentex p-50 (1.6x5м),Публічна картка товару Mizol; детальні параметри перевіряйте за посиланням,,https://mizol.ua/59208-agrovolokno-greentex-p-50-16x5m
Агроволокно Greentex p-50 (3;2x100м),Агроволокно Greentex p-50 (3;2x100м),Публічна картка товару Mizol; детальні параметри перевіряйте за посиланням,,https://mizol.ua/30896-agrovolokno-greentex-p-50-32x100m
Агроволокно Greentex p-50 (4.2x100м),Агроволокно Greentex p-50 (4.2x100м),Публічна картка товару Mizol; детальні параметри перевіряйте за посиланням,,https://mizol.ua/47253-agrovolokno-greentex-p-50-42x100m
Агроволокно Greentex p-50 (6.35x100м),Агроволокно Greentex p-50 (6.35x100м),Публічна картка товару Mizol; детальні параметри перевіряйте за посиланням,,https://mizol.ua/47254-agrovolokno-greentex-p-50-635x100m
Агроволокно Greentex р-19 (1.6х10м),Агроволокно Greentex р-19 (1.6х10м),Публічна картка товару Mizol; детальні параметри перевіряйте за посиланням,,https://mizol.ua/39318-agrovolokno-greentex-r-19-16h10m
Агроволокно Greentex р-23 (1.6х10м),Агроволокно Greentex р-23 (1.6х10м),Публічна картка товару Mizol; детальні параметри перевіряйте за посиланням,,https://mizol.ua/39320-agrovolokno-greentex-r-23-16h10m
Агроволокно Greentex р-23 (3.2х10м),Агроволокно Greentex р-23 (3.2х10м),Публічна картка товару Mizol; детальні параметри перевіряйте за посиланням,,https://mizol.ua/39321-agrovolokno-greentex-r-23-32h10m
Агроволокно Greentex р-30 (1.6х10м),Агроволокно Greentex р-30 (1.6х10м),Публічна картка товару Mizol; детальні параметри перевіряйте за посиланням,,https://mizol.ua/39322-agrovolokno-greentex-r-30-16h10m
Агроволокно Greentex р-30 (3.2х10м),Агроволокно Greentex р-30 (3.2х10м),Публічна картка товару Mizol; детальні параметри перевіряйте за посиланням,,https://mizol.ua/39323-agrovolokno-greentex-r-30-32h10m
Агроволокно Greentex р-50 (1.6х10м),Агроволокно Greentex р-50 (1.6х10м),Публічна картка товару Mizol; детальні параметри перевіряйте за посиланням,,https://mizol.ua/39324-agrovolokno-greentex-r-50-16h10m
Агроволокно Greentex р-50 (3.2х10м),Агроволокно Greentex р-50 (3.2х10м),Публічна картка товару Mizol; детальні параметри перевіряйте за посиланням,,https://mizol.ua/39325-agrovolokno-greentex-r-50-32h10m
Агроволокно; 50 г/м2 (3.2x100м) черное,Агроволокно; 50 г/м2 (3.2x100м) черное,Публічна картка товару Mizol; детальні параметри перевіряйте за посиланням,,https://mizol.ua/30899-agrovolokno--50-gm2-32x100m-chernoe
Агроволокно; плотность 50 г/м2 (1.05x100м) черное,Агроволокно; плотность 50 г/м2 (1.05x100м) черное,Публічна картка товару Mizol; детальні параметри перевіряйте за посиланням,,https://mizol.ua/30897-agrovolokno-plotnosty-50-gm2-105x100m-chernoe
Агроволокно; плотность 50 г/м2 (1.6x100м) черное,Агроволокно; плотность 50 г/м2 (1.6x100м) черное,Публічна картка товару Mizol; детальні параметри перевіряйте за посиланням,,https://mizol.ua/30898-agrovolokno-plotnosty-50-gm2-16x100m-chernoe
Агроволокно; плотность 50 г/м2 (1.6х10м) черное,Агроволокно; плотность 50 г/м2 (1.6х10м) черное,Публічна картка товару Mizol; детальні параметри перевіряйте за посиланням,,https://mizol.ua/39326-agrovolokno-plotnosty-50-gm2-16h10m-chernoe
Агроволокно; плотность 50 г/м2 (3.2х10м) черное,Агроволокно; плотность 50 г/м2 (3.2х10м) черное,Публічна картка товару Mizol; детальні параметри перевіряйте за посиланням,,https://mizol.ua/39327-agrovolokno-plotnosty-50-gm2-32h10m-chernoe
Агроткань Agrocover 100 г/м2 3.30x100 м слож.,Агроткань Agrocover 100 г/м2 3.30x100 м слож.,Публічна картка товару Mizol; детальні параметри перевіряйте за посиланням,,https://mizol.ua/103048-agrotkany-agrocover-100-gm2--330x100-m-slogh
Агроткань Agrocover 100 г/м2 1.05x100 м черная,Агроткань Agrocover 100 г/м2 1.05x100 м черная,Публічна картка товару Mizol; детальні параметри перевіряйте за посиланням,,https://mizol.ua/103044-agrotkany-agrocover-100-gm2-105x100-m-chernaya
Агроткань Agrocover 100 г/м2 1.65x100 м,Агроткань Agrocover 100 г/м2 1.65x100 м,Публічна картка товару Mizol; детальні параметри перевіряйте за посиланням,,https://mizol.ua/103045-agrotkany-agrocover-100-gm2-165x100-m
Агроткань Agrocover 100 г/м2 2.10x100 м белая,Агроткань Agrocover 100 г/м2 2.10x100 м белая,Публічна картка товару Mizol; детальні параметри перевіряйте за посиланням,,https://mizol.ua/103047-agrotkany-agrocover-100-gm2-210x100-m-belaya
Агроткань Agrocover 100 г/м2 2.10x100 м черная,Агроткань Agrocover 100 г/м2 2.10x100 м черная,Публічна картка товару Mizol; детальні параметри перевіряйте за посиланням,,https://mizol.ua/103046-agrotkany-agrocover-100-gm2-210x100-m-chernaya
Агроткань Agrocover 100 г/м2 4.20x100 м черная,Агроткань Agrocover 100 г/м2 4.20x100 м черная,Публічна картка товару Mizol; детальні параметри перевіряйте за посиланням,,https://mizol.ua/103049-agrotkany-agrocover-100-gm2-420x100-m-chernaya
Агроткань Agrojutex 100 g/m2 5.25x100 m черная,Агроткань Agrojutex 100 g/m2 5.25x100 m черная,Публічна картка товару Mizol; детальні параметри перевіряйте за посиланням,,https://mizol.ua/103050-agrotkany-agrojutex-100-gm2-525x100-m-chernaya
Агрошпалера POLIFORT 1;8мм; 10кг; 2500 м,Агрошпалера POLIFORT 1;8мм; 10кг; 2500 м,Публічна картка товару Mizol; детальні параметри перевіряйте за посиланням,,https://mizol.ua/64986-agroshpalera-polifort-18mm-10kg-2500-m
Агрошпалера POLIFORT 2;2мм; 10кг; 1800м,Агрошпалера POLIFORT 2;2мм; 10кг; 1800м,Публічна картка товару Mizol; детальні параметри перевіряйте за посиланням,,https://mizol.ua/63794-agroshpalera-polifort-22mm-10kg-1800m
Агрошпалера POLIFORT 2;6мм; 10кг; 1400м,Агрошпалера POLIFORT 2;6мм; 10кг; 1400м,Публічна картка товару Mizol; детальні параметри перевіряйте за посиланням,,https://mizol.ua/63795-agroshpalera-polifort-26mm-10kg-1400m
Агрошпалера POLIFORT 3;0мм; 10кг; 1000м,Агрошпалера POLIFORT 3;0мм; 10кг; 1000м,Публічна картка товару Mizol; детальні параметри перевіряйте за посиланням,,https://mizol.ua/63796-agroshpalera-polifort-30mm-10kg-1000m
Агрошпалера POLIFORT 4;0мм; 10кг; 600м,Агрошпалера POLIFORT 4;0мм; 10кг; 600м,Публічна картка товару Mizol; детальні параметри перевіряйте за посиланням,,https://mizol.ua/63797-agroshpalera-polifort-40mm-10kg-600m
Бітумна черепиця Cambridge Xpress (49) Earthone Cedar 2;17м2,бітумна черепиця,Публічна картка товару Mizol; детальні параметри перевіряйте за посиланням,,https://mizol.ua/285605-bitumna-cherepucya-cambridge-xpress-49-earthone-cedar-217m2
Бітумна черепиця Cambridge Xpress (51) Eastern Grey 2;17м2,бітумна черепиця,Публічна картка товару Mizol; детальні параметри перевіряйте за посиланням,,https://mizol.ua/285607-bitumna-cherepucya-cambridge-xpress-51-eastern-grey-217m2
Бітумна черепиця Cambridge Xpress (52) Dual Black 2;17м2,бітумна черепиця,Публічна картка товару Mizol; детальні параметри перевіряйте за посиланням,,https://mizol.ua/281587-bitumna-cherepucya-cambridge-xpress-52-dual-black-217m2
Базальтовая вата Rockwool Rockmin 100 мм (1000*600),теплоізоляція,Публічна картка товару Mizol; детальні параметри перевіряйте за посиланням,,https://mizol.ua/1708-bazalytovaya-vata-rockwool-rockmin-100-mm-1000600
Базальтовая вата Rockwool Rockmin 50 мм (1000*600),теплоізоляція,Публічна картка товару Mizol; детальні параметри перевіряйте за посиланням,,https://mizol.ua/16368-bazalytovaya-vata-rockwool-rockmin-50-mm-1000600
Базальтовая вата Rockwool Rockmin Plus 100 мм (1000*610),теплоізоляція,Публічна картка товару Mizol; детальні параметри перевіряйте за посиланням,,https://mizol.ua/21832-bazalytovaya-vata-rockwool-rockmin-plus-100-mm-1000610
Базальтовая вата Rockwool Rockmin Plus 50 мм (1000*610),теплоізоляція,Публічна картка товару Mizol; детальні параметри перевіряйте за посиланням,,https://mizol.ua/21831-bazalytovaya-vata-rockwool-rockmin-plus-50-mm-1000610
Базальтовая вата Rockwool Superrock 100 мм (1000*610),теплоізоляція,Публічна картка товару Mizol; детальні параметри перевіряйте за посиланням,,https://mizol.ua/20603-bazalytovaya-vata-rockwool-superrock-100-mm-1000610
Базальтовая вата Rockwool Superrock 50 мм (1000*610),теплоізоляція,Публічна картка товару Mizol; детальні параметри перевіряйте за посиланням,,https://mizol.ua/20604-bazalytovaya-vata-rockwool-superrock-50-mm-1000610
Балконна воронка SitaMini кутова з ПВХ фартухом (діаметр 75 мм),Балконна воронка SitaMini кутова з ПВХ фартухом (діаметр 75 мм),Публічна картка товару Mizol; детальні параметри перевіряйте за посиланням,,https://mizol.ua/208400-balkonna-voronka-sitamini-kutova-z-pvh-fartuhom-diametr-75-mm
Балконная / Террасная воронка из полиуретана SitaCompact вертикальная с битумным фартуком (диаметр 50 мм),Балконная / Террасная воронка из полиуретана SitaCompact вертикальная с битумным фартуком (диаметр 50 мм),Публічна картка товару Mizol; детальні параметри перевіряйте за посиланням,,https://mizol.ua/205626-balkonnaya--terrasnaya-voronka-uz-poluuretana-sitacompact-vertukalynaya-s-butumnym-fartukom-duametr-50-mm
Балконная / Террасная воронка из полиуретана SitaCompact вертикальная с ПВХ фартуком (диаметр 75 мм),Балконная / Террасная воронка из полиуретана SitaCompact вертикальная с ПВХ фартуком (диаметр 75 мм),Публічна картка товару Mizol; детальні параметри перевіряйте за посиланням,,https://mizol.ua/208398-balkonnaya--terrasnaya-voronka-uz-poluuretana-sitacompact-vertukalynaya-s-pvh-fartukom-duametr-75-mm
Балконная воронка SitaMini; вертикальная; из полиуретана; утепленная; с ввареным соединительным Битумным фартуком (300 мм x 300 мм); DN 50/70; с листоуловителем.,теплоізоляція,Публічна картка товару Mizol; детальні параметри перевіряйте за посиланням,,https://mizol.ua/208938-balkonnaya-voronka-sitamini-vertukalynaya-uz-poluuretana-uteplennaya-s-vvarenym-soedunutelynym-butumnym-fartukom-300-mm-x-300-mm--dn-5070-s-lustoulovutelem
Балконная воронка из полиуретана SitaMini вертикальная с ПВХ фартуком (диаметр 50/70 мм); с листоуловителем.,Балконная воронка из полиуретана SitaMini вертикальная с ПВХ фартуком (диаметр 50/70 мм); с листоуловителем.,Публічна картка товару Mizol; детальні параметри перевіряйте за посиланням,,https://mizol.ua/145943-balkonnaya-voronka-uz-poluuretana-sitamini-vertukalynaya-s-pvh-fartukom-duametr-5070-mm-s-lustoulovutelem
Балконная насадка SitaMini; с решеткой из нержавеющей стали 100 x 100 мм. Высота 30-80 мм.,Балконная насадка SitaMini; с решеткой из нержавеющей стали 100 x 100 мм. Высота 30-80 мм.,Публічна картка товару Mizol; детальні параметри перевіряйте за посиланням,,https://mizol.ua/208397-balkonnaya-nasadka-sitamini-s-reshetkoy-uz-nerghaveyuschey-stalu-100-x-100-mm-vysota-30-80-mm
Балконная/террасная воронка из полиуретана Sita Compact угловая с ПВХ-фартуком (диаметр 50 мм).,Балконная/террасная воронка из полиуретана Sita Compact угловая с ПВХ-фартуком (диаметр 50 мм).,Публічна картка товару Mizol; детальні параметри перевіряйте за посиланням,,https://mizol.ua/82064-balkonnayaterrasnaya-voronka-uz-poluuretana-sita-compact-uglovaya-s-pvh-fartukom-duametr-50-mm
Битумная черепица Armourshield Plus (01) Black,бітумна черепиця,Публічна картка товару Mizol; детальні параметри перевіряйте за посиланням,,https://mizol.ua/121449-butumnaya-cherepuca-armourshield-plus-01-black
Битумная черепица Armourshield Plus (23) Amazon Green Ultra,бітумна черепиця,Публічна картка товару Mizol; детальні параметри перевіряйте за посиланням,,https://mizol.ua/121451-butumnaya-cherepuca-armourshield-plus-23-amazon-green-ultra
Битумная черепица Armourshield Plus (26) Chapel Grey Ultra,бітумна черепиця,Публічна картка товару Mizol; детальні параметри перевіряйте за посиланням,,https://mizol.ua/121452-butumnaya-cherepuca-armourshield-plus-26-chapel-grey-ultra
Битумная черепица Armourshield Plus (28) Granite Grey Ultra,бітумна черепиця,Публічна картка товару Mizol; детальні параметри перевіряйте за посиланням,,https://mizol.ua/121454-butumnaya-cherepuca-armourshield-plus-28-granite-grey-ultra
Битумная черепица Monarch 4TAB (31) Slate,бітумна черепиця,Публічна картка товару Mizol; детальні параметри перевіряйте за посиланням,,https://mizol.ua/78492-butumnaya-cherepuca-monarch-4tab-31-slate
Битумная черепица Number One 3Tab (10) Tile Red,бітумна черепиця,Публічна картка товару Mizol; детальні параметри перевіряйте за посиланням,,https://mizol.ua/14076-butumnaya-cherepuca-number-one-3tab-10-tile-red
Битумная черепица Superglass 3 TAB (31) Slate,бітумна черепиця,Публічна картка товару Mizol; детальні параметри перевіряйте за посиланням,,https://mizol.ua/78463-butumnaya-cherepuca-superglass-3-tab-31-slate
Битумная черепица Superglass 3T (10) Tile Red,бітумна черепиця,Публічна картка товару Mizol; детальні параметри перевіряйте за посиланням,,https://mizol.ua/78462-butumnaya-cherepuca-superglass-3t-10-tile-red
Битумная черепица Superglass Biber (10) Tile Red,бітумна черепиця,Публічна картка товару Mizol; детальні параметри перевіряйте за посиланням,,https://mizol.ua/78313-butumnaya-cherepuca-superglass-biber-10-tile-red
Битумная черепица Superglass Hex (10) Tile Red,бітумна черепиця,Публічна картка товару Mizol; детальні параметри перевіряйте за посиланням,,https://mizol.ua/52196-butumnaya-cherepuca-superglass-hex-10-tile-red
Блокирующий элемент SOPRASOLAR FIX EVO,Блокирующий элемент SOPRASOLAR FIX EVO,Публічна картка товару Mizol; детальні параметри перевіряйте за посиланням,,https://mizol.ua/147871-blokuruyuschuy-element-soprasolar-fix-evo%09
Вентиляционная сетка свеса 100х5000 коричневый ES,Вентиляционная сетка свеса 100х5000 коричневый ES,Публічна картка товару Mizol; детальні параметри перевіряйте за посиланням,,https://mizol.ua/245681-ventulyacuonnaya-setka-svesa-100h5000-koruchnevyy-es
Вентиляционная сетка свеса 100х5000 мм черный ES,Вентиляционная сетка свеса 100х5000 мм черный ES,Публічна картка товару Mizol; детальні параметри перевіряйте за посиланням,,https://mizol.ua/245680-ventulyacuonnaya-setka-svesa-100h5000-mm-chernyy-es
Вентиляционный эл-т Armourvent Special черн. (пласт.),Вентиляционный эл-т Armourvent Special черн. (пласт.),Публічна картка товару Mizol; детальні параметри перевіряйте за посиланням,,https://mizol.ua/23219-ventulyacuonnyy-el-t-armourvent-special-chern-plast
Вентиляционный эл-т Armourvent Standart коричн.,Вентиляционный эл-т Armourvent Standart коричн.,Публічна картка товару Mizol; детальні параметри перевіряйте за посиланням,,https://mizol.ua/12273-ventulyacuonnyy-el-t-armourvent-standart-koruchn
Вентиляционный эл-т VентПоинт чорн,Вентиляционный эл-т VентПоинт чорн,Публічна картка товару Mizol; детальні параметри перевіряйте за посиланням,,https://mizol.ua/69689-ventulyacuonnyy-el-t-ventpount-chorn
Вентиляционный элемент конька Armourvent Multi Plus,Вентиляционный элемент конька Armourvent Multi Plus,Публічна картка товару Mizol; детальні параметри перевіряйте за посиланням,,https://mizol.ua/15151-ventulyacuonnyy-element-konyka-armourvent-multi-plus
Вентиляционный элемент конька VentЛайн,Вентиляционный элемент конька VentЛайн,Публічна картка товару Mizol; детальні параметри перевіряйте за посиланням,,https://mizol.ua/35115-ventulyacuonnyy-element-konyka-ventlayn
Вентсетка на свес 100х5000 мм коричневый,Вентсетка на свес 100х5000 мм коричневый,Публічна картка товару Mizol; детальні параметри перевіряйте за посиланням,,https://mizol.ua/1541-ventsetka-na-sves-100h5000-mm-koruchnevyy
Верхняя часть для точечного дренажа HAURATON Recyfix Point 30/30 (300х 120х 300) из PР высотой 120мм,дренажний матеріал,Публічна картка товару Mizol; детальні параметри перевіряйте за посиланням,,https://mizol.ua/22691-verhnyaya-chasty-dlya-tochechnogo-drenagha-hauraton-recyfix-point-3030-300h-120h-300-uz-pr-vysotoy-120mm
Ветро и гидроизоляционная мембрана Ветробарьєр,мембрана,Публічна картка товару Mizol; детальні параметри перевіряйте за посиланням,,https://mizol.ua/1173-vetro-u-gudrouzolyacuonnaya-membrana-vetrobaryer
Ветрозащитная мембрана Ветробарьер WB,мембрана,Публічна картка товару Mizol; детальні параметри перевіряйте за посиланням,,https://mizol.ua/22899-vetrozaschutnaya-membrana-vetrobaryer-wb
Випускная труба SitaMore длинна 500 мм (диаметр 110 мм),труба,Публічна картка товару Mizol; детальні параметри перевіряйте за посиланням,,https://mizol.ua/79021-vupusknaya-truba-sitamore-dlunna-500-mm-duametr-110-mm
Внешний угол 90° ПВХ Flagon 145/145/145,Внешний угол 90° ПВХ Flagon 145/145/145,Публічна картка товару Mizol; детальні параметри перевіряйте за посиланням,,https://mizol.ua/45242-vneshnuy-ugol-90--pvh-flagon-145145145
Внешний угол ПВХ Flagon 95/95/95 мм,Внешний угол ПВХ Flagon 95/95/95 мм,Публічна картка товару Mizol; детальні параметри перевіряйте за посиланням,,https://mizol.ua/45144-vneshnuy-ugol-pvh-flagon-959595-mm
Внутренний угол ПВХ Flagon 145/145/145 мм,Внутренний угол ПВХ Flagon 145/145/145 мм,Публічна картка товару Mizol; детальні параметри перевіряйте за посиланням,,https://mizol.ua/45237-vnutrennuy-ugol-pvh-flagon-145145145-mm
Внутренний угол ПВХ Flagon 95/95/95 мм,Внутренний угол ПВХ Flagon 95/95/95 мм,Публічна картка товару Mizol; детальні параметри перевіряйте за посиланням,,https://mizol.ua/45157-vnutrennuy-ugol-pvh-flagon-959595-mm
Воронка дренажна ТПО Flagon діаметром 100 мм; вісотою 240 мм,дренажний матеріал,Публічна картка товару Mizol; детальні параметри перевіряйте за посиланням,,https://mizol.ua/45953-voronka-drenaghna-tpo-flagon-diametrom-100-mm-visotoyu-240-mm
Воронка дренажна ТПО Flagon діаметром 110 мм; висотою 240 мм,дренажний матеріал,Публічна картка товару Mizol; детальні параметри перевіряйте за посиланням,,https://mizol.ua/80798-voronka-drenaghna-tpo-flagon-diametrom-110-mm-vusotoyu-240-mm
Воронка переливна ПВХ TEXSA 65 х 100 мм,Воронка переливна ПВХ TEXSA 65 х 100 мм,Публічна картка товару Mizol; детальні параметри перевіряйте за посиланням,,https://mizol.ua/45206-voronka-pereluvna-pvh-texsa-65-h-100-mm
Выпускная труба SitaMore длинной 500 мм (диаметр 75 мм),труба,Публічна картка товару Mizol; детальні параметри перевіряйте за посиланням,,https://mizol.ua/122081-vypusknaya-truba-sitamore-dlunnoy-500-mm-duametr-75-mm
Выпускная труба SitaMore длиной 1000 мм (диаметр 110 мм),труба,Публічна картка товару Mizol; детальні параметри перевіряйте за посиланням,,https://mizol.ua/122082-vypusknaya-truba-sitamore-dlunoy-1000-mm-duametr-110-mm
Гвозди кольцевые,Гвозди кольцевые,Публічна картка товару Mizol; детальні параметри перевіряйте за посиланням,,https://mizol.ua/33688-gvozdu-kolycevye
Геоматериал Greentex р-100 (1.6х100м) черный,Геоматериал Greentex р-100 (1.6х100м) черный,Публічна картка товару Mizol; детальні параметри перевіряйте за посиланням,,https://mizol.ua/39075-geomaterual-greentex-r-100-16h100m-chernyy
Геоматериал Greentex р-100 (1.6х10м) чорный,Геоматериал Greentex р-100 (1.6х10м) чорный,Публічна картка товару Mizol; детальні параметри перевіряйте за посиланням,,https://mizol.ua/59216-geomaterual-greentex-r-100-16h10m-chornyy
Геотекстиль DuPont Typar SF-27,геотекстиль,Публічна картка товару Mizol; детальні параметри перевіряйте за посиланням,,https://mizol.ua/37249-geotekstuly-dupont-typar-sf-27
Геотекстиль DuPont Typar SF-32,геотекстиль,Публічна картка товару Mizol; детальні параметри перевіряйте за посиланням,,https://mizol.ua/1161-geotekstuly-dupont-typar-sf-32
Геотекстиль DuPont Typar SF-40,геотекстиль,Публічна картка товару Mizol; детальні параметри перевіряйте за посиланням,,https://mizol.ua/1162-geotekstuly-dupont-typar-sf-40
Геотекстиль DuPont Typar SF-56,геотекстиль,Публічна картка товару Mizol; детальні параметри перевіряйте за посиланням,,https://mizol.ua/4574-geotekstuly-dupont-typar-sf-56
Геотекстиль Tipptex Black Strong 200 (1;5x25 м),геотекстиль,Публічна картка товару Mizol; детальні параметри перевіряйте за посиланням,,https://mizol.ua/82182-geotekstuly-tipptex-black-strong-200-15x25-m
Герметик Теналюкс 112М (600 мл),Герметик Теналюкс 112М (600 мл),Публічна картка товару Mizol; детальні параметри перевіряйте за посиланням,,https://mizol.ua/22309-germetuk-tenalyuks-112m-600-ml
Гидропояс HDPE мауерлат,Гидропояс HDPE мауерлат,Публічна картка товару Mizol; детальні параметри перевіряйте за посиланням,,https://mizol.ua/39312-gudropoyas-hdpe-mauerlat
Гидропояс HDPE фундамент,Гидропояс HDPE фундамент,Публічна картка товару Mizol; детальні параметри перевіряйте за посиланням,,https://mizol.ua/39315-gudropoyas-hdpe-fundament
Гребень на свес плоский 60х1000мм коричневый,Гребень на свес плоский 60х1000мм коричневый,Публічна картка товару Mizol; детальні параметри перевіряйте за посиланням,,https://mizol.ua/4565-grebeny-na-sves-ploskuy-60h1000mm-koruchnevyy
Гребень свеса плоский 60х1000 мм коричневый ES,Гребень свеса плоский 60х1000 мм коричневый ES,Публічна картка товару Mizol; детальні параметри перевіряйте за посиланням,,https://mizol.ua/245678-grebeny-svesa-ploskuy-60h1000-mm-koruchnevyy-es
Держатель трубы Regenau метал. 100 L 100 коричневый,Держатель трубы Regenau метал. 100 L 100 коричневый,Публічна картка товару Mizol; детальні параметри перевіряйте за посиланням,,https://mizol.ua/166087-derghately-truby-regenau-metal-100-l-100-koruchnevyy
Держатель трубы Regenau метал. 100 L 160 белый,Держатель трубы Regenau метал. 100 L 160 белый,Публічна картка товару Mizol; детальні параметри перевіряйте за посиланням,,https://mizol.ua/166088-derghately-truby-regenau-metal-100-l-160-belyy
Держатель трубы Regenau метал. 100 L 160 графит,Держатель трубы Regenau метал. 100 L 160 графит,Публічна картка товару Mizol; детальні параметри перевіряйте за посиланням,,https://mizol.ua/166089-derghately-truby-regenau-metal-100-l-160-grafut
Держатель трубы Regenau металл. 100 L 100 белый,Держатель трубы Regenau металл. 100 L 100 белый,Публічна картка товару Mizol; детальні параметри перевіряйте за посиланням,,https://mizol.ua/166085-derghately-truby-regenau-metall-100-l-100-belyy
Держатель трубы Regenau металл. 100 L 100 графит,Держатель трубы Regenau металл. 100 L 100 графит,Публічна картка товару Mizol; детальні параметри перевіряйте за посиланням,,https://mizol.ua/166086-derghately-truby-regenau-metall-100-l-100-grafut
Держатель трубы Regenau металл. 100 L 160 коричневый,Держатель трубы Regenau металл. 100 L 160 коричневый,Публічна картка товару Mizol; детальні параметри перевіряйте за посиланням,,https://mizol.ua/166090-derghately-truby-regenau-metall-100-l-160-koruchnevyy
Держатель трубы Regenau металл. 100 L 220 белый,Держатель трубы Regenau металл. 100 L 220 белый,Публічна картка товару Mizol; детальні параметри перевіряйте за посиланням,,https://mizol.ua/166091-derghately-truby-regenau-metall-100-l-220-belyy
Держатель трубы Regenau металл. 100 L 220 графит,Держатель трубы Regenau металл. 100 L 220 графит,Публічна картка товару Mizol; детальні параметри перевіряйте за посиланням,,https://mizol.ua/166092-derghately-truby-regenau-metall-100-l-220-grafut
Держатель трубы Regenau металл. 100 L 220 коричневый,Держатель трубы Regenau металл. 100 L 220 коричневый,Публічна картка товару Mizol; детальні параметри перевіряйте за посиланням,,https://mizol.ua/166093-derghately-truby-regenau-metall-100-l-220-koruchnevyy
Дренажна труба GeoDrain 100 мм (бухта 50м),дренажний матеріал,Публічна картка товару Mizol; детальні параметри перевіряйте за посиланням,,https://mizol.ua/259731-drenaghna-truba-geodrain-100-mm-buhta-50m
Дренажна труба GeoDrain 100 мм c геотекстилем (бухта 50м),геотекстиль,Публічна картка товару Mizol; детальні параметри перевіряйте за посиланням,,https://mizol.ua/294192-drenaghna-truba-geodrain-100-mm-c-geotekstulem-buhta-50m
Дренажна труба GeoDrain 160 мм (бухта 50м),дренажний матеріал,Публічна картка товару Mizol; детальні параметри перевіряйте за посиланням,,https://mizol.ua/259729-drenaghna-truba-geodrain-160-mm-buhta-50m
Дренажна труба GeoDrain 160 мм c геотекстилем (бухта 50 м),геотекстиль,Публічна картка товару Mizol; детальні параметри перевіряйте за посиланням,,https://mizol.ua/253085-drenaghna-truba-geodrain-160-mm-c-geotekstulem-buhta-50-m
Дренажная решетка SitaDrain Terra 300x300 мм,дренажний матеріал,Публічна картка товару Mizol; детальні параметри перевіряйте за посиланням,,https://mizol.ua/82622-drenaghnaya-reshetka-sitadrain-terra-300x300-mm
ЕНДОВНЫЙ КОВЕР ARMOURVALLEY (07) DUAL BROWN,ЕНДОВНЫЙ КОВЕР ARMOURVALLEY (07) DUAL BROWN,Публічна картка товару Mizol; детальні параметри перевіряйте за посиланням,,https://mizol.ua/12357-endovnyy-kover-armourvalley-07-dual-brown
Ендовный ковер Armourvalley (31) Slate,Ендовный ковер Armourvalley (31) Slate,Публічна картка товару Mizol; детальні параметри перевіряйте за посиланням,,https://mizol.ua/17004-endovnyy-kover-armourvalley-31-slate
Ендовый материал Armourvalley 7.5m #10 T.Red,Ендовый материал Armourvalley 7.5m #10 T.Red,Публічна картка товару Mizol; детальні параметри перевіряйте за посиланням,,https://mizol.ua/14078-endovyy-materual-armourvalley-75m-10-tred
Ендовый материал Armourvalley Am Green 03,Ендовый материал Armourvalley Am Green 03,Публічна картка товару Mizol; детальні параметри перевіряйте за посиланням,,https://mizol.ua/53059-endovyy-materual-armourvalley-am-green-03
Жолоб HAURATON TOP Х (119 х 89 х 1000); PР-PЕ (черный); с оцинк. решеткой щелевой (SW 9мм); кл. CAR TRAFFIC; 1м.п.,Жолоб HAURATON TOP Х (119 х 89 х 1000); PР-PЕ (черный); с оцинк. решеткой щелевой (SW 9мм); кл. CAR TRAFFIC; 1м.п.,Публічна картка товару Mizol; детальні параметри перевіряйте за посиланням,,https://mizol.ua/28243-gholob-hauraton-top-h-119-h-89-h-1000-pr-pe-chernyy-s-ocunk-reshetkoy-schelevoy-sw-9mm-kl-car-traffic-1mp
Жолоб HAURATON TOP Х (119 х 89 х 1000); PР-PЕ (черный); с решеткой PP -copo прямоуг. отв. (MW 8/21); кл. CAR TRAFFIC; 1м.п.,Жолоб HAURATON TOP Х (119 х 89 х 1000); PР-PЕ (черный); с решеткой PP -copo прямоуг. отв. (MW 8/21); кл. CAR TRAFFIC; 1м.п.,Публічна картка товару Mizol; детальні параметри перевіряйте за посиланням,,https://mizol.ua/28244-gholob-hauraton-top-h-119-h-89-h-1000-pr-pe-chernyy-s-reshetkoy-pp--copo-pryamoug-otv-mw-821-kl-car-traffic-1mp-
Защита от попадания листьев SitaEasy,Защита от попадания листьев SitaEasy,Публічна картка товару Mizol; детальні параметри перевіряйте за посиланням,,https://mizol.ua/69720-zaschuta-ot-popadanuya-lustyev-sitaeasy-
Кембрик для подвязывания растений GrondMeester; диам. 4мм; 1кг,Кембрик для подвязывания растений GrondMeester; диам. 4мм; 1кг,Публічна картка товару Mizol; детальні параметри перевіряйте за посиланням,,https://mizol.ua/41841-kembruk-dlya-podvyazyvanuya-rastenuy-grondmeester-duam-4mm-1kg-
Кембрик для подвязывания растений GrondMeester; ПВХ диам. 5мм; 1кг,Кембрик для подвязывания растений GrondMeester; ПВХ диам. 5мм; 1кг,Публічна картка товару Mizol; детальні параметри перевіряйте за посиланням,,https://mizol.ua/45493-kembruk-dlya-podvyazyvanuya-rastenuy-grondmeester-pvh-duam-5mm-1kg-
Кембрик для подвязывания растений GrondMeester; ПВХ диам. 6 мм; 1кг,Кембрик для подвязывания растений GrondMeester; ПВХ диам. 6 мм; 1кг,Публічна картка товару Mizol; детальні параметри перевіряйте за посиланням,,https://mizol.ua/46887-kembruk-dlya-podvyazyvanuya-rastenuy-grondmeester-pvh-duam-6-mm-1kg-
Кембрик для подвязывания растений; диам. 3мм; 1кг,Кембрик для подвязывания растений; диам. 3мм; 1кг,Публічна картка товару Mizol; детальні параметри перевіряйте за посиланням,,https://mizol.ua/33694-kembruk-dlya-podvyazyvanuya-rastenuy--duam-3mm-1kg
Клей IKO Plastal 5 кг,Клей IKO Plastal 5 кг,Публічна картка товару Mizol; детальні параметри перевіряйте за посиланням,,https://mizol.ua/12271-kley-iko-plastal-5-kg
Клей Plastal Stick 310 ml,Клей Plastal Stick 310 ml,Публічна картка товару Mizol; детальні параметри перевіряйте за посиланням,,https://mizol.ua/12278-kley-plastal-stick-310-ml
Колено 67.5° Regenau 100 белое,Колено 67.5° Regenau 100 белое,Публічна картка товару Mizol; детальні параметри перевіряйте за посиланням,,https://mizol.ua/166058-koleno-675--regenau-100-beloe
Колено 67.5° Regenau 100 графит,Колено 67.5° Regenau 100 графит,Публічна картка товару Mizol; детальні параметри перевіряйте за посиланням,,https://mizol.ua/166059-koleno-675--regenau-100-grafut
Колено 67.5° Regenau 100 коричневое,Колено 67.5° Regenau 100 коричневое,Публічна картка товару Mizol; детальні параметри перевіряйте за посиланням,,https://mizol.ua/166060-koleno-675--regenau-100-koruchnevoe
Колено 67.5° Regenau 80 белый,Колено 67.5° Regenau 80 белый,Публічна картка товару Mizol; детальні параметри перевіряйте за посиланням,,https://mizol.ua/166055-koleno-675--regenau-80-belyy
Колено 67.5° Regenau 80 графит,Колено 67.5° Regenau 80 графит,Публічна картка товару Mizol; детальні параметри перевіряйте за посиланням,,https://mizol.ua/166056-koleno-675--regenau-80-grafut
Колено 67.5° Regenau 80 коричневый,Колено 67.5° Regenau 80 коричневый,Публічна картка товару Mizol; детальні параметри перевіряйте за посиланням,,https://mizol.ua/166057-koleno-675--regenau-80-koruchnevyy
Колено 87.5° Regenau 100 белое,Колено 87.5° Regenau 100 белое,Публічна картка товару Mizol; детальні параметри перевіряйте за посиланням,,https://mizol.ua/166064-koleno-875--regenau-100-beloe
Колено 87.5° Regenau 100 графит,Колено 87.5° Regenau 100 графит,Публічна картка товару Mizol; детальні параметри перевіряйте за посиланням,,https://mizol.ua/166065-koleno-875--regenau-100-grafut
Колено 87.5° Regenau 100 коричневое,Колено 87.5° Regenau 100 коричневое,Публічна картка товару Mizol; детальні параметри перевіряйте за посиланням,,https://mizol.ua/166066-koleno-875--regenau-100-koruchnevoe
Колено 87.5° Regenau 80 белый,Колено 87.5° Regenau 80 белый,Публічна картка товару Mizol; детальні параметри перевіряйте за посиланням,,https://mizol.ua/166061-koleno-875--regenau-80-belyy
Колено 87.5° Regenau 80 графит,Колено 87.5° Regenau 80 графит,Публічна картка товару Mizol; детальні параметри перевіряйте за посиланням,,https://mizol.ua/166062-koleno-875--regenau-80-grafut
Колено 87.5° Regenau 80 коричневый,Колено 87.5° Regenau 80 коричневый,Публічна картка товару Mizol; детальні параметри перевіряйте за посиланням,,https://mizol.ua/166063-koleno-875--regenau-80-koruchnevyy
Колено GeoDrain 100 мм,Колено GeoDrain 100 мм,Публічна картка товару Mizol; детальні параметри перевіряйте за посиланням,,https://mizol.ua/259734-koleno-geodrain-100-mm
Колено ПВХ наружной канализации Magnaplast Ø110/45°,Колено ПВХ наружной канализации Magnaplast Ø110/45°,Публічна картка товару Mizol; детальні параметри перевіряйте за посиланням,,https://mizol.ua/253521-koleno-pvh-narughnoy-kanaluzacuu-magnaplast-%C3%B811045-
Колено ПП внутренней канализации Magnaplast HT Plus 110/45°,Колено ПП внутренней канализации Magnaplast HT Plus 110/45°,Публічна картка товару Mizol; детальні параметри перевіряйте за посиланням,,https://mizol.ua/261296-koleno-pp-vnutrenney-kanaluzacuu-magnaplast-ht-plus-11045-
Колодец сливной 75/100 боковой,Колодец сливной 75/100 боковой,Публічна картка товару Mizol; детальні параметри перевіряйте за посиланням,,https://mizol.ua/1322-kolodec-sluvnoy-75100-bokovoy
Колпачок к флюгарке Flagon усилений,Колпачок к флюгарке Flagon усилений,Публічна картка товару Mizol; детальні параметри перевіряйте за посиланням,,https://mizol.ua/45247-kolpachok-k-flyugarke-flagon-usulenuy-
Комплект Vario Term; Standard тип V; Prestige; угловой; белый; PRNYGS0206C/FK (with nipples),Комплект Vario Term; Standard тип V; Prestige; угловой; белый; PRNYGS0206C/FK (with nipples),Публічна картка товару Mizol; детальні параметри перевіряйте за посиланням,,https://mizol.ua/126409-komplekt-vario-term-standard-tup-v-prestige-uglovoy-belyy-prnygs0206cfk-with-nipples
Комплект Vario Term; Standard тип V; Trendy; прямой; PRNYGS05106C/FP (with nipples),Комплект Vario Term; Standard тип V; Trendy; прямой; PRNYGS05106C/FP (with nipples),Публічна картка товару Mizol; детальні параметри перевіряйте за посиланням,,https://mizol.ua/211958-komplekt-vario-term-standard-tup-v-trendy-pryamoy-prnygs05106cfp-with-nipples
Комплект Vario Term; Standard тип V; Trendy; угловой; PRNYGS05106C/FK (with nipples),Комплект Vario Term; Standard тип V; Trendy; угловой; PRNYGS05106C/FK (with nipples),Публічна картка товару Mizol; детальні параметри перевіряйте за посиланням,,https://mizol.ua/129590-komplekt-vario-term-standard-tup-v-trendy-uglovoy-prnygs05106cfk-with-nipples
Комплект аксессуаров 1: глухие заглушки (2 шт.) и вертик. выпуск,Комплект аксессуаров 1: глухие заглушки (2 шт.) и вертик. выпуск,Публічна картка товару Mizol; детальні параметри перевіряйте за посиланням,,https://mizol.ua/28245-komplekt-aksessuarov-1%3A-gluhue-zaglushku-2-sht-u-vertuk-vypusk
Комплект регулировочный Vario Term; Swing 2; прямой; ZI00/FР,Комплект регулировочный Vario Term; Swing 2; прямой; ZI00/FР,Публічна картка товару Mizol; детальні параметри перевіряйте за посиланням,,https://mizol.ua/102323-komplekt-regulurovochnyy-vario-term-swing-2-pryamoy-zi00fr
Комплект регулировочный Vario Term; Swing 2; угловой; ZI00/FK,Комплект регулировочный Vario Term; Swing 2; угловой; ZI00/FK,Публічна картка товару Mizol; детальні параметри перевіряйте за посиланням,,https://mizol.ua/102322-komplekt-regulurovochnyy-vario-term-swing-2-uglovoy-zi00fk
Комплект термостатический Vario Term; Axi економічний Trendy; аксиальний; AXIGS05106С,Комплект термостатический Vario Term; Axi економічний Trendy; аксиальний; AXIGS05106С,Публічна картка товару Mizol; детальні параметри перевіряйте за посиланням,,https://mizol.ua/129843-komplekt-termostatucheskuy-vario-term-axi-ekonomichnuy-trendy-aksualynuy-axigs05106s
Комплект термостатический Vario Term; Econ PLUS; угловой; EGS0206C/FK,Комплект термостатический Vario Term; Econ PLUS; угловой; EGS0206C/FK,Публічна картка товару Mizol; детальні параметри перевіряйте за посиланням,,https://mizol.ua/103625-komplekt-termostatucheskuy-vario-term-econ-plus-uglovoy-egs0206cfk
Комплект термостатический Vario Term; Econ PRESTIGE; прямой; EGS0206C/FP,Комплект термостатический Vario Term; Econ PRESTIGE; прямой; EGS0206C/FP,Публічна картка товару Mizol; детальні параметри перевіряйте за посиланням,,https://mizol.ua/103626-komplekt-termostatucheskuy-vario-term-econ-prestige-pryamoy-egs0206cfp
Комплект термостатический Vario Term; Econ Trendy; прямый; EGS05106C/FP,Комплект термостатический Vario Term; Econ Trendy; прямый; EGS05106C/FP,Публічна картка товару Mizol; детальні параметри перевіряйте за посиланням,,https://mizol.ua/211955-komplekt-termostatucheskuy-vario-term-econ-trendy-pryamyy-egs05106cfp
Комплект термостатический Vario Term; Econ Trendy; угловой; EGS05106C/FK,Комплект термостатический Vario Term; Econ Trendy; угловой; EGS05106C/FK,Публічна картка товару Mizol; детальні параметри перевіряйте за посиланням,,https://mizol.ua/129589-komplekt-termostatucheskuy-vario-term-econ-trendy-uglovoy-egs05106cfk
Комплект термостатический Vario Term; Simple; прямой; SI00/FP,Комплект термостатический Vario Term; Simple; прямой; SI00/FP,Публічна картка товару Mizol; детальні параметри перевіряйте за посиланням,,https://mizol.ua/102325-komplekt-termostatucheskuy-vario-term-simple-pryamoy-si00fp
Комплект термостатический Vario Term; Simple; угловой; SI00/FK,Комплект термостатический Vario Term; Simple; угловой; SI00/FK,Публічна картка товару Mizol; детальні параметри перевіряйте за посиланням,,https://mizol.ua/102324-komplekt-termostatucheskuy-vario-term-simple-uglovoy-si00fk
Крестовина двухплоскостная внутренней канализации Magnaplast HT Plus 110/110/110/67°,Крестовина двухплоскостная внутренней канализации Magnaplast HT Plus 110/110/110/67°,Публічна картка товару Mizol; детальні параметри перевіряйте за посиланням,,https://mizol.ua/261330-krestovuna-dvuhploskostnaya-vnutrenney-kanaluzacuu-magnaplast-ht-plus-11011011067-
Кровельная воронка из полиуретана SitaStandard вертикальная с ПВХ-фартуком и системой обогрева (диаметр 160 мм),Кровельная воронка из полиуретана SitaStandard вертикальная с ПВХ-фартуком и системой обогрева (диаметр 160 мм),Публічна картка товару Mizol; детальні параметри перевіряйте за посиланням,,https://mizol.ua/69724-krovelynaya-voronka-uz-poluuretana-sitastandard-vertukalynaya-s-pvh-fartukom-u-sustemoy-obogreva-duametr-160-mm
Кровельная воронка из полиуретана SitaTrendy вертикальная; с битумным фартуком (диаметр 110 мм),Кровельная воронка из полиуретана SitaTrendy вертикальная; с битумным фартуком (диаметр 110 мм),Публічна картка товару Mizol; детальні параметри перевіряйте за посиланням,,https://mizol.ua/79015-krovelynaya-voronka-uz-poluuretana-sitatrendy-vertukalynaya-s-butumnym-fartukom-duametr-110-mm
Кровельная воронка из полиуретана SitaTrendy вертикальная; с битумным фартуком и системой обогрева (диаметр 110 мм),Кровельная воронка из полиуретана SitaTrendy вертикальная; с битумным фартуком и системой обогрева (диаметр 110 мм),Публічна картка товару Mizol; детальні параметри перевіряйте за посиланням,,https://mizol.ua/79017-krovelynaya-voronka-uz-poluuretana-sitatrendy-vertukalynaya-s-butumnym-fartukom-u-sustemoy-obogreva-duametr-110-mm
Кровельная воронка из полиуретана SitaTrendy вертикальная; с ПВХ-фартуком (диаметр 110 мм),Кровельная воронка из полиуретана SitaTrendy вертикальная; с ПВХ-фартуком (диаметр 110 мм),Публічна картка товару Mizol; детальні параметри перевіряйте за посиланням,,https://mizol.ua/69715-krovelynaya-voronka-uz-poluuretana-sitatrendy-vertukalynaya-s-pvh-fartukom-duametr-110-mm
Кровельная воронка из полиуретана SitaTrendy вертикальная; с ПВХ-фартуком и системой обогрева (диаметр 110 мм),Кровельная воронка из полиуретана SitaTrendy вертикальная; с ПВХ-фартуком и системой обогрева (диаметр 110 мм),Публічна картка товару Mizol; детальні параметри перевіряйте за посиланням,,https://mizol.ua/69716-krovelynaya-voronka-uz-poluuretana-sitatrendy-vertukalynaya-s-pvh-fartukom-u-sustemoy-obogreva-duametr-110-mm
Кровельная воронка из полиуретана SitaTrendy вертикальная; с ПВХ-фартуком и системой обогрева (диаметр 75 мм),Кровельная воронка из полиуретана SitaTrendy вертикальная; с ПВХ-фартуком и системой обогрева (диаметр 75 мм),Публічна картка товару Mizol; детальні параметри перевіряйте за посиланням,,https://mizol.ua/111864-krovelynaya-voronka-uz-poluuretana-sitatrendy-vertukalynaya-s-pvh-fartukom-u-sustemoy-obogreva-duametr-75-mm
Кровельная воронка из полиуретана SitaTrendy вертикальная; с прижимным фланцем (диаметр 110 мм),Кровельная воронка из полиуретана SitaTrendy вертикальная; с прижимным фланцем (диаметр 110 мм),Публічна картка товару Mizol; детальні параметри перевіряйте за посиланням,,https://mizol.ua/69717-krovelynaya-voronka-uz-poluuretana-sitatrendy-vertukalynaya-s-prughumnym-flancem-duametr-110-mm
Кровельная воронка из полиуретана SitaTrendy вертикальная; с прижимным фланцем и системой обогрева (диаметр 110 мм),Кровельная воронка из полиуретана SitaTrendy вертикальная; с прижимным фланцем и системой обогрева (диаметр 110 мм),Публічна картка товару Mizol; детальні параметри перевіряйте за посиланням,,https://mizol.ua/69718-krovelynaya-voronka-uz-poluuretana-sitatrendy-vertukalynaya-s-prughumnym-flancem-u-sustemoy-obogreva-duametr-110-mm
Кровельная воронка из полиуретана SitaTrendy с ПВХ фартуком (диаметр 75 мм),Кровельная воронка из полиуретана SitaTrendy с ПВХ фартуком (диаметр 75 мм),Публічна картка товару Mizol; детальні параметри перевіряйте за посиланням,,https://mizol.ua/207707-krovelynaya-voronka-uz-poluuretana-sitatrendy-s-pvh-fartukom-duametr-75-mm
Кровельная воронка из полиуретана SitaTrendy с ТПО Flagon EP/S фартуком и системой обогрева (диаметр 110 мм),Кровельная воронка из полиуретана SitaTrendy с ТПО Flagon EP/S фартуком и системой обогрева (диаметр 110 мм),Публічна картка товару Mizol; детальні параметри перевіряйте за посиланням,,https://mizol.ua/129732-krovelynaya-voronka-uz-poluuretana-sitatrendy-s-tpo-flagon-eps-fartukom-u-sustemoy-obogreva-duametr-110-mm
Кровельная воронка из полиуретана SitaTrendy угловая с битумным фартуком и системой обогрева (диаметр 110 мм),Кровельная воронка из полиуретана SitaTrendy угловая с битумным фартуком и системой обогрева (диаметр 110 мм),Публічна картка товару Mizol; детальні параметри перевіряйте за посиланням,,https://mizol.ua/165384-krovelynaya-voronka-uz-poluuretana-sitatrendy-uglovaya-s-butumnym-fartukom-u-sustemoy-obogreva-duametr-110-mm
Кровельная воронка из полиуретана SitaTrendy угловая с ПВХ-фартуком (диаметр 110 мм),Кровельная воронка из полиуретана SitaTrendy угловая с ПВХ-фартуком (диаметр 110 мм),Публічна картка товару Mizol; детальні параметри перевіряйте за посиланням,,https://mizol.ua/79018-krovelynaya-voronka-uz-poluuretana-sitatrendy-uglovaya-s-pvh-fartukom-duametr-110-mm
Кровельная воронка из полиуретана SitaTrendy угловая с ПВХ-фартуком и системой обогрева (диаметр 110 мм),Кровельная воронка из полиуретана SitaTrendy угловая с ПВХ-фартуком и системой обогрева (диаметр 110 мм),Публічна картка товару Mizol; детальні параметри перевіряйте за посиланням,,https://mizol.ua/96285-krovelynaya-voronka-uz-poluuretana-sitatrendy-uglovaya-s-pvh-fartukom-u-sustemoy-obogreva-duametr-110-mm
Кровельная опора под солнечные панели SOPRASOLAR FIX EVO с битумным фартухом,Кровельная опора под солнечные панели SOPRASOLAR FIX EVO с битумным фартухом,Публічна картка товару Mizol; детальні параметри перевіряйте за посиланням,,https://mizol.ua/147863-krovelynaya-opora-pod-solnechnye-panelu-soprasolar-fix-evo-s-butumnym-fartuhom%09
Кровельная пленка Гидробарьер Д96,Кровельная пленка Гидробарьер Д96,Публічна картка товару Mizol; детальні параметри перевіряйте за посиланням,,https://mizol.ua/225277-krovelynaya-plenka-gudrobaryer-d96
Кровельная пленка Паробарьер Н96,Кровельная пленка Паробарьер Н96,Публічна картка товару Mizol; детальні параметри перевіряйте за посиланням,,https://mizol.ua/225278-krovelynaya-plenka-parobaryer-n96
Кронштейн 200 SOPRASOLAR FIX EVO,Кронштейн 200 SOPRASOLAR FIX EVO,Публічна картка товару Mizol; детальні параметри перевіряйте за посиланням,,https://mizol.ua/147870-kronshteyn-200-soprasolar-fix-evo-
Кронштейн 45 SOPRASOLAR FIX EVO,Кронштейн 45 SOPRASOLAR FIX EVO,Публічна картка товару Mizol; детальні параметри перевіряйте за посиланням,,https://mizol.ua/147867-kronshteyn-45-soprasolar-fix-evo
Лейка Regenau 125/100 белая,Лейка Regenau 125/100 белая,Публічна картка товару Mizol; детальні параметри перевіряйте за посиланням,,https://mizol.ua/166052-leyka-regenau-125100-belaya
Лейка Regenau 125/100 графит,Лейка Regenau 125/100 графит,Публічна картка товару Mizol; детальні параметри перевіряйте за посиланням,,https://mizol.ua/166053-leyka-regenau-125100-grafut
Лейка Regenau 125/100 коричневая,Лейка Regenau 125/100 коричневая,Публічна картка товару Mizol; детальні параметри перевіряйте за посиланням,,https://mizol.ua/166054-leyka-regenau-125100-koruchnevaya
Лейка Regenau 125/80 белая,Лейка Regenau 125/80 белая,Публічна картка товару Mizol; детальні параметри перевіряйте за посиланням,,https://mizol.ua/166049-leyka-regenau-12580-belaya
Лейка Regenau 125/80 графит,Лейка Regenau 125/80 графит,Публічна картка товару Mizol; детальні параметри перевіряйте за посиланням,,https://mizol.ua/166050-leyka-regenau-12580-grafut
Лейка Regenau 125/80 коричневая,Лейка Regenau 125/80 коричневая,Публічна картка товару Mizol; детальні параметри перевіряйте за посиланням,,https://mizol.ua/166051-leyka-regenau-12580-koruchnevaya
Лента FIXIT АЛ-1 алюминиевая 50м,Лента FIXIT АЛ-1 алюминиевая 50м,Публічна картка товару Mizol; детальні параметри перевіряйте за посиланням,,https://mizol.ua/359-lenta-fixit-al-1-alyumunuevaya-50m
Лента FIXIT К-2 из бутилкаучука 25м,Лента FIXIT К-2 из бутилкаучука 25м,Публічна картка товару Mizol; детальні параметри перевіряйте за посиланням,,https://mizol.ua/45315-lenta-fixit-k-2-uz-butulkauchuka-25m
Лента FIXIT М-1 с нетканного полотна 25м,Лента FIXIT М-1 с нетканного полотна 25м,Публічна картка товару Mizol; детальні параметри перевіряйте за посиланням,,https://mizol.ua/19833-lenta-fixit-m-1-s-netkannogo-polotna-25m
Лента FIXIT П-1 для теплиц 25м,Лента FIXIT П-1 для теплиц 25м,Публічна картка товару Mizol; детальні параметри перевіряйте за посиланням,,https://mizol.ua/30850-lenta-fixit-p-1-dlya-tepluc-25m
Лента Thermatape FR,Лента Thermatape FR,Публічна картка товару Mizol; детальні параметри перевіряйте за посиланням,,https://mizol.ua/2721-lenta-thermatape-fr
Лента гидроизоляционная для окон FIXIT ВЗ-2 100мм х 25м,Лента гидроизоляционная для окон FIXIT ВЗ-2 100мм х 25м,Публічна картка товару Mizol; детальні параметри перевіряйте за посиланням,,https://mizol.ua/218280-lenta-gudrouzolyacuonnaya-dlya-okon-fixit-vz-2-100mm-h-25m
Лента монтажная Eurobatex TAPE 3мм х 50мм,Лента монтажная Eurobatex TAPE 3мм х 50мм,Публічна картка товару Mizol; детальні параметри перевіряйте за посиланням,,https://mizol.ua/2056-lenta-montaghnaya-eurobatex-tape-3mm-h-50mm
Лента на тканевой основе FIXIT П-2 50мм х 50м,Лента на тканевой основе FIXIT П-2 50мм х 50м,Публічна картка товару Mizol; детальні параметри перевіряйте за посиланням,,https://mizol.ua/218696-lenta-na-tkanevoy-osnove-fixit-p-2-50mm-h-50m
Лента пароизоляционная для окон FIXIT ВВ-2 100мм х 25м,Лента пароизоляционная для окон FIXIT ВВ-2 100мм х 25м,Публічна картка товару Mizol; детальні параметри перевіряйте за посиланням,,https://mizol.ua/218279-lenta-parouzolyacuonnaya-dlya-okon-fixit-vv-2-100mm-h-25m
Лента универсальная FIXIT UNISAN 60 mm x 25 rm,Лента универсальная FIXIT UNISAN 60 mm x 25 rm,Публічна картка товару Mizol; детальні параметри перевіряйте за посиланням,,https://mizol.ua/230238-lenta-unuversalynaya-fixit-unisan-60-mm-x-25-rm
Лист ПВХ Marvec; 70/18; бронзовый 2*0;9 м. трапеция 0;8 мм,Лист ПВХ Marvec; 70/18; бронзовый 2*0;9 м. трапеция 0;8 мм,Публічна картка товару Mizol; детальні параметри перевіряйте за посиланням,,https://mizol.ua/118392-lust-pvh-marvec-7018-bronzovyy-209-m-trapecuya-08-mm
Лист ПВХ Marvec; 70/18; прозрачный 2*0;9 м. трапеция 0;8 мм,Лист ПВХ Marvec; 70/18; прозрачный 2*0;9 м. трапеция 0;8 мм,Публічна картка товару Mizol; детальні параметри перевіряйте за посиланням,,https://mizol.ua/118393-lust-pvh-marvec-7018-prozrachnyy-209-m-trapecuya-08-mm
Манжет SitaMore для обогрева воронки,Манжет SitaMore для обогрева воронки,Публічна картка товару Mizol; детальні параметри перевіряйте за посиланням,,https://mizol.ua/122270-manghet-sitamore-dlya-obogreva-voronku
Мат ламельный из мин.ваты с покрытием Paroc Hvac Lamella Mat Alu Coat 100мм,Мат ламельный из мин.ваты с покрытием Paroc Hvac Lamella Mat Alu Coat 100мм,Публічна картка товару Mizol; детальні параметри перевіряйте за посиланням,,https://mizol.ua/13002-mat-lamelynyy-uz-munvaty-s-pokrytuem-paroc-hvac-lamella-mat-alu-coat-100mm
Мат ламельный из мин.ваты с покрытием Paroc Hvac Lamella Mat Alu Coat 20мм,Мат ламельный из мин.ваты с покрытием Paroc Hvac Lamella Mat Alu Coat 20мм,Публічна картка товару Mizol; детальні параметри перевіряйте за посиланням,,https://mizol.ua/1656-mat-lamelynyy-uz-munvaty-s-pokrytuem-paroc-hvac-lamella-mat-alu-coat-20mm
Мат ламельный из мин.ваты с покрытием Paroc Hvac Lamella Mat Alu Coat 30мм,Мат ламельный из мин.ваты с покрытием Paroc Hvac Lamella Mat Alu Coat 30мм,Публічна картка товару Mizol; детальні параметри перевіряйте за посиланням,,https://mizol.ua/1657-mat-lamelynyy-uz-munvaty-s-pokrytuem-paroc-hvac-lamella-mat-alu-coat-30mm
Мат ламельный из мин.ваты с покрытием Paroc Hvac Lamella Mat Alu Coat 50мм,Мат ламельный из мин.ваты с покрытием Paroc Hvac Lamella Mat Alu Coat 50мм,Публічна картка товару Mizol; детальні параметри перевіряйте за посиланням,,https://mizol.ua/1658-mat-lamelynyy-uz-munvaty-s-pokrytuem-paroc-hvac-lamella-mat-alu-coat-50mm
Мат теплоизоляционный минераловатный Paroc Pro Wired Mat 550 100*2500*1000,Мат теплоизоляционный минераловатный Paroc Pro Wired Mat 550 100*2500*1000,Публічна картка товару Mizol; детальні параметри перевіряйте за посиланням,,https://mizol.ua/211695-mat-teplouzolyacuonnyy-muneralovatnyy-paroc-pro-wired-mat-550-10025001000
Мат теплоизоляционный минераловатный Paroc Pro Wired Mat 550 50*5000*1000,Мат теплоизоляционный минераловатный Paroc Pro Wired Mat 550 50*5000*1000,Публічна картка товару Mizol; детальні параметри перевіряйте за посиланням,,https://mizol.ua/209615-mat-teplouzolyacuonnyy-muneralovatnyy-paroc-pro-wired-mat-550-5050001000
Мембрана Паробарьер VAP,мембрана,Публічна картка товару Mizol; детальні параметри перевіряйте за посиланням,,https://mizol.ua/19661-membrana-parobaryer-vap
Муфта GeoDrain 100 мм,Муфта GeoDrain 100 мм,Публічна картка товару Mizol; детальні параметри перевіряйте за посиланням,,https://mizol.ua/259732-mufta-geodrain-100-mm
Муфта GeoDrain 160 мм,Муфта GeoDrain 160 мм,Публічна картка товару Mizol; детальні параметри перевіряйте за посиланням,,https://mizol.ua/259735-mufta-geodrain-160-mm
Н-планка VOX INFRATOP Белый 3;05 м,Н-планка VOX INFRATOP Белый 3;05 м,Публічна картка товару Mizol; детальні параметри перевіряйте за посиланням,,https://mizol.ua/64520-n-planka-vox-infratop-belyy-305-m
Н-планка VOX INFRATOP Графит 3;05 м,Н-планка VOX INFRATOP Графит 3;05 м,Публічна картка товару Mizol; детальні параметри перевіряйте за посиланням,,https://mizol.ua/64522-n-planka-vox-infratop-grafut-305-m
Н-планка VOX INFRATOP Золотой дуб 3;05 м,Н-планка VOX INFRATOP Золотой дуб 3;05 м,Публічна картка товару Mizol; детальні параметри перевіряйте за посиланням,,https://mizol.ua/64523-n-planka-vox-infratop-zolotoy-dub-305-m
Н-планка VOX INFRATOP Коричневый 3;05 м,Н-планка VOX INFRATOP Коричневый 3;05 м,Публічна картка товару Mizol; детальні параметри перевіряйте за посиланням,,https://mizol.ua/64521-n-planka-vox-infratop-koruchnevyy-305-m
Н-планка VOX INFRATOP Орех 3;05 м,Н-планка VOX INFRATOP Орех 3;05 м,Публічна картка товару Mizol; детальні параметри перевіряйте за посиланням,,https://mizol.ua/64524-n-planka-vox-infratop-oreh-305-m
Н-планка белая айДахо 3;05м,Н-планка белая айДахо 3;05м,Публічна картка товару Mizol; детальні параметри перевіряйте за посиланням,,https://mizol.ua/36130-n-planka-belaya-aydaho-305m
Н-планка графит айДахо 3;05м,Н-планка графит айДахо 3;05м,Публічна картка товару Mizol; детальні параметри перевіряйте за посиланням,,https://mizol.ua/54603-n-planka-grafut-aydaho-305m
Н-планка коричневая айДахо 3;05м,Н-планка коричневая айДахо 3;05м,Публічна картка товару Mizol; детальні параметри перевіряйте за посиланням,,https://mizol.ua/36131-n-planka-koruchnevaya-aydaho-305m
Надставной элемент из алюминия SitaMore,Надставной элемент из алюминия SitaMore,Публічна картка товару Mizol; детальні параметри перевіряйте за посиланням,,https://mizol.ua/69729-nadstavnoy-element-uz-alyumunuya-sitamore
Надставной элемент из полиуретана SitaStandard с ПВХ- фартуком; высота 520 мм,Надставной элемент из полиуретана SitaStandard с ПВХ- фартуком; высота 520 мм,Публічна картка товару Mizol; детальні параметри перевіряйте за посиланням,,https://mizol.ua/90378-nadstavnoy-element-uz-poluuretana-sitastandard-s-pvh--fartukom-vysota-520-mm
Надставной элемент из полиуретана SitaTrendy с битумным фартуком; высотой 320 мм,Надставной элемент из полиуретана SitaTrendy с битумным фартуком; высотой 320 мм,Публічна картка товару Mizol; детальні параметри перевіряйте за посиланням,,https://mizol.ua/129734-nadstavnoy-element-uz-poluuretana-sitatrendy-s-butumnym-fartukom-vysotoy-320-mm
Надставной элемент из полиуретана SitaTrendy с ПВХ-фартуком; высота 320 мм,Надставной элемент из полиуретана SitaTrendy с ПВХ-фартуком; высота 320 мм,Публічна картка товару Mizol; детальні параметри перевіряйте за посиланням,,https://mizol.ua/69721-nadstavnoy-element-uz-poluuretana-sitatrendy-s-pvh-fartukom-vysota-320-mm
Надставной элемент из полиуретана SitaTrendy с прижимным фланцем; высота 320 мм,Надставной элемент из полиуретана SitaTrendy с прижимным фланцем; высота 320 мм,Публічна картка товару Mizol; детальні параметри перевіряйте за посиланням,,https://mizol.ua/69722-nadstavnoy-element-uz-poluuretana-sitatrendy-s-prughumnym-flancem-vysota-320-mm
Оцинкованная прижимная планка Flagon 3 м,Оцинкованная прижимная планка Flagon 3 м,Публічна картка товару Mizol; детальні параметри перевіряйте за посиланням,,https://mizol.ua/45253-ocunkovannaya-prughumnaya-planka-flagon-3-m
Підкладочний шар Armourbase Eco-50 m2,Підкладочний шар Armourbase Eco-50 m2,Публічна картка товару Mizol; детальні параметри перевіряйте за посиланням,,https://mizol.ua/213887-pidkladochnuy-shar-armourbase-eco-50-m2
Підпокрівельна гідроізоляційна мембрана Aerotop 1;5*50!,мембрана,Публічна картка товару Mizol; детальні параметри перевіряйте за посиланням,,https://mizol.ua/289840-pidpokrivelyna-gidroizolyaciyna-membrana-aerotop-1550
Панель ASKO NEO бежевая без перфорации 3м; 0.915 м2,Панель ASKO NEO бежевая без перфорации 3м; 0.915 м2,Публічна картка товару Mizol; детальні параметри перевіряйте за посиланням,,https://mizol.ua/261729-panely-asko-neo-beghevaya-bez-perforacuu-3m-0915-m2
Панель ASKO NEO бежевая перфорированная 3м; 0.915 м2,Панель ASKO NEO бежевая перфорированная 3м; 0.915 м2,Публічна картка товару Mizol; детальні параметри перевіряйте за посиланням,,https://mizol.ua/261728-panely-asko-neo-beghevaya-perforurovannaya-3m-0915-m2
Панель ASKO NEO белая без перфорации 3м; 0.915 м2,Панель ASKO NEO белая без перфорации 3м; 0.915 м2,Публічна картка товару Mizol; детальні параметри перевіряйте за посиланням,,https://mizol.ua/261725-panely-asko-neo-belaya-bez-perforacuu-3m-0915-m2
Панель ASKO NEO белая без перфорации 3м; 0.915 м2,Панель ASKO NEO белая без перфорации 3м; 0.915 м2,Публічна картка товару Mizol; детальні параметри перевіряйте за посиланням,,https://mizol.ua/286597-panely-asko-neo-belaya-bez-perforacuu-3m-0915-m2
Панель ASKO NEO белая перфорированная 3м; 0;915 м2,Панель ASKO NEO белая перфорированная 3м; 0;915 м2,Публічна картка товару Mizol; детальні параметри перевіряйте за посиланням,,https://mizol.ua/261724-panely-asko-neo-belaya-perforurovannaya-3m-0915-m2
Панель ASKO NEO белая перфорированная 3м; 0;915 м2,Панель ASKO NEO белая перфорированная 3м; 0;915 м2,Публічна картка товару Mizol; детальні параметри перевіряйте за посиланням,,https://mizol.ua/286598-panely-asko-neo-belaya-perforurovannaya-3m-0915-m2
Панель ASKO NEO винчестер перфорированная 3м; 0.915 м2,Панель ASKO NEO винчестер перфорированная 3м; 0.915 м2,Публічна картка товару Mizol; детальні параметри перевіряйте за посиланням,,https://mizol.ua/261720-panely-asko-neo-vunchester-perforurovannaya-3m-0915-m2
Панель ASKO NEO графит без перфорации 3м; 0.915 м2,Панель ASKO NEO графит без перфорации 3м; 0.915 м2,Публічна картка товару Mizol; детальні параметри перевіряйте за посиланням,,https://mizol.ua/261713-panely-asko-neo-grafut-bez-perforacuu-3m-0915-m2
Панель ASKO NEO графит перфорированная 3м; 0.915 м2,Панель ASKO NEO графит перфорированная 3м; 0.915 м2,Публічна картка товару Mizol; детальні параметри перевіряйте за посиланням,,https://mizol.ua/261712-panely-asko-neo-grafut-perforurovannaya-3m-0915-m2
Панель ASKO NEO дуб золотой без перфорации 3м; 0.915 м2,Панель ASKO NEO дуб золотой без перфорации 3м; 0.915 м2,Публічна картка товару Mizol; детальні параметри перевіряйте за посиланням,,https://mizol.ua/261709-panely-asko-neo-dub-zolotoy-bez-perforacuu-3m-0915-m2
Панель ASKO NEO дуб золотой перфорированная 3м; 0.915 м2,Панель ASKO NEO дуб золотой перфорированная 3м; 0.915 м2,Публічна картка товару Mizol; детальні параметри перевіряйте за посиланням,,https://mizol.ua/261708-panely-asko-neo-dub-zolotoy-perforurovannaya-3m-0915-m2
Панель ASKO NEO коричневая без перфорации 3м; 0.915 м2,Панель ASKO NEO коричневая без перфорации 3м; 0.915 м2,Публічна картка товару Mizol; детальні параметри перевіряйте за посиланням,,https://mizol.ua/261705-panely-asko-neo-koruchnevaya-bez-perforacuu-3m-0915-m2
Панель ASKO NEO коричневая перфорированная 3м; 0.915 м2,Панель ASKO NEO коричневая перфорированная 3м; 0.915 м2,Публічна картка товару Mizol; детальні параметри перевіряйте за посиланням,,https://mizol.ua/261704-panely-asko-neo-koruchnevaya-perforurovannaya-3m-0915-m2
Панель ASKO NEO красное дерево без перфорации 3м; 0.915 м2,Панель ASKO NEO красное дерево без перфорации 3м; 0.915 м2,Публічна картка товару Mizol; детальні параметри перевіряйте за посиланням,,https://mizol.ua/261693-panely-asko-neo-krasnoe-derevo-bez-perforacuu-3m-0915-m2
Панель ASKO NEO красное дерево тик без перфорации 3м; 0.915 м2,Панель ASKO NEO красное дерево тик без перфорации 3м; 0.915 м2,Публічна картка товару Mizol; детальні параметри перевіряйте за посиланням,,https://mizol.ua/261697-panely-asko-neo-krasnoe-derevo-tuk-bez-perforacuu-3m-0915-m2
Панель ASKO NEO орех без перфорации 3м; 0.915 м2,Панель ASKO NEO орех без перфорации 3м; 0.915 м2,Публічна картка товару Mizol; детальні параметри перевіряйте за посиланням,,https://mizol.ua/261717-panely-asko-neo-oreh-bez-perforacuu-3m-0915-m2
Панель ASKO NEO орех перфорированная 3м; 0.915 м2,Панель ASKO NEO орех перфорированная 3м; 0.915 м2,Публічна картка товару Mizol; детальні параметри перевіряйте за посиланням,,https://mizol.ua/261716-panely-asko-neo-oreh-perforurovannaya-3m-0915-m2
Панель ASKO NEO светло-серая без перфорации 3м; 0.915 м2,Панель ASKO NEO светло-серая без перфорации 3м; 0.915 м2,Публічна картка товару Mizol; детальні параметри перевіряйте за посиланням,,https://mizol.ua/261701-panely-asko-neo-svetlo-seraya-bez-perforacuu-3m-0915-m2
Панель ASKO NEO светло-серая перфорированная 3м; 0.915 м2,Панель ASKO NEO светло-серая перфорированная 3м; 0.915 м2,Публічна картка товару Mizol; детальні параметри перевіряйте за посиланням,,https://mizol.ua/261700-panely-asko-neo-svetlo-seraya-perforurovannaya-3m-0915-m2
Панель ASKO NEO черная без перфорации 3м; 0.915 м2,Панель ASKO NEO черная без перфорации 3м; 0.915 м2,Публічна картка товару Mizol; детальні параметри перевіряйте за посиланням,,https://mizol.ua/261733-panely-asko-neo-chernaya-bez-perforacuu-3m-0915-m2
Панель ASKO NEO черная перфорированная 3м; 0.915 м2,Панель ASKO NEO черная перфорированная 3м; 0.915 м2,Публічна картка товару Mizol; детальні параметри перевіряйте за посиланням,,https://mizol.ua/261732-panely-asko-neo-chernaya-perforurovannaya-3m-0915-m2
Панель ASKO NEO яблоня без перфорации 3м; 0.915 м2,Панель ASKO NEO яблоня без перфорации 3м; 0.915 м2,Публічна картка товару Mizol; детальні параметри перевіряйте за посиланням,,https://mizol.ua/261689-panely-asko-neo-yablonya-bez-perforacuu-3m-0915-m2
Панель VOX Fronto MAX SXP-06 “Дуб золотий“ 2;95 м 0;7375 м2,Панель VOX Fronto MAX SXP-06 “Дуб золотий“ 2;95 м 0;7375 м2,Публічна картка товару Mizol; детальні параметри перевіряйте за посиланням,,https://mizol.ua/291087-panely-vox-fronto-max-sxp-06-%E2%80%9Cdub-zolotuy%E2%80%9C-295-m-07375-m2
Панель VOX Fronto MAX SXPU-06 “Дуб Медовий“ 2;95 м 0;7375 м2,Панель VOX Fronto MAX SXPU-06 “Дуб Медовий“ 2;95 м 0;7375 м2,Публічна картка товару Mizol; детальні параметри перевіряйте за посиланням,,https://mizol.ua/291091-panely-vox-fronto-max-sxpu-06-%E2%80%9Cdub-medovuy%E2%80%9C-295-m-07375-m2
Панель VOX Fronto MAX V-Black SXP-06 “Горіх“ 2;95 м 0;7375 м2,Панель VOX Fronto MAX V-Black SXP-06 “Горіх“ 2;95 м 0;7375 м2,Публічна картка товару Mizol; детальні параметри перевіряйте за посиланням,,https://mizol.ua/291094-panely-vox-fronto-max-v-black-sxp-06-%E2%80%9Cgorih%E2%80%9C-295-m-07375-m2
Панель VOX Fronto MAX V-Black SXP-06 “Дуб золотий“ 2;95 м 0;7375 м2,Панель VOX Fronto MAX V-Black SXP-06 “Дуб золотий“ 2;95 м 0;7375 м2,Публічна картка товару Mizol; детальні параметри перевіряйте за посиланням,,https://mizol.ua/291095-panely-vox-fronto-max-v-black-sxp-06-%E2%80%9Cdub-zolotuy%E2%80%9C-295-m-07375-m2
Панель VOX Fronto MAX V-Black SXP-06 “Дуб“ 2;95 м 0;7375 м2,Панель VOX Fronto MAX V-Black SXP-06 “Дуб“ 2;95 м 0;7375 м2,Публічна картка товару Mizol; детальні параметри перевіряйте за посиланням,,https://mizol.ua/291092-panely-vox-fronto-max-v-black-sxp-06-%E2%80%9Cdub%E2%80%9C-295-m-07375-m2
Панель VOX Fronto MAX V-Black SXP-06 “Світлий Дуб“ 2;95 м 0;7375 м2,Панель VOX Fronto MAX V-Black SXP-06 “Світлий Дуб“ 2;95 м 0;7375 м2,Публічна картка товару Mizol; детальні параметри перевіряйте за посиланням,,https://mizol.ua/291093-panely-vox-fronto-max-v-black-sxp-06-%E2%80%9Csvitluy-dub%E2%80%9C-295-m-07375-m2
Панель айДахо белая без перфорации 3х0;3м,Панель айДахо белая без перфорации 3х0;3м,Публічна картка товару Mizol; детальні параметри перевіряйте за посиланням,,https://mizol.ua/46125-panely-aydaho-belaya-bez-perforacuu-3h03m
Панель айДахо белая перфорированая 3х0;3м,Панель айДахо белая перфорированая 3х0;3м,Публічна картка товару Mizol; детальні параметри перевіряйте за посиланням,,https://mizol.ua/46126-panely-aydaho-belaya-perforurovanaya-3h03m
Панель айДахо графит без перфорации 3х0;3м,Панель айДахо графит без перфорации 3х0;3м,Публічна картка товару Mizol; детальні параметри перевіряйте за посиланням,,https://mizol.ua/54604-panely-aydaho-grafut-bez-perforacuu-3h03m%09
Панель айДахо графит перфорированая 3х0;3м,Панель айДахо графит перфорированая 3х0;3м,Публічна картка товару Mizol; детальні параметри перевіряйте за посиланням,,https://mizol.ua/54605-panely-aydaho-grafut-perforurovanaya-3h03m
Панель айДахо коричневая без перфорации 3х0;3м,Панель айДахо коричневая без перфорации 3х0;3м,Публічна картка товару Mizol; детальні параметри перевіряйте за посиланням,,https://mizol.ua/46127-panely-aydaho-koruchnevaya-bez-perforacuu-3h03m
Панель айДахо коричневая перфорированая 3х0;3м,Панель айДахо коричневая перфорированая 3х0;3м,Публічна картка товару Mizol; детальні параметри перевіряйте за посиланням,,https://mizol.ua/46128-panely-aydaho-koruchnevaya-perforurovanaya-3h03m
Панель Бежевый ASKO NEO перфорированный 3;5х0;305 м,Панель Бежевый ASKO NEO перфорированный 3;5х0;305 м,Публічна картка товару Mizol; детальні параметри перевіряйте за посиланням,,https://mizol.ua/67707-panely-beghevyy-asko-neo-perforurovannyy-35h0305-m-
Панель Белый ASKO NEO без перфорации 3;5х0;305 м,Панель Белый ASKO NEO без перфорации 3;5х0;305 м,Публічна картка товару Mizol; детальні параметри перевіряйте за посиланням,,https://mizol.ua/67704-panely-belyy-asko-neo-bez-perforacuu-35h0305-m
Панель Белый ASKO NEO перфорированный 3;5х0;305 м,Панель Белый ASKO NEO перфорированный 3;5х0;305 м,Публічна картка товару Mizol; детальні параметри перевіряйте за посиланням,,https://mizol.ua/67705-panely-belyy-asko-neo-perforurovannyy-35h0305-m-
"Панель виниловая FaSiding BlockHouse ""Арахис""","Панель виниловая FaSiding BlockHouse ""Арахис""",Публічна картка товару Mizol; детальні параметри перевіряйте за посиланням,,https://mizol.ua/26885-panely-vunulovaya-fasiding-blockhouse-arahus
"Панель виниловая FaSiding BlockHouse ""Грецкий орех""","Панель виниловая FaSiding BlockHouse ""Грецкий орех""",Публічна картка товару Mizol; детальні параметри перевіряйте за посиланням,,https://mizol.ua/26886-panely-vunulovaya-fasiding-blockhouse-greckuy-oreh
"Панель виниловая FaSiding BlockHouse ""Мимоза""","Панель виниловая FaSiding BlockHouse ""Мимоза""",Публічна картка товару Mizol; детальні параметри перевіряйте за посиланням,,https://mizol.ua/26887-panely-vunulovaya-fasiding-blockhouse-mumoza
"Панель виниловая FaSiding BlockHouse ""Миндаль""","Панель виниловая FaSiding BlockHouse ""Миндаль""",Публічна картка товару Mizol; детальні параметри перевіряйте за посиланням,,https://mizol.ua/26888-panely-vunulovaya-fasiding-blockhouse-mundaly
"Панель виниловая FaSiding Standard ""Арахис""","Панель виниловая FaSiding Standard ""Арахис""",Публічна картка товару Mizol; детальні параметри перевіряйте за посиланням,,https://mizol.ua/16661-panely-vunulovaya-fasiding-standard-arahus
"Панель виниловая FaSiding Standard ""Грецкий орех""","Панель виниловая FaSiding Standard ""Грецкий орех""",Публічна картка товару Mizol; детальні параметри перевіряйте за посиланням,,https://mizol.ua/16675-panely-vunulovaya-fasiding-standard-greckuy-oreh
"Панель виниловая FaSiding Standard ""Какао""","Панель виниловая FaSiding Standard ""Какао""",Публічна картка товару Mizol; детальні параметри перевіряйте за посиланням,,https://mizol.ua/17100-panely-vunulovaya-fasiding-standard-kakao
"Панель виниловая FaSiding Standard ""Лён""","Панель виниловая FaSiding Standard ""Лён""",Публічна картка товару Mizol; детальні параметри перевіряйте за посиланням,,https://mizol.ua/17097-panely-vunulovaya-fasiding-standard-len
"Панель виниловая FaSiding Standard ""Маковые зёрна""","Панель виниловая FaSiding Standard ""Маковые зёрна""",Публічна картка товару Mizol; детальні параметри перевіряйте за посиланням,,https://mizol.ua/16728-panely-vunulovaya-fasiding-standard-makovye-zerna
"Панель виниловая FaSiding Standard ""Мимоза""","Панель виниловая FaSiding Standard ""Мимоза""",Публічна картка товару Mizol; детальні параметри перевіряйте за посиланням,,https://mizol.ua/16729-panely-vunulovaya-fasiding-standard-mumoza
"Панель виниловая FaSiding Standard ""Миндаль""","Панель виниловая FaSiding Standard ""Миндаль""",Публічна картка товару Mizol; детальні параметри перевіряйте за посиланням,,https://mizol.ua/17099-panely-vunulovaya-fasiding-standard-mundaly
"Панель виниловая FaSiding Standard ""Папоротник""","Панель виниловая FaSiding Standard ""Папоротник""",Публічна картка товару Mizol; детальні параметри перевіряйте за посиланням,,https://mizol.ua/16657-panely-vunulovaya-fasiding-standard-paporotnuk
"Панель виниловая FaSiding Standard ""Пшеница""","Панель виниловая FaSiding Standard ""Пшеница""",Публічна картка товару Mizol; детальні параметри перевіряйте за посиланням,,https://mizol.ua/17098-panely-vunulovaya-fasiding-standard-pshenuca
Панель виниловая FaSiding Standard ''Хлопок'',Панель виниловая FaSiding Standard ''Хлопок'',Публічна картка товару Mizol; детальні параметри перевіряйте за посиланням,,https://mizol.ua/17101-panely-vunulovaya-fasiding-standard-hlopok
Панель Винчестер ASKO NEO перфорированный 3;5х0;305 м,Панель Винчестер ASKO NEO перфорированный 3;5х0;305 м,Публічна картка товару Mizol; детальні параметри перевіряйте за посиланням,,https://mizol.ua/67756-panely-vunchester-asko-neo-perforurovannyy-35h0305-m-
Панель Графит ASKO NEO без перфорации 3;5х0;305 м,Панель Графит ASKO NEO без перфорации 3;5х0;305 м,Публічна картка товару Mizol; детальні параметри перевіряйте за посиланням,,https://mizol.ua/67710-panely-grafut-asko-neo-bez-perforacuu-35h0305-m-
Панель Графит ASKO NEO перфорированный 3;5х0;305 м,Панель Графит ASKO NEO перфорированный 3;5х0;305 м,Публічна картка товару Mizol; детальні параметри перевіряйте за посиланням,,https://mizol.ua/67711-panely-grafut-asko-neo-perforurovannyy-35h0305-m-
Панель Золотой дуб ASKO NEO без перфорации 3;5х0;305 м,Панель Золотой дуб ASKO NEO без перфорации 3;5х0;305 м,Публічна картка товару Mizol; детальні параметри перевіряйте за посиланням,,https://mizol.ua/67712-panely-zolotoy-dub-asko-neo-bez-perforacuu-35h0305-m-
Панель Золотой дуб ASKO NEO перфорированный 3;5х0;305 м,Панель Золотой дуб ASKO NEO перфорированный 3;5х0;305 м,Публічна картка товару Mizol; детальні параметри перевіряйте за посиланням,,https://mizol.ua/67713-panely-zolotoy-dub-asko-neo-perforurovannyy-35h0305-m-
Панель Коричневый ASKO NEO без перфорации 3;5х0;305 м,Панель Коричневый ASKO NEO без перфорации 3;5х0;305 м,Публічна картка товару Mizol; детальні параметри перевіряйте за посиланням,,https://mizol.ua/67716-panely-koruchnevyy-asko-neo-bez-perforacuu-35h0305-m
Панель Коричневый ASKO NEO перфорированный 3;5х0;305 м,Панель Коричневый ASKO NEO перфорированный 3;5х0;305 м,Публічна картка товару Mizol; детальні параметри перевіряйте за посиланням,,https://mizol.ua/67717-panely-koruchnevyy-asko-neo-perforurovannyy-35h0305-m-
Панель Орех ASKO NEO без перфорации 3;5х0;305 м,Панель Орех ASKO NEO без перфорации 3;5х0;305 м,Публічна картка товару Mizol; детальні параметри перевіряйте за посиланням,,https://mizol.ua/67708-panely-oreh-asko-neo-bez-perforacuu-35h0305-m-
Панель Орех ASKO NEO перфорированный 3;5х0;305 м,Панель Орех ASKO NEO перфорированный 3;5х0;305 м,Публічна картка товару Mizol; детальні параметри перевіряйте за посиланням,,https://mizol.ua/67709-panely-oreh-asko-neo-perforurovannyy-35h0305-m-
Панель плоская FaSiding Vifront “Бежевый“ 3 м. 0;75 м2,Панель плоская FaSiding Vifront “Бежевый“ 3 м. 0;75 м2,Публічна картка товару Mizol; детальні параметри перевіряйте за посиланням,,https://mizol.ua/241420-panely-ploskaya-fasiding-vifront-%E2%80%9Cbeghevyy%E2%80%9C-3-m-075-m2
Панель плоская FaSiding Vifront “Белый“ 3 м. 0;75 м2,Панель плоская FaSiding Vifront “Белый“ 3 м. 0;75 м2,Публічна картка товару Mizol; детальні параметри перевіряйте за посиланням,,https://mizol.ua/241419-panely-ploskaya-fasiding-vifront-%E2%80%9Cbelyy%E2%80%9C-3-m-075-m2
"Панель плоская VOX MAX-3 ""дуб золотой""","Панель плоская VOX MAX-3 ""дуб золотой""",Публічна картка товару Mizol; детальні параметри перевіряйте за посиланням,,https://mizol.ua/46120-panely-ploskaya-vox-max-3-dub-zolotoy
"Панель плоская VOX MAX-3 ""дуб""","Панель плоская VOX MAX-3 ""дуб""",Публічна картка товару Mizol; детальні параметри перевіряйте за посиланням,,https://mizol.ua/23577-panely-ploskaya-vox-max-3-dub
"Панель плоская VOX MAX-3 ""ясен""","Панель плоская VOX MAX-3 ""ясен""",Публічна картка товару Mizol; детальні параметри перевіряйте за посиланням,,https://mizol.ua/27690-panely-ploskaya-vox-max-3-yasen
Панель Светло-серый ASKO NEO без перфорации 3;5х0;305 м,Панель Светло-серый ASKO NEO без перфорации 3;5х0;305 м,Публічна картка товару Mizol; детальні параметри перевіряйте за посиланням,,https://mizol.ua/67749-panely-svetlo-seryy-asko-neo-bez-perforacuu-35h0305-m
Панель Светло-серый ASKO NEO перфорированный 3;5х0;305 м,Панель Светло-серый ASKO NEO перфорированный 3;5х0;305 м,Публічна картка товару Mizol; детальні параметри перевіряйте за посиланням,,https://mizol.ua/67750-panely-svetlo-seryy-asko-neo-perforurovannyy-35h0305-m-
Панель Софит VOX Infratop SV-09 Белая 2;7м; 0;81м2,Панель Софит VOX Infratop SV-09 Белая 2;7м; 0;81м2,Публічна картка товару Mizol; детальні параметри перевіряйте за посиланням,,https://mizol.ua/159700-panely-sofut-vox-infratop-sv-09-belaya-27m-081m2
Панель Софит VOX Infratop SV-09 Графит 2;7м; 0;81м2,Панель Софит VOX Infratop SV-09 Графит 2;7м; 0;81м2,Публічна картка товару Mizol; детальні параметри перевіряйте за посиланням,,https://mizol.ua/159701-panely-sofut-vox-infratop-sv-09-grafut-27m-081m2
Панель Софит VOX Infratop SV-09 Коричневый 2;7м; 0;81м2,Панель Софит VOX Infratop SV-09 Коричневый 2;7м; 0;81м2,Публічна картка товару Mizol; детальні параметри перевіряйте за посиланням,,https://mizol.ua/159702-panely-sofut-vox-infratop-sv-09-koruchnevyy-27m-081m2
Панель Софит VOX Infratop SVP-09 Золотой дуб 2;7м,Панель Софит VOX Infratop SVP-09 Золотой дуб 2;7м,Публічна картка товару Mizol; детальні параметри перевіряйте за посиланням,,https://mizol.ua/171403-panely-sofut-vox-infratop-svp-09-zolotoy-dub-27m
Панель Софит VOX Infratop SVP-09 Орех 2;7м,Панель Софит VOX Infratop SVP-09 Орех 2;7м,Публічна картка товару Mizol; детальні параметри перевіряйте за посиланням,,https://mizol.ua/171404-panely-sofut-vox-infratop-svp-09-oreh-27m
Панель Софит VOX Infratop SVPU-09 Винчестер 2;7м,Панель Софит VOX Infratop SVPU-09 Винчестер 2;7м,Публічна картка товару Mizol; детальні параметри перевіряйте за посиланням,,https://mizol.ua/169103-panely-sofut-vox-infratop-svpu-09-vunchester-27m
Панель фасадная KERRAFRONT CLASSIC FS-201 Beige 1;08 м2,фасадна панель,Публічна картка товару Mizol; детальні параметри перевіряйте за посиланням,,https://mizol.ua/88601-panely-fasadnaya-kerrafront-classic-fs-201-beige-108-m2
Панель фасадная KERRAFRONT CLASSIC FS-201 Grey 1;08 м2,фасадна панель,Публічна картка товару Mizol; детальні параметри перевіряйте за посиланням,,https://mizol.ua/88605-panely-fasadnaya-kerrafront-classic-fs-201-grey-108-m2
Панель фасадная KERRAFRONT CLASSIC FS-201 Light Grey 1;08 м2,фасадна панель,Публічна картка товару Mizol; детальні параметри перевіряйте за посиланням,,https://mizol.ua/88602-panely-fasadnaya-kerrafront-classic-fs-201-light-grey-108-m2
Панель фасадная KERRAFRONT MW FS-302 Claystone 1;992 м2,фасадна панель,Публічна картка товару Mizol; детальні параметри перевіряйте за посиланням,,https://mizol.ua/88626-panely-fasadnaya-kerrafront-mw-fs-302-claystone-1992-m2
Панель фасадная KERRAFRONT MW FS-302 Ivory 1;992 м2,фасадна панель,Публічна картка товару Mizol; детальні параметри перевіряйте за посиланням,,https://mizol.ua/88624-panely-fasadnaya-kerrafront-mw-fs-302-ivory-1992-m2
Панель фасадная KERRAFRONT MW FS-302 Pearl Grey 1;992 м2,фасадна панель,Публічна картка товару Mizol; детальні параметри перевіряйте за посиланням,,https://mizol.ua/88627-panely-fasadnaya-kerrafront-mw-fs-302-pearl-grey-1992-m2
Панель фасадная KERRAFRONT MW FS-302 White 1;992 м2,фасадна панель,Публічна картка товару Mizol; детальні параметри перевіряйте за посиланням,,https://mizol.ua/88623-panely-fasadnaya-kerrafront-mw-fs-302-white-1992-m2
Парапетная воронка из полиуретана SitaEasy Go с битумним фартуком и галтелью (диаметр 110 мм),Парапетная воронка из полиуретана SitaEasy Go с битумним фартуком и галтелью (диаметр 110 мм),Публічна картка товару Mizol; детальні параметри перевіряйте за посиланням,,https://mizol.ua/79019-parapetnaya-voronka-uz-poluuretana-sitaeasy-go-s-butumnum-fartukom-u-galtelyyu-duametr-110-mm
Парапетная воронка из полиуретана SitaEasy Go с битумным фартуком и галтелью (диаметр 75 м,Парапетная воронка из полиуретана SitaEasy Go с битумным фартуком и галтелью (диаметр 75 м,Публічна картка товару Mizol; детальні параметри перевіряйте за посиланням,,https://mizol.ua/207706-parapetnaya-voronka-uz-poluuretana-sitaeasy-go-s-butumnym-fartukom-u-galtelyyu-duametr-75-m
Парапетная воронка из полиуретана SitaEasy с ПВХ-фартуком (диаметр 110 мм),Парапетная воронка из полиуретана SitaEasy с ПВХ-фартуком (диаметр 110 мм),Публічна картка товару Mizol; детальні параметри перевіряйте за посиланням,,https://mizol.ua/69719-parapetnaya-voronka-uz-poluuretana-sitaeasy-s-pvh-fartukom-duametr-110-mm
Парапетная воронка из полиуретана SitaEasy с ПВХ-фартуком (диаметр 75 мм),Парапетная воронка из полиуретана SitaEasy с ПВХ-фартуком (диаметр 75 мм),Публічна картка товару Mizol; детальні параметри перевіряйте за посиланням,,https://mizol.ua/103154-parapetnaya-voronka-uz-poluuretana-sitaeasy-s-pvh-fartukom-duametr-75-mm
Парапетная воронка из полиуретана SitaEasy; с ТПО фартуком Flagon EP/S (диаметр 110 мм),Парапетная воронка из полиуретана SitaEasy; с ТПО фартуком Flagon EP/S (диаметр 110 мм),Публічна картка товару Mizol; детальні параметри перевіряйте за посиланням,,https://mizol.ua/122026-parapetnaya-voronka-uz-poluuretana-sitaeasy-s-tpo-fartukom-flagon-eps-duametr-110-mm
Пароизоляционная плита SitaMore Flex; EPDM; DN 100,Пароизоляционная плита SitaMore Flex; EPDM; DN 100,Публічна картка товару Mizol; детальні параметри перевіряйте за посиланням,,https://mizol.ua/117187-parouzolyacuonnaya--pluta-sitamore-flex-epdm-dn-100
Пароизоляционная пленка Паробарьер R110,Пароизоляционная пленка Паробарьер R110,Публічна картка товару Mizol; детальні параметри перевіряйте за посиланням,,https://mizol.ua/1613-parouzolyacuonnaya-plenka-parobaryer-r110-
Паропроницаемая мембрана Tyvek Soft (1;5х50м),мембрана,Публічна картка товару Mizol; детальні параметри перевіряйте за посиланням,,https://mizol.ua/260800-paropronucaemaya-membrana-tyvek-soft-15h50m
Паропроницаемая мембрана Tyvek Solid (1;5х50м),мембрана,Публічна картка товару Mizol; детальні параметри перевіряйте за посиланням,,https://mizol.ua/260801-paropronucaemaya-membrana-tyvek-solid-15h50m
ПВХ-мембрана Soprema Flagon BSL 1.5 мм; неармированная; без УФ; 2.10х25 м,мембрана,Публічна картка товару Mizol; детальні параметри перевіряйте за посиланням,,https://mizol.ua/45109-pvh-membrana-soprema-flagon-bsl-15-mm-nearmurovannaya-bez-uf-210h25-m
ПВХ-мембрана Soprema Flagon CSL; неармированная; с УФ; 2.10х20 м,мембрана,Публічна картка товару Mizol; детальні параметри перевіряйте за посиланням,,https://mizol.ua/45737-pvh-membrana-soprema-flagon-csl-nearmurovannaya-s-uf-210h20-m
ПВХ-мембрана Soprema Flagon S 1.5 мм; неармированная; с УФ; 1.05х20 м,мембрана,Публічна картка товару Mizol; детальні параметри перевіряйте за посиланням,,https://mizol.ua/96929-pvh-membrana-soprema-flagon-s-15-mm-nearmurovannaya-s-uf-105h20-m
ПВХ-мембрана Soprema Flagon SR 1.2 мм; армированная; с УФ; 2.10х25 м,мембрана,Публічна картка товару Mizol; детальні параметри перевіряйте за посиланням,,https://mizol.ua/45059-pvh-membrana-soprema-flagon-sr-12-mm-armurovannaya-s-uf-210h25-m
ПВХ-мембрана Soprema Flagon SR 1.5 мм; армированная; с УФ; 2.10х20 м,мембрана,Публічна картка товару Mizol; детальні параметри перевіряйте за посиланням,,https://mizol.ua/45025-pvh-membrana-soprema-flagon-sr-15-mm-armurovannaya-s-uf-210h20-m
ПВХ-мембрана Soprema Flagon SR 1.8 мм; армированная; с УФ; 2.10х20 м,мембрана,Публічна картка товару Mizol; детальні параметри перевіряйте за посиланням,,https://mizol.ua/54858-pvh-membrana-soprema-flagon-sr-18-mm-armurovannaya-s-uf-210h20-m
ПВХ-мембрана Soprema Flagon SV 1.5 мм; армированная; с УФ; 2.10х20 м,мембрана,Публічна картка товару Mizol; детальні параметри перевіряйте за посиланням,,https://mizol.ua/45112-pvh-membrana-soprema-flagon-sv-15-mm-armurovannaya-s-uf-210h20-m
Переходник 3/4 х 1/2; 000M804A001,Переходник 3/4 х 1/2; 000M804A001,Публічна картка товару Mizol; детальні параметри перевіряйте за посиланням,,https://mizol.ua/102321-perehodnuk-34-h-12-000m804a001
Переходник на гладкие трубы GeoDrain,Переходник на гладкие трубы GeoDrain,Публічна картка товару Mizol; детальні параметри перевіряйте за посиланням,,https://mizol.ua/259737-perehodnuk-na-gladkue-truby-geodrain
Планка ASKO NEO J белая 3м,Планка ASKO NEO J белая 3м,Публічна картка товару Mizol; детальні параметри перевіряйте за посиланням,,https://mizol.ua/286599-planka-asko-neo-j-belaya-3m
Планка ASKO NEO J белая 3м,Планка ASKO NEO J белая 3м,Публічна картка товару Mizol; детальні параметри перевіряйте за посиланням,,https://mizol.ua/261726-planka-asko-neo-j-belaya-3m
Планка ASKO NEO J винчестер 3м,Планка ASKO NEO J винчестер 3м,Публічна картка товару Mizol; детальні параметри перевіряйте за посиланням,,https://mizol.ua/261722-planka-asko-neo-j-vunchester-3m
Планка ASKO NEO J графит 3м,Планка ASKO NEO J графит 3м,Публічна картка товару Mizol; детальні параметри перевіряйте за посиланням,,https://mizol.ua/261714-planka-asko-neo-j-grafut-3m
Планка ASKO NEO J дуб золотой 3м,Планка ASKO NEO J дуб золотой 3м,Публічна картка товару Mizol; детальні параметри перевіряйте за посиланням,,https://mizol.ua/261710-planka-asko-neo-j-dub-zolotoy-3m
Планка ASKO NEO J коричневая 3м,Планка ASKO NEO J коричневая 3м,Публічна картка товару Mizol; детальні параметри перевіряйте за посиланням,,https://mizol.ua/261706-planka-asko-neo-j-koruchnevaya-3m
Планка ASKO NEO J орех 3м,Планка ASKO NEO J орех 3м,Публічна картка товару Mizol; детальні параметри перевіряйте за посиланням,,https://mizol.ua/261718-planka-asko-neo-j-oreh-3m
Планка ASKO NEO Н белая 3м,Планка ASKO NEO Н белая 3м,Публічна картка товару Mizol; детальні параметри перевіряйте за посиланням,,https://mizol.ua/261727-planka-asko-neo-n-belaya-3m
Планка ASKO NEO Н винчестер 3м,Планка ASKO NEO Н винчестер 3м,Публічна картка товару Mizol; детальні параметри перевіряйте за посиланням,,https://mizol.ua/261723-planka-asko-neo-n-vunchester-3m
Планка ASKO NEO Н графит 3м,Планка ASKO NEO Н графит 3м,Публічна картка товару Mizol; детальні параметри перевіряйте за посиланням,,https://mizol.ua/261715-planka-asko-neo-n-grafut-3m
Планка ASKO NEO Н дуб золотой 3м,Планка ASKO NEO Н дуб золотой 3м,Публічна картка товару Mizol; детальні параметри перевіряйте за посиланням,,https://mizol.ua/261711-planka-asko-neo-n-dub-zolotoy-3m
Планка ASKO NEO Н коричневая 3м,Планка ASKO NEO Н коричневая 3м,Публічна картка товару Mizol; детальні параметри перевіряйте за посиланням,,https://mizol.ua/261707-planka-asko-neo-n-koruchnevaya-3m
Планка ASKO NEO Н орех 3м,Планка ASKO NEO Н орех 3м,Публічна картка товару Mizol; детальні параметри перевіряйте за посиланням,,https://mizol.ua/261719-planka-asko-neo-n-oreh-3m
Планка ASKO NEO Н черная 3м,Планка ASKO NEO Н черная 3м,Публічна картка товару Mizol; детальні параметри перевіряйте за посиланням,,https://mizol.ua/261735-planka-asko-neo-n-chernaya-3m
"Планка FaSiding Standard/BlockHouse ""J-trim"" ""Арахис""","Планка FaSiding Standard/BlockHouse ""J-trim"" ""Арахис""",Публічна картка товару Mizol; детальні параметри перевіряйте за посиланням,,https://mizol.ua/17063-planka-fasiding-standardblockhouse-j-trim-arahus
"Планка FaSiding Standard/BlockHouse ""J-trim"" ""Грецкий орех""","Планка FaSiding Standard/BlockHouse ""J-trim"" ""Грецкий орех""",Публічна картка товару Mizol; детальні параметри перевіряйте за посиланням,,https://mizol.ua/17107-planka-fasiding-standardblockhouse-j-trim-greckuy-oreh
"Планка FaSiding Standard/BlockHouse ""J-trim"" ""Какао""","Планка FaSiding Standard/BlockHouse ""J-trim"" ""Какао""",Публічна картка товару Mizol; детальні параметри перевіряйте за посиланням,,https://mizol.ua/16730-planka-fasiding-standardblockhouse-j-trim-kakao
"Планка FaSiding Standard/BlockHouse ""J-trim"" ""Коричневый""","Планка FaSiding Standard/BlockHouse ""J-trim"" ""Коричневый""",Публічна картка товару Mizol; детальні параметри перевіряйте за посиланням,,https://mizol.ua/26997-planka-fasiding-standardblockhouse-j-trim-koruchnevyy
"Планка FaSiding Standard/BlockHouse ""J-trim"" ""Лён""","Планка FaSiding Standard/BlockHouse ""J-trim"" ""Лён""",Публічна картка товару Mizol; детальні параметри перевіряйте за посиланням,,https://mizol.ua/17110-planka-fasiding-standardblockhouse-j-trim-len
"Планка FaSiding Standard/BlockHouse ""J-trim"" ""Маковые зёрна""","Планка FaSiding Standard/BlockHouse ""J-trim"" ""Маковые зёрна""",Публічна картка товару Mizol; детальні параметри перевіряйте за посиланням,,https://mizol.ua/17112-planka-fasiding-standardblockhouse-j-trim-makovye-zerna
"Планка FaSiding Standard/BlockHouse ""J-trim"" ""Мимоза""","Планка FaSiding Standard/BlockHouse ""J-trim"" ""Мимоза""",Публічна картка товару Mizol; детальні параметри перевіряйте за посиланням,,https://mizol.ua/16911-planka-fasiding-standardblockhouse-j-trim-mumoza
"Планка FaSiding Standard/BlockHouse ""J-trim"" ""Миндаль""","Планка FaSiding Standard/BlockHouse ""J-trim"" ""Миндаль""",Публічна картка товару Mizol; детальні параметри перевіряйте за посиланням,,https://mizol.ua/17108-planka-fasiding-standardblockhouse-j-trim-mundaly
"Планка FaSiding Standard/BlockHouse ""J-trim"" ""Папоротник""","Планка FaSiding Standard/BlockHouse ""J-trim"" ""Папоротник""",Публічна картка товару Mizol; детальні параметри перевіряйте за посиланням,,https://mizol.ua/17111-planka-fasiding-standardblockhouse-j-trim-paporotnuk
"Планка FaSiding Standard/BlockHouse ""J-trim"" ""Пшеница""","Планка FaSiding Standard/BlockHouse ""J-trim"" ""Пшеница""",Публічна картка товару Mizol; детальні параметри перевіряйте за посиланням,,https://mizol.ua/17109-planka-fasiding-standardblockhouse-j-trim-pshenuca
"Планка FaSiding Standard/BlockHouse ""J-trim"" ""Хлопок""","Планка FaSiding Standard/BlockHouse ""J-trim"" ""Хлопок""",Публічна картка товару Mizol; детальні параметри перевіряйте за посиланням,,https://mizol.ua/17106-planka-fasiding-standardblockhouse-j-trim-hlopok
"Планка FaSiding Standard/BlockHouse ""внешний угол"" ""Арахис""","Планка FaSiding Standard/BlockHouse ""внешний угол"" ""Арахис""",Публічна картка товару Mizol; детальні параметри перевіряйте за посиланням,,https://mizol.ua/16644-planka-fasiding-standardblockhouse-vneshnuy-ugol-arahus
"Планка FaSiding Standard/BlockHouse ""внешний угол"" ""Грецкий орех""","Планка FaSiding Standard/BlockHouse ""внешний угол"" ""Грецкий орех""",Публічна картка товару Mizol; детальні параметри перевіряйте за посиланням,,https://mizol.ua/16645-planka-fasiding-standardblockhouse-vneshnuy-ugol-greckuy-oreh
"Планка FaSiding Standard/BlockHouse ""внешний угол"" ""Какао""","Планка FaSiding Standard/BlockHouse ""внешний угол"" ""Какао""",Публічна картка товару Mizol; детальні параметри перевіряйте за посиланням,,https://mizol.ua/16646-planka-fasiding-standardblockhouse-vneshnuy-ugol-kakao
"Планка FaSiding Standard/BlockHouse ""внешний угол"" ""Лён""","Планка FaSiding Standard/BlockHouse ""внешний угол"" ""Лён""",Публічна картка товару Mizol; детальні параметри перевіряйте за посиланням,,https://mizol.ua/16647-planka-fasiding-standardblockhouse-vneshnuy-ugol-len
"Планка FaSiding Standard/BlockHouse ""внешний угол"" ""Маковые зёрна""","Планка FaSiding Standard/BlockHouse ""внешний угол"" ""Маковые зёрна""",Публічна картка товару Mizol; детальні параметри перевіряйте за посиланням,,https://mizol.ua/16648-planka-fasiding-standardblockhouse-vneshnuy-ugol-makovye-zerna
"Планка FaSiding Standard/BlockHouse ""внешний угол"" ""Мимоза""","Планка FaSiding Standard/BlockHouse ""внешний угол"" ""Мимоза""",Публічна картка товару Mizol; детальні параметри перевіряйте за посиланням,,https://mizol.ua/16649-planka-fasiding-standardblockhouse-vneshnuy-ugol-mumoza
"Планка FaSiding Standard/BlockHouse ""внешний угол"" ""Миндаль""","Планка FaSiding Standard/BlockHouse ""внешний угол"" ""Миндаль""",Публічна картка товару Mizol; детальні параметри перевіряйте за посиланням,,https://mizol.ua/16650-planka-fasiding-standardblockhouse-vneshnuy-ugol-mundaly
"Планка FaSiding Standard/BlockHouse ""внешний угол"" ""Папоротник""","Планка FaSiding Standard/BlockHouse ""внешний угол"" ""Папоротник""",Публічна картка товару Mizol; детальні параметри перевіряйте за посиланням,,https://mizol.ua/16651-planka-fasiding-standardblockhouse-vneshnuy-ugol-paporotnuk
"Планка FaSiding Standard/BlockHouse ""внешний угол"" ""Пшеница""","Планка FaSiding Standard/BlockHouse ""внешний угол"" ""Пшеница""",Публічна картка товару Mizol; детальні параметри перевіряйте за посиланням,,https://mizol.ua/16652-planka-fasiding-standardblockhouse-vneshnuy-ugol-pshenuca
"Планка FaSiding Standard/BlockHouse ""внешний угол"" ""Хлопок""","Планка FaSiding Standard/BlockHouse ""внешний угол"" ""Хлопок""",Публічна картка товару Mizol; детальні параметри перевіряйте за посиланням,,https://mizol.ua/16653-planka-fasiding-standardblockhouse-vneshnuy-ugol-hlopok
"Планка FaSiding Standard/BlockHouse ""внутренний угол"" ""Арахис""","Планка FaSiding Standard/BlockHouse ""внутренний угол"" ""Арахис""",Публічна картка товару Mizol; детальні параметри перевіряйте за посиланням,,https://mizol.ua/17064-planka-fasiding-standardblockhouse-vnutrennuy-ugol-arahus
"Планка FaSiding Standard/BlockHouse ""внутренний угол"" ""Грецкий орех""","Планка FaSiding Standard/BlockHouse ""внутренний угол"" ""Грецкий орех""",Публічна картка товару Mizol; детальні параметри перевіряйте за посиланням,,https://mizol.ua/17115-planka-fasiding-standardblockhouse-vnutrennuy-ugol-greckuy-oreh
"Планка FaSiding Standard/BlockHouse ""внутренний угол"" ""Какао""","Планка FaSiding Standard/BlockHouse ""внутренний угол"" ""Какао""",Публічна картка товару Mizol; детальні параметри перевіряйте за посиланням,,https://mizol.ua/17116-planka-fasiding-standardblockhouse-vnutrennuy-ugol-kakao
"Планка FaSiding Standard/BlockHouse ""внутренний угол"" ""Коричневый""","Планка FaSiding Standard/BlockHouse ""внутренний угол"" ""Коричневый""",Публічна картка товару Mizol; детальні параметри перевіряйте за посиланням,,https://mizol.ua/26999-planka-fasiding-standardblockhouse-vnutrennuy-ugol-koruchnevyy
"Планка FaSiding Standard/BlockHouse ""внутренний угол"" ""Лён""","Планка FaSiding Standard/BlockHouse ""внутренний угол"" ""Лён""",Публічна картка товару Mizol; детальні параметри перевіряйте за посиланням,,https://mizol.ua/17119-planka-fasiding-standardblockhouse-vnutrennuy-ugol-len
"Планка FaSiding Standard/BlockHouse ""внутренний угол"" ""Маковые зёрна""","Планка FaSiding Standard/BlockHouse ""внутренний угол"" ""Маковые зёрна""",Публічна картка товару Mizol; детальні параметри перевіряйте за посиланням,,https://mizol.ua/17121-planka-fasiding-standardblockhouse-vnutrennuy-ugol-makovye-zerna
"Планка FaSiding Standard/BlockHouse ""внутренний угол"" ""Мимоза""","Планка FaSiding Standard/BlockHouse ""внутренний угол"" ""Мимоза""",Публічна картка товару Mizol; детальні параметри перевіряйте за посиланням,,https://mizol.ua/16860-planka-fasiding-standardblockhouse-vnutrennuy-ugol-mumoza
"Планка FaSiding Standard/BlockHouse ""внутренний угол"" ""Миндаль""","Планка FaSiding Standard/BlockHouse ""внутренний угол"" ""Миндаль""",Публічна картка товару Mizol; детальні параметри перевіряйте за посиланням,,https://mizol.ua/17117-planka-fasiding-standardblockhouse-vnutrennuy-ugol-mundaly
"Планка FaSiding Standard/BlockHouse ""внутренний угол"" ""Папоротник""","Планка FaSiding Standard/BlockHouse ""внутренний угол"" ""Папоротник""",Публічна картка товару Mizol; детальні параметри перевіряйте за посиланням,,https://mizol.ua/17120-planka-fasiding-standardblockhouse-vnutrennuy-ugol-paporotnuk
"Планка FaSiding Standard/BlockHouse ""внутренний угол"" ""Пшеница""","Планка FaSiding Standard/BlockHouse ""внутренний угол"" ""Пшеница""",Публічна картка товару Mizol; детальні параметри перевіряйте за посиланням,,https://mizol.ua/17118-planka-fasiding-standardblockhouse-vnutrennuy-ugol-pshenuca
"Планка FaSiding Standard/BlockHouse ""внутренний угол"" ""Хлопок""","Планка FaSiding Standard/BlockHouse ""внутренний угол"" ""Хлопок""",Публічна картка товару Mizol; детальні параметри перевіряйте за посиланням,,https://mizol.ua/17114-planka-fasiding-standardblockhouse-vnutrennuy-ugol-hlopok
"Планка FaSiding Standard/BlockHouse ""навесная"" ""Хлопок""","Планка FaSiding Standard/BlockHouse ""навесная"" ""Хлопок""",Публічна картка товару Mizol; детальні параметри перевіряйте за посиланням,,https://mizol.ua/17105-planka-fasiding-standardblockhouse-navesnaya-hlopok
"Планка FaSiding Standard/BlockHouse ""наличник"" ""Хлопок""","Планка FaSiding Standard/BlockHouse ""наличник"" ""Хлопок""",Публічна картка товару Mizol; детальні параметри перевіряйте за посиланням,,https://mizol.ua/17104-planka-fasiding-standardblockhouse-naluchnuk-hlopok
"Планка FaSiding Standard/BlockHouse ""окантовочная"" ""Хлопок""","Планка FaSiding Standard/BlockHouse ""окантовочная"" ""Хлопок""",Публічна картка товару Mizol; детальні параметри перевіряйте за посиланням,,https://mizol.ua/17103-planka-fasiding-standardblockhouse-okantovochnaya-hlopok
"Планка FaSiding Standard/BlockHouse ""околооконная"" ""Арахис""","Планка FaSiding Standard/BlockHouse ""околооконная"" ""Арахис""",Публічна картка товару Mizol; детальні параметри перевіряйте за посиланням,,https://mizol.ua/16616-planka-fasiding-standardblockhouse-okolookonnaya-arahus
"Планка FaSiding Standard/BlockHouse ""околооконная"" ""Грецкий орех""","Планка FaSiding Standard/BlockHouse ""околооконная"" ""Грецкий орех""",Публічна картка товару Mizol; детальні параметри перевіряйте за посиланням,,https://mizol.ua/16618-planka-fasiding-standardblockhouse-okolookonnaya-greckuy-oreh
"Планка FaSiding Standard/BlockHouse ""околооконная"" ""Какао""","Планка FaSiding Standard/BlockHouse ""околооконная"" ""Какао""",Публічна картка товару Mizol; детальні параметри перевіряйте за посиланням,,https://mizol.ua/16619-planka-fasiding-standardblockhouse-okolookonnaya-kakao
"Планка FaSiding Standard/BlockHouse ""околооконная"" ""Коричневый""","Планка FaSiding Standard/BlockHouse ""околооконная"" ""Коричневый""",Публічна картка товару Mizol; детальні параметри перевіряйте за посиланням,,https://mizol.ua/59990-planka-fasiding-standardblockhouse-okolookonnaya-koruchnevyy
"Планка FaSiding Standard/BlockHouse ""околооконная"" ""Лён""","Планка FaSiding Standard/BlockHouse ""околооконная"" ""Лён""",Публічна картка товару Mizol; детальні параметри перевіряйте за посиланням,,https://mizol.ua/16620-planka-fasiding-standardblockhouse-okolookonnaya-len
"Планка FaSiding Standard/BlockHouse ""околооконная"" ""Маковые зёрна""","Планка FaSiding Standard/BlockHouse ""околооконная"" ""Маковые зёрна""",Публічна картка товару Mizol; детальні параметри перевіряйте за посиланням,,https://mizol.ua/16621-planka-fasiding-standardblockhouse-okolookonnaya-makovye-zerna
"Планка FaSiding Standard/BlockHouse ""околооконная"" ""Мимоза""","Планка FaSiding Standard/BlockHouse ""околооконная"" ""Мимоза""",Публічна картка товару Mizol; детальні параметри перевіряйте за посиланням,,https://mizol.ua/16854-planka-fasiding-standardblockhouse-okolookonnaya-mumoza
"Планка FaSiding Standard/BlockHouse ""околооконная"" ""Миндаль""","Планка FaSiding Standard/BlockHouse ""околооконная"" ""Миндаль""",Публічна картка товару Mizol; детальні параметри перевіряйте за посиланням,,https://mizol.ua/16622-planka-fasiding-standardblockhouse-okolookonnaya-mundaly
"Планка FaSiding Standard/BlockHouse ""околооконная"" ""Папоротник""","Планка FaSiding Standard/BlockHouse ""околооконная"" ""Папоротник""",Публічна картка товару Mizol; детальні параметри перевіряйте за посиланням,,https://mizol.ua/16623-planka-fasiding-standardblockhouse-okolookonnaya-paporotnuk
"Планка FaSiding Standard/BlockHouse ""околооконная"" ""Пшеница""","Планка FaSiding Standard/BlockHouse ""околооконная"" ""Пшеница""",Публічна картка товару Mizol; детальні параметри перевіряйте за посиланням,,https://mizol.ua/16624-planka-fasiding-standardblockhouse-okolookonnaya-pshenuca
"Планка FaSiding Standard/BlockHouse ""околооконная"" ""Хлопок""","Планка FaSiding Standard/BlockHouse ""околооконная"" ""Хлопок""",Публічна картка товару Mizol; детальні параметри перевіряйте за посиланням,,https://mizol.ua/17113-planka-fasiding-standardblockhouse-okolookonnaya-hlopok
"Планка FaSiding Standard/BlockHouse ""соединительная"" ""Арахис""","Планка FaSiding Standard/BlockHouse ""соединительная"" ""Арахис""",Публічна картка товару Mizol; детальні параметри перевіряйте за посиланням,,https://mizol.ua/17062-planka-fasiding-standardblockhouse-soedunutelynaya-arahus
"Планка FaSiding Standard/BlockHouse ""соединительная"" ""Грецкий орех""","Планка FaSiding Standard/BlockHouse ""соединительная"" ""Грецкий орех""",Публічна картка товару Mizol; детальні параметри перевіряйте за посиланням,,https://mizol.ua/17123-planka-fasiding-standardblockhouse-soedunutelynaya-greckuy-oreh
"Планка FaSiding Standard/BlockHouse ""соединительная"" ""Какао""","Планка FaSiding Standard/BlockHouse ""соединительная"" ""Какао""",Публічна картка товару Mizol; детальні параметри перевіряйте за посиланням,,https://mizol.ua/17124-planka-fasiding-standardblockhouse-soedunutelynaya-kakao
"Планка FaSiding Standard/BlockHouse ""соединительная"" ""Коричневый""","Планка FaSiding Standard/BlockHouse ""соединительная"" ""Коричневый""",Публічна картка товару Mizol; детальні параметри перевіряйте за посиланням,,https://mizol.ua/27000-planka-fasiding-standardblockhouse-soedunutelynaya-koruchnevyy
"Планка FaSiding Standard/BlockHouse ""соединительная"" ""Лён""","Планка FaSiding Standard/BlockHouse ""соединительная"" ""Лён""",Публічна картка товару Mizol; детальні параметри перевіряйте за посиланням,,https://mizol.ua/17127-planka-fasiding-standardblockhouse-soedunutelynaya-len
"Планка FaSiding Standard/BlockHouse ""соединительная"" ""Маковые зёрна""","Планка FaSiding Standard/BlockHouse ""соединительная"" ""Маковые зёрна""",Публічна картка товару Mizol; детальні параметри перевіряйте за посиланням,,https://mizol.ua/17129-planka-fasiding-standardblockhouse-soedunutelynaya-makovye-zerna
"Планка FaSiding Standard/BlockHouse ""соединительная"" ""Мимоза""","Планка FaSiding Standard/BlockHouse ""соединительная"" ""Мимоза""",Публічна картка товару Mizol; детальні параметри перевіряйте за посиланням,,https://mizol.ua/16861-planka-fasiding-standardblockhouse-soedunutelynaya-mumoza
"Планка FaSiding Standard/BlockHouse ""соединительная"" ""Миндаль""","Планка FaSiding Standard/BlockHouse ""соединительная"" ""Миндаль""",Публічна картка товару Mizol; детальні параметри перевіряйте за посиланням,,https://mizol.ua/17125-planka-fasiding-standardblockhouse-soedunutelynaya-mundaly
"Планка FaSiding Standard/BlockHouse ""соединительная"" ""Папоротник""","Планка FaSiding Standard/BlockHouse ""соединительная"" ""Папоротник""",Публічна картка товару Mizol; детальні параметри перевіряйте за посиланням,,https://mizol.ua/17128-planka-fasiding-standardblockhouse-soedunutelynaya-paporotnuk
"Планка FaSiding Standard/BlockHouse ""соединительная"" ""Пшеница""","Планка FaSiding Standard/BlockHouse ""соединительная"" ""Пшеница""",Публічна картка товару Mizol; детальні параметри перевіряйте за посиланням,,https://mizol.ua/17126-planka-fasiding-standardblockhouse-soedunutelynaya-pshenuca
"Планка FaSiding Standard/BlockHouse ""соединительная"" ""Хлопок""","Планка FaSiding Standard/BlockHouse ""соединительная"" ""Хлопок""",Публічна картка товару Mizol; детальні параметри перевіряйте за посиланням,,https://mizol.ua/17122-planka-fasiding-standardblockhouse-soedunutelynaya-hlopok
"Планка FaSiding Standard/BlockHouse ""стартовая"" ""Хлопок""","Планка FaSiding Standard/BlockHouse ""стартовая"" ""Хлопок""",Публічна картка товару Mizol; детальні параметри перевіряйте за посиланням,,https://mizol.ua/17138-planka-fasiding-standardblockhouse-startovaya-hlopok
"Планка FaSiding Standard/BlockHouse ""финишная"" ""Арахис""","Планка FaSiding Standard/BlockHouse ""финишная"" ""Арахис""",Публічна картка товару Mizol; детальні параметри перевіряйте за посиланням,,https://mizol.ua/17096-planka-fasiding-standardblockhouse-funushnaya-arahus
"Планка FaSiding Standard/BlockHouse ""финишная"" ""Грецкий орех""","Планка FaSiding Standard/BlockHouse ""финишная"" ""Грецкий орех""",Публічна картка товару Mizol; детальні параметри перевіряйте за посиланням,,https://mizol.ua/17131-planka-fasiding-standardblockhouse-funushnaya-greckuy-oreh
"Планка FaSiding Standard/BlockHouse ""финишная"" ""Какао""","Планка FaSiding Standard/BlockHouse ""финишная"" ""Какао""",Публічна картка товару Mizol; детальні параметри перевіряйте за посиланням,,https://mizol.ua/17132-planka-fasiding-standardblockhouse-funushnaya-kakao
"Планка FaSiding Standard/BlockHouse ""финишная"" ""Лён""","Планка FaSiding Standard/BlockHouse ""финишная"" ""Лён""",Публічна картка товару Mizol; детальні параметри перевіряйте за посиланням,,https://mizol.ua/17135-planka-fasiding-standardblockhouse-funushnaya-len
"Планка FaSiding Standard/BlockHouse ""финишная"" ""Маковые зерна""","Планка FaSiding Standard/BlockHouse ""финишная"" ""Маковые зерна""",Публічна картка товару Mizol; детальні параметри перевіряйте за посиланням,,https://mizol.ua/17137-planka-fasiding-standardblockhouse-funushnaya-makovye-zerna
"Планка FaSiding Standard/BlockHouse ""финишная"" ""Мимоза""","Планка FaSiding Standard/BlockHouse ""финишная"" ""Мимоза""",Публічна картка товару Mizol; детальні параметри перевіряйте за посиланням,,https://mizol.ua/16910-planka-fasiding-standardblockhouse-funushnaya-mumoza
"Планка FaSiding Standard/BlockHouse ""финишная"" ""Миндаль""","Планка FaSiding Standard/BlockHouse ""финишная"" ""Миндаль""",Публічна картка товару Mizol; детальні параметри перевіряйте за посиланням,,https://mizol.ua/17133-planka-fasiding-standardblockhouse-funushnaya-mundaly
"Планка FaSiding Standard/BlockHouse ""финишная"" ""Папоротник""","Планка FaSiding Standard/BlockHouse ""финишная"" ""Папоротник""",Публічна картка товару Mizol; детальні параметри перевіряйте за посиланням,,https://mizol.ua/17136-planka-fasiding-standardblockhouse-funushnaya-paporotnuk
"Планка FaSiding Standard/BlockHouse ""финишная"" ""Пшеница""","Планка FaSiding Standard/BlockHouse ""финишная"" ""Пшеница""",Публічна картка товару Mizol; детальні параметри перевіряйте за посиланням,,https://mizol.ua/17134-planka-fasiding-standardblockhouse-funushnaya-pshenuca
"Планка FaSiding Standard/BlockHouse ""финишная"" ""Хлопок""","Планка FaSiding Standard/BlockHouse ""финишная"" ""Хлопок""",Публічна картка товару Mizol; детальні параметри перевіряйте за посиланням,,https://mizol.ua/17130-planka-fasiding-standardblockhouse-funushnaya-hlopok
"Планка FaSiding Vifront ""J-Trim"" ""Cветло-серый""","Планка FaSiding Vifront ""J-Trim"" ""Cветло-серый""",Публічна картка товару Mizol; детальні параметри перевіряйте за посиланням,,https://mizol.ua/172329-planka-fasiding-vifront-j-trim-cvetlo-seryy
"Планка FaSiding Vifront ""J-trim"" ""Бежевый""","Планка FaSiding Vifront ""J-trim"" ""Бежевый""",Публічна картка товару Mizol; детальні параметри перевіряйте за посиланням,,https://mizol.ua/169045-planka-fasiding-vifront-j-trim-beghevyy
"Планка FaSiding Vifront ""J-Trim"" ""Белый""","Планка FaSiding Vifront ""J-Trim"" ""Белый""",Публічна картка товару Mizol; детальні параметри перевіряйте за посиланням,,https://mizol.ua/172330-planka-fasiding-vifront-j-trim-belyy
"Планка FaSiding Vifront ""внешний угол"" ""Бежевый""","Планка FaSiding Vifront ""внешний угол"" ""Бежевый""",Публічна картка товару Mizol; детальні параметри перевіряйте за посиланням,,https://mizol.ua/172647-planka-fasiding-vifront-vneshnuy-ugol-beghevyy
"Планка FaSiding Vifront ""внешний угол"" ""Белый""","Планка FaSiding Vifront ""внешний угол"" ""Белый""",Публічна картка товару Mizol; детальні параметри перевіряйте за посиланням,,https://mizol.ua/172648-planka-fasiding-vifront-vneshnuy-ugol-belyy
"Планка FaSiding Vifront ""внешний угол"" ""Светло-серый""","Планка FaSiding Vifront ""внешний угол"" ""Светло-серый""",Публічна картка товару Mizol; детальні параметри перевіряйте за посиланням,,https://mizol.ua/172650-planka-fasiding-vifront-vneshnuy-ugol-svetlo-seryy
"Планка FaSiding Vifront ""внутренний угол"" ""Белый""","Планка FaSiding Vifront ""внутренний угол"" ""Белый""",Публічна картка товару Mizol; детальні параметри перевіряйте за посиланням,,https://mizol.ua/172644-planka-fasiding-vifront-vnutrennuy-ugol-belyy
"Планка FaSiding Vifront ""внутренний угол"" ""Светло-серый""","Планка FaSiding Vifront ""внутренний угол"" ""Светло-серый""",Публічна картка товару Mizol; детальні параметри перевіряйте за посиланням,,https://mizol.ua/172646-planka-fasiding-vifront-vnutrennuy-ugol-svetlo-seryy
"Планка FaSiding Vifront ""соединительная"" ""Бежевый""","Планка FaSiding Vifront ""соединительная"" ""Бежевый""",Публічна картка товару Mizol; детальні параметри перевіряйте за посиланням,,https://mizol.ua/169046-planka-fasiding-vifront-soedunutelynaya-beghevyy
"Планка FaSiding Vifront ""соединительная"" ""Белый""","Планка FaSiding Vifront ""соединительная"" ""Белый""",Публічна картка товару Mizol; детальні параметри перевіряйте за посиланням,,https://mizol.ua/172332-planka-fasiding-vifront-soedunutelynaya-belyy
"Планка FaSiding Vifront ""соединительная"" ""Светло-серый""","Планка FaSiding Vifront ""соединительная"" ""Светло-серый""",Публічна картка товару Mizol; детальні параметри перевіряйте за посиланням,,https://mizol.ua/172334-planka-fasiding-vifront-soedunutelynaya-svetlo-seryy
"Планка FaSiding Vifront ""стартовая"" ""Белый""","Планка FaSiding Vifront ""стартовая"" ""Белый""",Публічна картка товару Mizol; детальні параметри перевіряйте за посиланням,,https://mizol.ua/172651-planka-fasiding-vifront-startovaya-belyy
"Планка FaSiding Vifront ""финишная"" ""Белый""","Планка FaSiding Vifront ""финишная"" ""Белый""",Публічна картка товару Mizol; детальні параметри перевіряйте за посиланням,,https://mizol.ua/172653-planka-fasiding-vifront-funushnaya-belyy
Планка FaSiding WoodHouse “J-trim“ “Дуб золотой“; 3.05м,Планка FaSiding WoodHouse “J-trim“ “Дуб золотой“; 3.05м,Публічна картка товару Mizol; детальні параметри перевіряйте за посиланням,,https://mizol.ua/58377-planka-fasiding-woodhouse-%E2%80%9Cj-trim%E2%80%9C-%E2%80%9Cdub-zolotoy%E2%80%9C-305m
Планка FaSiding WoodHouse “J-trim“ “Дуб морёный“; 3.05м,Планка FaSiding WoodHouse “J-trim“ “Дуб морёный“; 3.05м,Публічна картка товару Mizol; детальні параметри перевіряйте за посиланням,,https://mizol.ua/58385-planka-fasiding-woodhouse-%E2%80%9Cj-trim%E2%80%9C-%E2%80%9Cdub-morenyy%E2%80%9C-305m
Планка FaSiding WoodHouse “внешний угол“ “Дуб золотой“; 3.05м,Планка FaSiding WoodHouse “внешний угол“ “Дуб золотой“; 3.05м,Публічна картка товару Mizol; детальні параметри перевіряйте за посиланням,,https://mizol.ua/58378-planka-fasiding-woodhouse-%E2%80%9Cvneshnuy-ugol%E2%80%9C-%E2%80%9Cdub-zolotoy%E2%80%9C-305m
Планка FaSiding WoodHouse “внешний угол“ “Дуб морёный“; 3.05м,Планка FaSiding WoodHouse “внешний угол“ “Дуб морёный“; 3.05м,Публічна картка товару Mizol; детальні параметри перевіряйте за посиланням,,https://mizol.ua/58386-planka-fasiding-woodhouse-%E2%80%9Cvneshnuy-ugol%E2%80%9C-%E2%80%9Cdub-morenyy%E2%80%9C-305m
Планка FaSiding WoodHouse “внутренний угол“ “Дуб золотой“; 3.05м,Планка FaSiding WoodHouse “внутренний угол“ “Дуб золотой“; 3.05м,Публічна картка товару Mizol; детальні параметри перевіряйте за посиланням,,https://mizol.ua/58382-planka-fasiding-woodhouse-%E2%80%9Cvnutrennuy-ugol%E2%80%9C-%E2%80%9Cdub-zolotoy%E2%80%9C-305m
Планка FaSiding WoodHouse “навесная“ “белая“ SV-16; 3.05м,Планка FaSiding WoodHouse “навесная“ “белая“ SV-16; 3.05м,Публічна картка товару Mizol; детальні параметри перевіряйте за посиланням,,https://mizol.ua/58383-planka-fasiding-woodhouse-%E2%80%9Cnavesnaya%E2%80%9C-%E2%80%9Cbelaya%E2%80%9C-sv-16-305m
Планка FaSiding WoodHouse “околооконная малая“ “белая“ SV-17; 3.05м,Планка FaSiding WoodHouse “околооконная малая“ “белая“ SV-17; 3.05м,Публічна картка товару Mizol; детальні параметри перевіряйте за посиланням,,https://mizol.ua/58380-planka-fasiding-woodhouse-%E2%80%9Cokolookonnaya-malaya%E2%80%9C-%E2%80%9Cbelaya%E2%80%9C-sv-17-305m
Планка FaSiding WoodHouse “соединительная“ “Дуб золотой“; 3.05м,Планка FaSiding WoodHouse “соединительная“ “Дуб золотой“; 3.05м,Публічна картка товару Mizol; детальні параметри перевіряйте за посиланням,,https://mizol.ua/58379-planka-fasiding-woodhouse-%E2%80%9Csoedunutelynaya%E2%80%9C-%E2%80%9Cdub-zolotoy%E2%80%9C-305m
Планка FaSiding WoodHouse “соединительная“ “Дуб морёный“; 3.05м,Планка FaSiding WoodHouse “соединительная“ “Дуб морёный“; 3.05м,Публічна картка товару Mizol; детальні параметри перевіряйте за посиланням,,https://mizol.ua/58387-planka-fasiding-woodhouse-%E2%80%9Csoedunutelynaya%E2%80%9C-%E2%80%9Cdub-morenyy%E2%80%9C-305m
Планка FaSiding WoodHouse “стартовая“ “белая“; 3.05м,Планка FaSiding WoodHouse “стартовая“ “белая“; 3.05м,Публічна картка товару Mizol; детальні параметри перевіряйте за посиланням,,https://mizol.ua/58384-planka-fasiding-woodhouse-%E2%80%9Cstartovaya%E2%80%9C-%E2%80%9Cbelaya%E2%80%9C-305m
Планка FaSiding WoodHouse “финишная“ “Дуб золотой“; 3.05м,Планка FaSiding WoodHouse “финишная“ “Дуб золотой“; 3.05м,Публічна картка товару Mizol; детальні параметри перевіряйте за посиланням,,https://mizol.ua/58381-planka-fasiding-woodhouse-%E2%80%9Cfunushnaya%E2%80%9C-%E2%80%9Cdub-zolotoy%E2%80%9C-305m
Планка FaSiding WoodHouse “финишная“ “Дуб морёный“; 3.05м,Планка FaSiding WoodHouse “финишная“ “Дуб морёный“; 3.05м,Публічна картка товару Mizol; детальні параметри перевіряйте за посиланням,,https://mizol.ua/58389-planka-fasiding-woodhouse-%E2%80%9Cfunushnaya%E2%80%9C-%E2%80%9Cdub-morenyy%E2%80%9C-305m
Планка J Белый ASKO NEO 3;8 м,Планка J Белый ASKO NEO 3;8 м,Публічна картка товару Mizol; детальні параметри перевіряйте за посиланням,,https://mizol.ua/67726-planka-j-belyy-asko-neo-38-m-
Планка J Винчестер ASKO NEO 3;8 м,Планка J Винчестер ASKO NEO 3;8 м,Публічна картка товару Mizol; детальні параметри перевіряйте за посиланням,,https://mizol.ua/67757-planka-j-vunchester-asko-neo-38-m-
Планка J Графит ASKO NEO 3;8 м,Планка J Графит ASKO NEO 3;8 м,Публічна картка товару Mizol; детальні параметри перевіряйте за посиланням,,https://mizol.ua/67729-planka-j-grafut-asko-neo-38-m-
Планка J Золотой дуб ASKO NEO 3;8 м,Планка J Золотой дуб ASKO NEO 3;8 м,Публічна картка товару Mizol; детальні параметри перевіряйте за посиланням,,https://mizol.ua/67730-planka-j-zolotoy-dub-asko-neo-38-m-
Планка J Коричневый ASKO NEO 3;8 м,Планка J Коричневый ASKO NEO 3;8 м,Публічна картка товару Mizol; детальні параметри перевіряйте за посиланням,,https://mizol.ua/67732-planka-j-koruchnevyy-asko-neo-38-m-
Планка J Орех ASKO NEO 3;8 м,Планка J Орех ASKO NEO 3;8 м,Публічна картка товару Mizol; детальні параметри перевіряйте за посиланням,,https://mizol.ua/67728-planka-j-oreh-asko-neo-38-m-
Планка J Светло-серый ASKO NEO 3;8 м,Планка J Светло-серый ASKO NEO 3;8 м,Публічна картка товару Mizol; детальні параметри перевіряйте за посиланням,,https://mizol.ua/67751-planka-j-svetlo-seryy-asko-neo-38-m-
Планка J-trim KERRAFRONT FS-251 Anthracite 3 м,Планка J-trim KERRAFRONT FS-251 Anthracite 3 м,Публічна картка товару Mizol; детальні параметри перевіряйте за посиланням,,https://mizol.ua/71497-planka-j-trim-kerrafront-fs-251-anthracite-3-m
Планка J-trim KERRAFRONT FS-251 Beige 3 м,Планка J-trim KERRAFRONT FS-251 Beige 3 м,Публічна картка товару Mizol; детальні параметри перевіряйте за посиланням,,https://mizol.ua/76728-planka-j-trim-kerrafront-fs-251-beige-3-m
Планка J-trim KERRAFRONT FS-251 Ivory 3 м,Планка J-trim KERRAFRONT FS-251 Ivory 3 м,Публічна картка товару Mizol; детальні параметри перевіряйте за посиланням,,https://mizol.ua/78378-planka-j-trim-kerrafront-fs-251-ivory-3-m
Планка J-trim KERRAFRONT FS-251 Light Grey 3 м,Планка J-trim KERRAFRONT FS-251 Light Grey 3 м,Публічна картка товару Mizol; детальні параметри перевіряйте за посиланням,,https://mizol.ua/71501-planka-j-trim-kerrafront-fs-251-light-grey-3-m
Планка J-trim KERRAFRONT FS-251 Mastic 3 м,Планка J-trim KERRAFRONT FS-251 Mastic 3 м,Публічна картка товару Mizol; детальні параметри перевіряйте за посиланням,,https://mizol.ua/78379-planka-j-trim-kerrafront-fs-251-mastic-3-m
Планка J-trim KERRAFRONT FS-251 Pearl Grey 3 м,Планка J-trim KERRAFRONT FS-251 Pearl Grey 3 м,Публічна картка товару Mizol; детальні параметри перевіряйте за посиланням,,https://mizol.ua/72201-planka-j-trim-kerrafront-fs-251-pearl-grey-3-m
Планка J-trim KERRAFRONT FS-251 Quartz Grey 3 м,Планка J-trim KERRAFRONT FS-251 Quartz Grey 3 м,Публічна картка товару Mizol; детальні параметри перевіряйте за посиланням,,https://mizol.ua/76729-planka-j-trim-kerrafront-fs-251-quartz-grey-3-m
Планка J-trim KERRAFRONT FS-251 White 3 м,Планка J-trim KERRAFRONT FS-251 White 3 м,Публічна картка товару Mizol; детальні параметри перевіряйте за посиланням,,https://mizol.ua/46274-planka-j-trim-kerrafront-fs-251-white-3-m
"Планка VOX ""J-Trim"" ""белая""","Планка VOX ""J-Trim"" ""белая""",Публічна картка товару Mizol; детальні параметри перевіряйте за посиланням,,https://mizol.ua/23598-planka-vox-j-trim-belaya-
"Планка VOX ""J-Trim"" ""дуб золотой""","Планка VOX ""J-Trim"" ""дуб золотой""",Публічна картка товару Mizol; детальні параметри перевіряйте за посиланням,,https://mizol.ua/46123-planka-vox-j-trim-dub-zolotoy
"Планка VOX ""J-Trim"" ""дуб""","Планка VOX ""J-Trim"" ""дуб""",Публічна картка товару Mizol; детальні параметри перевіряйте за посиланням,,https://mizol.ua/37389-planka-vox-j-trim-dub
"Планка VOX ""J-Trim"" ""ясен""","Планка VOX ""J-Trim"" ""ясен""",Публічна картка товару Mizol; детальні параметри перевіряйте за посиланням,,https://mizol.ua/37598-planka-vox-j-trim-yasen
"Планка VOX ""внешний угол"" ""дуб золотой""","Планка VOX ""внешний угол"" ""дуб золотой""",Публічна картка товару Mizol; детальні параметри перевіряйте за посиланням,,https://mizol.ua/46121-planka-vox-vneshnuy-ugol-dub-zolotoy
"Планка VOX ""внешний угол"" ""дуб""","Планка VOX ""внешний угол"" ""дуб""",Публічна картка товару Mizol; детальні параметри перевіряйте за посиланням,,https://mizol.ua/23584-planka-vox-vneshnuy-ugol-dub
"Планка VOX ""внешний угол"" ""ясен""","Планка VOX ""внешний угол"" ""ясен""",Публічна картка товару Mizol; детальні параметри перевіряйте за посиланням,,https://mizol.ua/23583-planka-vox-vneshnuy-ugol-yasen
"Планка VOX ""внутренний угол"" ""белая""","Планка VOX ""внутренний угол"" ""белая""",Публічна картка товару Mizol; детальні параметри перевіряйте за посиланням,,https://mizol.ua/23586-planka-vox-vnutrennuy-ugol-belaya
"Планка VOX ""внутренний угол"" ""дуб золотой""","Планка VOX ""внутренний угол"" ""дуб золотой""",Публічна картка товару Mizol; детальні параметри перевіряйте за посиланням,,https://mizol.ua/46122-planka-vox-vnutrennuy-ugol-dub-zolotoy
"Планка VOX ""внутренний угол"" ""дуб""","Планка VOX ""внутренний угол"" ""дуб""",Публічна картка товару Mizol; детальні параметри перевіряйте за посиланням,,https://mizol.ua/23590-planka-vox-vnutrennuy-ugol-dub
"Планка VOX ""внутренний угол"" ""ясен""","Планка VOX ""внутренний угол"" ""ясен""",Публічна картка товару Mizol; детальні параметри перевіряйте за посиланням,,https://mizol.ua/23589-planka-vox-vnutrennuy-ugol-yasen
"Планка VOX ""навесная"" ""белая""","Планка VOX ""навесная"" ""белая""",Публічна картка товару Mizol; детальні параметри перевіряйте за посиланням,,https://mizol.ua/23604-planka-vox-navesnaya-belaya-
"Планка VOX ""навесная"" ""белая""","Планка VOX ""навесная"" ""белая""",Публічна картка товару Mizol; детальні параметри перевіряйте за посиланням,,https://mizol.ua/46080-planka-vox-navesnaya-belaya
"Планка VOX ""соединительная"" ""белая""","Планка VOX ""соединительная"" ""белая""",Публічна картка товару Mizol; детальні параметри перевіряйте за посиланням,,https://mizol.ua/23606-planka-vox-soedunutelynaya-belaya
"Планка VOX ""соединительная"" ""дуб золотой""","Планка VOX ""соединительная"" ""дуб золотой""",Публічна картка товару Mizol; детальні параметри перевіряйте за посиланням,,https://mizol.ua/46124-planka-vox-soedunutelynaya-dub-zolotoy
"Планка VOX ""соединительная"" ""дуб""","Планка VOX ""соединительная"" ""дуб""",Публічна картка товару Mizol; детальні параметри перевіряйте за посиланням,,https://mizol.ua/23610-planka-vox-soedunutelynaya-dub
"Планка VOX ""соединительная"" ""ясен""","Планка VOX ""соединительная"" ""ясен""",Публічна картка товару Mizol; детальні параметри перевіряйте за посиланням,,https://mizol.ua/23609-planka-vox-soedunutelynaya-yasen
"Планка VOX ""стартовая"" ""белая""","Планка VOX ""стартовая"" ""белая""",Публічна картка товару Mizol; детальні параметри перевіряйте за посиланням,,https://mizol.ua/37583-planka-vox-startovaya-belaya
"Планка VOX ""финишная"" ""белая""","Планка VOX ""финишная"" ""белая""",Публічна картка товару Mizol; детальні параметри перевіряйте за посиланням,,https://mizol.ua/37599-planka-vox-funushnaya-belaya
"Планка VOX ""финишная"" ""золотой дуб""","Планка VOX ""финишная"" ""золотой дуб""",Публічна картка товару Mizol; детальні параметри перевіряйте за посиланням,,https://mizol.ua/48201-planka-vox-funushnaya-zolotoy-dub
Планка VOX “J-Trim“ SVP-15 “Горіх“ 3;05 м,Планка VOX “J-Trim“ SVP-15 “Горіх“ 3;05 м,Публічна картка товару Mizol; детальні параметри перевіряйте за посиланням,,https://mizol.ua/291099-planka-vox-%E2%80%9Cj-trim%E2%80%9C-svp-15-%E2%80%9Cgorih%E2%80%9C-305-m
Планка VOX “J-Trim“ SVP-15 “Дуб золотий“ 3;05 м,Планка VOX “J-Trim“ SVP-15 “Дуб золотий“ 3;05 м,Публічна картка товару Mizol; детальні параметри перевіряйте за посиланням,,https://mizol.ua/291098-planka-vox-%E2%80%9Cj-trim%E2%80%9C-svp-15-%E2%80%9Cdub-zolotuy%E2%80%9C-305-m
Планка VOX “J-Trim“ SVP-15 “Дуб“ 3;05 м,Планка VOX “J-Trim“ SVP-15 “Дуб“ 3;05 м,Публічна картка товару Mizol; детальні параметри перевіряйте за посиланням,,https://mizol.ua/291097-planka-vox-%E2%80%9Cj-trim%E2%80%9C-svp-15-%E2%80%9Cdub%E2%80%9C-305-m
Планка VOX “J-Trim“ SVP-15 “Світлий Дуб“ 3;05 м,Планка VOX “J-Trim“ SVP-15 “Світлий Дуб“ 3;05 м,Публічна картка товару Mizol; детальні параметри перевіряйте за посиланням,,https://mizol.ua/291100-planka-vox-%E2%80%9Cj-trim%E2%80%9C-svp-15-%E2%80%9Csvitluy-dub%E2%80%9C-305-m
Планка VOX “J-Trim“ SVPU-15 “Дуб Медовий“ 3;05 м,Планка VOX “J-Trim“ SVPU-15 “Дуб Медовий“ 3;05 м,Публічна картка товару Mizol; детальні параметри перевіряйте за посиланням,,https://mizol.ua/291102-planka-vox-%E2%80%9Cj-trim%E2%80%9C-svpu-15-%E2%80%9Cdub-medovuy%E2%80%9C-305-m
Планка VOX “з'єднувальна“ SVP-18 “Горіх“ 3;05 м,Планка VOX “з'єднувальна“ SVP-18 “Горіх“ 3;05 м,Публічна картка товару Mizol; детальні параметри перевіряйте за посиланням,,https://mizol.ua/291105-planka-vox-%E2%80%9Czednuvalyna%E2%80%9C-svp-18-%E2%80%9Cgorih%E2%80%9C-305-m
Планка VOX “з'єднувальна“ SVP-18 “Дуб золотий“ 3;05 м,Планка VOX “з'єднувальна“ SVP-18 “Дуб золотий“ 3;05 м,Публічна картка товару Mizol; детальні параметри перевіряйте за посиланням,,https://mizol.ua/291104-planka-vox-%E2%80%9Czednuvalyna%E2%80%9C-svp-18-%E2%80%9Cdub-zolotuy%E2%80%9C-305-m
Планка VOX “з'єднувальна“ SVP-18 “Світлий Дуб“ 3;05 м,Планка VOX “з'єднувальна“ SVP-18 “Світлий Дуб“ 3;05 м,Публічна картка товару Mizol; детальні параметри перевіряйте за посиланням,,https://mizol.ua/291106-planka-vox-%E2%80%9Czednuvalyna%E2%80%9C-svp-18-%E2%80%9Csvitluy-dub%E2%80%9C-305-m
Планка VOX “з'єднувальна“ SVPU-18 “Дуб Медовий“ 3;05 м,Планка VOX “з'єднувальна“ SVPU-18 “Дуб Медовий“ 3;05 м,Публічна картка товару Mizol; детальні параметри перевіряйте за посиланням,,https://mizol.ua/291108-planka-vox-%E2%80%9Czednuvalyna%E2%80%9C-svpu-18-%E2%80%9Cdub-medovuy%E2%80%9C-305-m
Планка VOX “зовнішній кут“ SVP-12 “Горіх“ 3;05 м,Планка VOX “зовнішній кут“ SVP-12 “Горіх“ 3;05 м,Публічна картка товару Mizol; детальні параметри перевіряйте за посиланням,,https://mizol.ua/291111-planka-vox-%E2%80%9Czovnishniy-kut%E2%80%9C-svp-12-%E2%80%9Cgorih%E2%80%9C-305-m
Планка VOX “зовнішній кут“ SVP-12 “Дуб золотий“ 3;05 м,Планка VOX “зовнішній кут“ SVP-12 “Дуб золотий“ 3;05 м,Публічна картка товару Mizol; детальні параметри перевіряйте за посиланням,,https://mizol.ua/291110-planka-vox-%E2%80%9Czovnishniy-kut%E2%80%9C-svp-12-%E2%80%9Cdub-zolotuy%E2%80%9C-305-m
Планка VOX “зовнішній кут“ SVP-12 “Світлий Дуб“ 3;05 м,Планка VOX “зовнішній кут“ SVP-12 “Світлий Дуб“ 3;05 м,Публічна картка товару Mizol; детальні параметри перевіряйте за посиланням,,https://mizol.ua/291112-planka-vox-%E2%80%9Czovnishniy-kut%E2%80%9C-svp-12-%E2%80%9Csvitluy-dub%E2%80%9C-305-m
Планка VOX “стартова“ SVP-11 “біла“ 3;05 м,Планка VOX “стартова“ SVP-11 “біла“ 3;05 м,Публічна картка товару Mizol; детальні параметри перевіряйте за посиланням,,https://mizol.ua/291121-planka-vox-%E2%80%9Cstartova%E2%80%9C-svp-11-%E2%80%9Cbila%E2%80%9C-305-m
Планка VOX “фінішна“ SVP-14 “Світлий Дуб“ 3;05 м,Планка VOX “фінішна“ SVP-14 “Світлий Дуб“ 3;05 м,Публічна картка товару Mizol; детальні параметри перевіряйте за посиланням,,https://mizol.ua/291118-planka-vox-%E2%80%9Cfinishna%E2%80%9C-svp-14-%E2%80%9Csvitluy-dub%E2%80%9C-305-m
Планка вентиляционная KERRAFRONT FS-262 Anthracite 3 м,Планка вентиляционная KERRAFRONT FS-262 Anthracite 3 м,Публічна картка товару Mizol; детальні параметри перевіряйте за посиланням,,https://mizol.ua/72197-planka-ventulyacuonnaya-kerrafront-fs-262-anthracite-3-m
Планка вентиляционная KERRAFRONT FS-262 Pearl Grey 3 м,Планка вентиляционная KERRAFRONT FS-262 Pearl Grey 3 м,Публічна картка товару Mizol; детальні параметри перевіряйте за посиланням,,https://mizol.ua/72202-planka-ventulyacuonnaya-kerrafront-fs-262-pearl-grey-3-m
Планка Н Бежевый ASKO NEO 3;8 м,Планка Н Бежевый ASKO NEO 3;8 м,Публічна картка товару Mizol; детальні параметри перевіряйте за посиланням,,https://mizol.ua/67738-planka-n-beghevyy-asko-neo-38-m-
Планка Н Белый ASKO NEO 3;8 м,Планка Н Белый ASKO NEO 3;8 м,Публічна картка товару Mizol; детальні параметри перевіряйте за посиланням,,https://mizol.ua/67737-planka-n-belyy-asko-neo-38-m-
Планка Н Винчестер ASKO NEO 3;8 м,Планка Н Винчестер ASKO NEO 3;8 м,Публічна картка товару Mizol; детальні параметри перевіряйте за посиланням,,https://mizol.ua/67758-planka-n-vunchester-asko-neo-38-m-
Планка Н Графит ASKO NEO 3;8 м,Планка Н Графит ASKO NEO 3;8 м,Публічна картка товару Mizol; детальні параметри перевіряйте за посиланням,,https://mizol.ua/67740-planka-n-grafut-asko-neo-38-m-
Планка Н Золотой дуб ASKO NEO 3;8 м,Планка Н Золотой дуб ASKO NEO 3;8 м,Публічна картка товару Mizol; детальні параметри перевіряйте за посиланням,,https://mizol.ua/67741-planka-n-zolotoy-dub-asko-neo-38-m-
Планка Н Коричневый ASKO NEO 3;8 м,Планка Н Коричневый ASKO NEO 3;8 м,Публічна картка товару Mizol; детальні параметри перевіряйте за посиланням,,https://mizol.ua/67743-planka-n-koruchnevyy-asko-neo-38-m-
Планка Н Орех ASKO NEO 3;8 м,Планка Н Орех ASKO NEO 3;8 м,Публічна картка товару Mizol; детальні параметри перевіряйте за посиланням,,https://mizol.ua/67739-planka-n-oreh-asko-neo-38-m-
Планка Н Светло-серый ASKO NEO 3;8 м,Планка Н Светло-серый ASKO NEO 3;8 м,Публічна картка товару Mizol; детальні параметри перевіряйте за посиланням,,https://mizol.ua/67752-planka-n-svetlo-seryy-asko-neo-38-m-
Планка соединительная KERRAFRONT FS-282 Light Grey 3 м,Планка соединительная KERRAFRONT FS-282 Light Grey 3 м,Публічна картка товару Mizol; детальні параметри перевіряйте за посиланням,,https://mizol.ua/68767-planka-soedunutelynaya-kerrafront-fs-282-light-grey-3-m
Планка соединительная KERRAFRONT FS-282 White 3 м,Планка соединительная KERRAFRONT FS-282 White 3 м,Публічна картка товару Mizol; детальні параметри перевіряйте за посиланням,,https://mizol.ua/46263-planka-soedunutelynaya-kerrafront-fs-282-white-3-m
Планка стартовая KERRAFRONT FS-211 White 3 м,Планка стартовая KERRAFRONT FS-211 White 3 м,Публічна картка товару Mizol; детальні параметри перевіряйте за посиланням,,https://mizol.ua/34853-planka-startovaya-kerrafront-fs-211-white-3-m
Планка финишная KERRAFRONT FS-252 Pearl Grey 3 м,Планка финишная KERRAFRONT FS-252 Pearl Grey 3 м,Публічна картка товару Mizol; детальні параметри перевіряйте за посиланням,,https://mizol.ua/78428-planka-funushnaya-kerrafront-fs-252-pearl-grey-3-m
Планка финишная KERRAFRONT FS-252 White 3 м,Планка финишная KERRAFRONT FS-252 White 3 м,Публічна картка товару Mizol; детальні параметри перевіряйте за посиланням,,https://mizol.ua/46264-planka-funushnaya-kerrafront-fs-252-white-3-m
Пленка мульчирующая SOTRAFA чёрная (25мкм); 1;2*1000м,Пленка мульчирующая SOTRAFA чёрная (25мкм); 1;2*1000м,Публічна картка товару Mizol; детальні параметри перевіряйте за посиланням,,https://mizol.ua/48344-plenka-mulychuruyuschaya-sotrafa-chernaya-25mkm-121000m
Плёнка мульчирующая SOTRAFA чёрная (30 мкм); 1;2*1000м,Плёнка мульчирующая SOTRAFA чёрная (30 мкм); 1;2*1000м,Публічна картка товару Mizol; детальні параметри перевіряйте за посиланням,,https://mizol.ua/54983-plenka-mulychuruyuschaya-sotrafa-chernaya-30-mkm-121000m
Плёнка мульчирующая SOTRAFA чёрная перфорирована (30х25 см) (25 мкм) 1;2*1000м,Плёнка мульчирующая SOTRAFA чёрная перфорирована (30х25 см) (25 мкм) 1;2*1000м,Публічна картка товару Mizol; детальні параметри перевіряйте за посиланням,,https://mizol.ua/48342-plenka-mulychuruyuschaya-sotrafa-chernaya-perforurovana-30h25-sm-25-mkm-121000m
Плита теплоизоляционная из мин.ваты с покрытием Paroc Fireplace Slab 90 AL1 25мм,Плита теплоизоляционная из мин.ваты с покрытием Paroc Fireplace Slab 90 AL1 25мм,Публічна картка товару Mizol; детальні параметри перевіряйте за посиланням,,https://mizol.ua/12629-pluta-teplouzolyacuonnaya-uz-munvaty-s-pokrytuem-paroc-fireplace-slab-90-al1-25mm
Подкровельная гидроизоляционная пленка Гидробарьер Д110,Подкровельная гидроизоляционная пленка Гидробарьер Д110,Публічна картка товару Mizol; детальні параметри перевіряйте за посиланням,,https://mizol.ua/1518-podkrovelynaya-gudrouzolyacuonnaya-plenka-gudrobaryer-d110
Подкровельная гидроизоляционная пленка Гидробарьер Д90,Подкровельная гидроизоляционная пленка Гидробарьер Д90,Публічна картка товару Mizol; детальні параметри перевіряйте за посиланням,,https://mizol.ua/1516-podkrovelynaya-gudrouzolyacuonnaya-plenka-gudrobaryer-d90
Подкровельная гидроизоляционная пленка под металлочерепицу Антиконденсат Н 130,бітумна черепиця,Публічна картка товару Mizol; детальні параметри перевіряйте за посиланням,,https://mizol.ua/1171-podkrovelynaya-gudrouzolyacuonnaya-plenka-pod-metallocherepucu-antukondensat-n-130
Подкровельная пароизоляционная плёнка Паробар'єр Н90,Подкровельная пароизоляционная плёнка Паробар'єр Н90,Публічна картка товару Mizol; детальні параметри перевіряйте за посиланням,,https://mizol.ua/1606-podkrovelynaya-parouzolyacuonnaya-plenka-parobarer-n90
Подкровельная пароизоляционная плёнка Паробарьер Н110,Подкровельная пароизоляционная плёнка Паробарьер Н110,Публічна картка товару Mizol; детальні параметри перевіряйте за посиланням,,https://mizol.ua/1610-podkrovelynaya-parouzolyacuonnaya-plenka-parobaryer-n110
Подкровельная пленка Паробарьер Н170 AL,Подкровельная пленка Паробарьер Н170 AL,Публічна картка товару Mizol; детальні параметри перевіряйте за посиланням,,https://mizol.ua/36506-podkrovelynaya-plenka-parobaryer-n170-al
Полімер-бітумна мембрана IZOBIT SUPER AL 4; 1х7;5 м,мембрана,Публічна картка товару Mizol; детальні параметри перевіряйте за посиланням,,https://mizol.ua/280501-polimer-bitumna-membrana-izobit-super-al-4-1h75-m
Поликарбонатный шифер TOMO Plex бронзовый текстурированный 2000*1045*1;1 мм волна,Поликарбонатный шифер TOMO Plex бронзовый текстурированный 2000*1045*1;1 мм волна,Публічна картка товару Mizol; детальні параметри перевіряйте за посиланням,,https://mizol.ua/229537-polukarbonatnyy-shufer-tomo-plex-bronzovyy-tekstururovannyy-2000104511-mm-volna
Поликарбонатный шифер TOMO Plex прозрачный текстурированный 2000*1045*1;1мм волна,Поликарбонатный шифер TOMO Plex прозрачный текстурированный 2000*1045*1;1мм волна,Публічна картка товару Mizol; детальні параметри перевіряйте за посиланням,,https://mizol.ua/229536-polukarbonatnyy-shufer-tomo-plex-prozrachnyy-tekstururovannyy-2000104511mm-volna
Поликарбонатный шифер TOMO Plex прозрачный текстурированный 2000*1045*1;1мм трапеция,Поликарбонатный шифер TOMO Plex прозрачный текстурированный 2000*1045*1;1мм трапеция,Публічна картка товару Mizol; детальні параметри перевіряйте за посиланням,,https://mizol.ua/229538-polukarbonatnyy-shufer-tomo-plex-prozrachnyy-tekstururovannyy-2000104511mm-trapecuya
Полимер-битумная мембрана DACHBIT 20 250 S52 SBS; 1х6 м,мембрана,Публічна картка товару Mizol; детальні параметри перевіряйте за посиланням,,https://mizol.ua/218299-polumer-butumnaya-membrana-dachbit-20-250-s52-sbs-1h6-m
Полимер-битумная мембрана DACHBIT 5 250 S4 SBS FF; 1х7;5 м,мембрана,Публічна картка товару Mizol; детальні параметри перевіряйте за посиланням,,https://mizol.ua/276893-polumer-butumnaya-membrana-dachbit-5-250-s4-sbs-ff-1h75-m
Полимер-битумная мембрана DACHBIT 5 250 S52 SBS; 1х6 м,мембрана,Публічна картка товару Mizol; детальні параметри перевіряйте за посиланням,,https://mizol.ua/254609-polumer-butumnaya-membrana-dachbit-5-250-s52-sbs-1h6-m
Полимер-битумная мембрана IZOBIT GARDEN 42; 1х7.5 м,мембрана,Публічна картка товару Mizol; детальні параметри перевіряйте за посиланням,,https://mizol.ua/218384-polumer-butumnaya-membrana-izobit-garden-42-1h75-m
Полимер-битумная мембрана IZOBIT MOST; 1х8 м,мембрана,Публічна картка товару Mizol; детальні параметри перевіряйте за посиланням,,https://mizol.ua/218386-polumer-butumnaya-membrana-izobit-most-1h8-m
Полимер-битумная мембрана IZOBIT OPTIMA 52 DUO; 1х6 м,мембрана,Публічна картка товару Mizol; детальні параметри перевіряйте за посиланням,,https://mizol.ua/218378-polumer-butumnaya-membrana-izobit-optima-52-duo-1h6-m
Полимер-битумная мембрана IZOBIT RenoLine; 1х5 м,мембрана,Публічна картка товару Mizol; детальні параметри перевіряйте за посиланням,,https://mizol.ua/218302-polumer-butumnaya-membrana-izobit-renoline-1h5-m
Полимер-битумная мембрана IZOBIT SUPER FIREPROOF W-PYE 250 S52 SBS; 1х5 м,мембрана,Публічна картка товару Mizol; детальні параметри перевіряйте за посиланням,,https://mizol.ua/218379-polumer-butumnaya-membrana-izobit-super-fireproof-w-pye-250-s52-sbs-1h5-m
Полимер-битумная мембрана IZOBIT SUPER P-PYE 250 S 3 SBS FF 1х10,мембрана,Публічна картка товару Mizol; детальні параметри перевіряйте за посиланням,,https://mizol.ua/291267-polumer-butumnaya-membrana-izobit-super-p-pye-250-s-3-sbs-ff-1h10
Полимер-битумная мембрана IZOBIT SUPER PV3 FF; 1х10 м,мембрана,Публічна картка товару Mizol; детальні параметри перевіряйте за посиланням,,https://mizol.ua/218388-polumer-butumnaya-membrana-izobit-super-pv3-ff-1h10-m
Полимер-битумная мембрана IZOBIT SUPER STICK AL; 1х15 м,мембрана,Публічна картка товару Mizol; детальні параметри перевіряйте за посиланням,,https://mizol.ua/218390-polumer-butumnaya-membrana-izobit-super-stick-al-1h15-m
Полимер-битумная мембрана IZOBIT SUPER STICK PV 2;0; 1х15 м,мембрана,Публічна картка товару Mizol; детальні параметри перевіряйте за посиланням,,https://mizol.ua/224377-polumer-butumnaya-membrana-izobit-super-stick-pv-20-1h15-m
Полимер-битумная мембрана IZOBIT SUPER STICK TOP; 1х7.5 м,мембрана,Публічна картка товару Mizol; детальні параметри перевіряйте за посиланням,,https://mizol.ua/218301-polumer-butumnaya-membrana-izobit-super-stick-top-1h75-m
Полимер-битумная мембрана SOPREMA MAMUT PV 3; SBS; 1х15м,мембрана,Публічна картка товару Mizol; детальні параметри перевіряйте за посиланням,,https://mizol.ua/209627-polumer-butumnaya-membrana-soprema-mamut-pv-3%3B-sbs-1h15m
Полимер-битумная мембрана SOPREMA MAMUT PV 4 AR; SBS; 1х10м,мембрана,Публічна картка товару Mizol; детальні параметри перевіряйте за посиланням,,https://mizol.ua/209628-polumer-butumnaya-membrana-soprema-mamut-pv-4-ar%3B-sbs-1h10m
Полимер-битумная мембрана SOPREMA RESISTO V 25; SBS; 1х15м,мембрана,Публічна картка товару Mizol; детальні параметри перевіряйте за посиланням,,https://mizol.ua/218558-polumer-butumnaya-membrana-soprema-resisto-v-25-sbs-1h15m
Полимер-битумная мембрана V-BIT V60 S30; 1х10 м,мембрана,Публічна картка товару Mizol; детальні параметри перевіряйте за посиланням,,https://mizol.ua/218296-polumer-butumnaya-membrana-v-bit-v60-s30-1h10-m
Полимер-битумная мембрана V-BIT V60 S42; 1х7.5 м,мембрана,Публічна картка товару Mizol; детальні параметри перевіряйте за посиланням,,https://mizol.ua/218297-polumer-butumnaya-membrana-v-bit-v60-s42-1h75-m
ППланка VOX “фінішна“ SVP-14 “Горіх“ 3;05 м,ППланка VOX “фінішна“ SVP-14 “Горіх“ 3;05 м,Публічна картка товару Mizol; детальні параметри перевіряйте за посиланням,,https://mizol.ua/291117-pplanka-vox-%E2%80%9Cfinishna%E2%80%9C-svp-14-%E2%80%9Cgorih%E2%80%9C-305-m
Проходка кровельная для плоских крыш коричневая ES,Проходка кровельная для плоских крыш коричневая ES,Публічна картка товару Mizol; детальні параметри перевіряйте за посиланням,,https://mizol.ua/245683-prohodka-krovelynaya-dlya-ploskuh-krysh-koruchnevaya-es
Ремонтная воронка из полиуретана SitaSani 90 с ПВХ фартуком; (диаметр 98-107 мм); высотой 550 мм,Ремонтная воронка из полиуретана SitaSani 90 с ПВХ фартуком; (диаметр 98-107 мм); высотой 550 мм,Публічна картка товару Mizol; детальні параметри перевіряйте за посиланням,,https://mizol.ua/177460-remontnaya-voronka-uz-poluuretana-sitasani-90-s-pvh-fartukom-duametr-98-107-mm-vysotoy-550-mm
Ремонтная воронка из полиуретана SitaSani 95 с Битумным фартуком; (диаметр 100-140 мм); высотой 550 мм,Ремонтная воронка из полиуретана SitaSani 95 с Битумным фартуком; (диаметр 100-140 мм); высотой 550 мм,Публічна картка товару Mizol; детальні параметри перевіряйте за посиланням,,https://mizol.ua/207708-remontnaya-voronka-uz-poluuretana-sitasani-95-s-butumnym-fartukom-duametr-100-140-mm-vysotoy-550-mm
Ремонтная воронка из полиуретана SitaSani 95 с ПВХ фартуком; (диаметр 100-140 мм); высота 550 мм,Ремонтная воронка из полиуретана SitaSani 95 с ПВХ фартуком; (диаметр 100-140 мм); высота 550 мм,Публічна картка товару Mizol; детальні параметри перевіряйте за посиланням,,https://mizol.ua/129735-remontnaya-voronka-uz-poluuretana-sitasani-95-s-pvh-fartukom-duametr-100-140-mm-vysota-550-mm
Сверхпрочная паропроницаемая мембрана Tyvek Supro (1;5х50м),мембрана,Публічна картка товару Mizol; детальні параметри перевіряйте за посиланням,,https://mizol.ua/260803-sverhprochnaya-paropronucaemaya-membrana-tyvek-supro-15h50m
Сетка для затенения KARATZIS 35% (6*50м),Сетка для затенения KARATZIS 35% (6*50м),Публічна картка товару Mizol; детальні параметри перевіряйте за посиланням,,https://mizol.ua/203709-setka-dlya-zatenenuya-karatzis-35-650m
Сетка для затенения KARATZIS 35% (8*50м),Сетка для затенения KARATZIS 35% (8*50м),Публічна картка товару Mizol; детальні параметри перевіряйте за посиланням,,https://mizol.ua/203710-setka-dlya-zatenenuya-karatzis-35-850m
Сетка для затенения KARATZIS 50% (2*50м),Сетка для затенения KARATZIS 50% (2*50м),Публічна картка товару Mizol; детальні параметри перевіряйте за посиланням,,https://mizol.ua/203707-setka-dlya-zatenenuya-karatzis-50-250m
Сетка для затенения KARATZIS 50% (3*50м),Сетка для затенения KARATZIS 50% (3*50м),Публічна картка товару Mizol; детальні параметри перевіряйте за посиланням,,https://mizol.ua/203711-setka-dlya-zatenenuya-karatzis-50-350m
Сетка для затенения KARATZIS 50% (4*50м),Сетка для затенения KARATZIS 50% (4*50м),Публічна картка товару Mizol; детальні параметри перевіряйте за посиланням,,https://mizol.ua/201353-setka-dlya-zatenenuya-karatzis-50-450m
Сетка для затенения KARATZIS 50% (6*50м),Сетка для затенения KARATZIS 50% (6*50м),Публічна картка товару Mizol; детальні параметри перевіряйте за посиланням,,https://mizol.ua/201351-setka-dlya-zatenenuya-karatzis-50-650m
Сетка для затенения KARATZIS 50% (8*50м),Сетка для затенения KARATZIS 50% (8*50м),Публічна картка товару Mizol; детальні параметри перевіряйте за посиланням,,https://mizol.ua/203712-setka-dlya-zatenenuya-karatzis-50-850m
Сетка для затенения KARATZIS 65% (10*50м),Сетка для затенения KARATZIS 65% (10*50м),Публічна картка товару Mizol; детальні параметри перевіряйте за посиланням,,https://mizol.ua/236824-setka-dlya-zatenenuya-karatzis-65-1050m
Сетка для затенения KARATZIS 65% (4*50м),Сетка для затенения KARATZIS 65% (4*50м),Публічна картка товару Mizol; детальні параметри перевіряйте за посиланням,,https://mizol.ua/201348-setka-dlya-zatenenuya-karatzis-65-450m
Сетка для затенения KARATZIS 65% (6*50м),Сетка для затенения KARATZIS 65% (6*50м),Публічна картка товару Mizol; детальні параметри перевіряйте за посиланням,,https://mizol.ua/201352-setka-dlya-zatenenuya-karatzis-65-650m
Сетка для затенения KARATZIS 85% (4*50м),Сетка для затенения KARATZIS 85% (4*50м),Публічна картка товару Mizol; детальні параметри перевіряйте за посиланням,,https://mizol.ua/201350-setka-dlya-zatenenuya-karatzis-85-450m
Слив Regenau 100 белый,Слив Regenau 100 белый,Публічна картка товару Mizol; детальні параметри перевіряйте за посиланням,,https://mizol.ua/166070-sluv-regenau-100-belyy
Слив Regenau 100 графит,Слив Regenau 100 графит,Публічна картка товару Mizol; детальні параметри перевіряйте за посиланням,,https://mizol.ua/166071-sluv-regenau-100-grafut
Слив Regenau 100 коричневый,Слив Regenau 100 коричневый,Публічна картка товару Mizol; детальні параметри перевіряйте за посиланням,,https://mizol.ua/166072-sluv-regenau-100-koruchnevyy
Слив Regenau 80 белый,Слив Regenau 80 белый,Публічна картка товару Mizol; детальні параметри перевіряйте за посиланням,,https://mizol.ua/166067-sluv-regenau-80-belyy
Слив Regenau 80 графит,Слив Regenau 80 графит,Публічна картка товару Mizol; детальні параметри перевіряйте за посиланням,,https://mizol.ua/166068-sluv-regenau-80-grafut
Слив Regenau 80 коричневый,Слив Regenau 80 коричневый,Публічна картка товару Mizol; детальні параметри перевіряйте за посиланням,,https://mizol.ua/166069-sluv-regenau-80-koruchnevyy
Соединитель панели KERRAFRONT CLASSIC J-201 White 0;18 м,Соединитель панели KERRAFRONT CLASSIC J-201 White 0;18 м,Публічна картка товару Mizol; детальні параметри перевіряйте за посиланням,,https://mizol.ua/46272-soedunutely-panelu-kerrafront-classic-j-201-white-018-m
Соединитель панели KERRAFRONT CLASSIC J-202 Anthracite 0;322 м,Соединитель панели KERRAFRONT CLASSIC J-202 Anthracite 0;322 м,Публічна картка товару Mizol; детальні параметри перевіряйте за посиланням,,https://mizol.ua/78399-soedunutely-panelu-kerrafront-classic-j-202-anthracite-0322-m
Соединитель панели KERRAFRONT CLASSIC J-202 Light Grey 0;322 м,Соединитель панели KERRAFRONT CLASSIC J-202 Light Grey 0;322 м,Публічна картка товару Mizol; детальні параметри перевіряйте за посиланням,,https://mizol.ua/78395-soedunutely-panelu-kerrafront-classic-j-202-light-grey-0322-m
Соединитель панели KERRAFRONT MW J-302 Ivory 0;322 м,Соединитель панели KERRAFRONT MW J-302 Ivory 0;322 м,Публічна картка товару Mizol; детальні параметри перевіряйте за посиланням,,https://mizol.ua/78382-soedunutely-panelu-kerrafront-mw-j-302-ivory-0322-m
Соединитель панели KERRAFRONT MW J-302 Pearl Grey 0;322 м,Соединитель панели KERRAFRONT MW J-302 Pearl Grey 0;322 м,Публічна картка товару Mizol; детальні параметри перевіряйте за посиланням,,https://mizol.ua/78381-soedunutely-panelu-kerrafront-mw-j-302-pearl-grey-0322-m
Соединитель трубы Regenau 100 белый,Соединитель трубы Regenau 100 белый,Публічна картка товару Mizol; детальні параметри перевіряйте за посиланням,,https://mizol.ua/166082-soedunutely-truby-regenau-100-belyy
Соединитель трубы Regenau 100 графит,Соединитель трубы Regenau 100 графит,Публічна картка товару Mizol; детальні параметри перевіряйте за посиланням,,https://mizol.ua/166083-soedunutely-truby-regenau-100-grafut
Соединитель трубы Regenau 100 коричневый,Соединитель трубы Regenau 100 коричневый,Публічна картка товару Mizol; детальні параметри перевіряйте за посиланням,,https://mizol.ua/166084-soedunutely-truby-regenau-100-koruchnevyy
Соединитель трубы Regenau 80 белый,Соединитель трубы Regenau 80 белый,Публічна картка товару Mizol; детальні параметри перевіряйте за посиланням,,https://mizol.ua/166079-soedunutely-truby-regenau-80-belyy
Соединитель трубы Regenau 80 графит,Соединитель трубы Regenau 80 графит,Публічна картка товару Mizol; детальні параметри перевіряйте за посиланням,,https://mizol.ua/166080-soedunutely-truby-regenau-80-grafut
Соединитель трубы Regenau 80 коричневый,Соединитель трубы Regenau 80 коричневый,Публічна картка товару Mizol; детальні параметри перевіряйте за посиланням,,https://mizol.ua/166081-soedunutely-truby-regenau-80-koruchnevyy
Стальной радиатор PURMO Compact 11 500x 1000,Стальной радиатор PURMO Compact 11 500x 1000,Публічна картка товару Mizol; детальні параметри перевіряйте за посиланням,,https://mizol.ua/21475-stalynoy-raduator-purmo-compact-11-500x-1000
Стальной радиатор PURMO Compact 11 500x 400,Стальной радиатор PURMO Compact 11 500x 400,Публічна картка товару Mizol; детальні параметри перевіряйте за посиланням,,https://mizol.ua/21405-stalynoy-raduator-purmo-compact-11-500x-400
Стальной радиатор PURMO Compact 11 500x500,Стальной радиатор PURMO Compact 11 500x500,Публічна картка товару Mizol; детальні параметри перевіряйте за посиланням,,https://mizol.ua/21364-stalynoy-raduator-purmo-compact-11-500x500
Стальной радиатор PURMO Compact 22 300x 1200,Стальной радиатор PURMO Compact 22 300x 1200,Публічна картка товару Mizol; детальні параметри перевіряйте за посиланням,,https://mizol.ua/22314-stalynoy-raduator-purmo-compact-22-300x-1200
Стальной радиатор PURMO Compact 22 300x 1400,Стальной радиатор PURMO Compact 22 300x 1400,Публічна картка товару Mizol; детальні параметри перевіряйте за посиланням,,https://mizol.ua/22218-stalynoy-raduator-purmo-compact-22-300x-1400
Стальной радиатор PURMO Compact 22 300x 1600,Стальной радиатор PURMO Compact 22 300x 1600,Публічна картка товару Mizol; детальні параметри перевіряйте за посиланням,,https://mizol.ua/21817-stalynoy-raduator-purmo-compact-22-300x-1600
Стальной радиатор PURMO Compact 22 500x 1200,Стальной радиатор PURMO Compact 22 500x 1200,Публічна картка товару Mizol; детальні параметри перевіряйте за посиланням,,https://mizol.ua/20928-stalynoy-raduator-purmo-compact-22-500x-1200
Стальной радиатор PURMO Compact 22 500x 1400,Стальной радиатор PURMO Compact 22 500x 1400,Публічна картка товару Mizol; детальні параметри перевіряйте за посиланням,,https://mizol.ua/20952-stalynoy-raduator-purmo-compact-22-500x-1400
Стальной радиатор PURMO Compact 22 500x 1600,Стальной радиатор PURMO Compact 22 500x 1600,Публічна картка товару Mizol; детальні параметри перевіряйте за посиланням,,https://mizol.ua/20953-stalynoy-raduator-purmo-compact-22-500x-1600
Стальной радиатор PURMO Compact 22 500x 1800,Стальной радиатор PURMO Compact 22 500x 1800,Публічна картка товару Mizol; детальні параметри перевіряйте за посиланням,,https://mizol.ua/21904-stalynoy-raduator-purmo-compact-22-500x-1800
Стальной радиатор PURMO Compact 22 500x 2000,Стальной радиатор PURMO Compact 22 500x 2000,Публічна картка товару Mizol; детальні параметри перевіряйте за посиланням,,https://mizol.ua/21149-stalynoy-raduator-purmo-compact-22-500x-2000
Стальной радиатор PURMO Compact 22 500x 500,Стальной радиатор PURMO Compact 22 500x 500,Публічна картка товару Mizol; детальні параметри перевіряйте за посиланням,,https://mizol.ua/20919-stalynoy-raduator-purmo-compact-22-500x-500
Стальной радиатор PURMO Compact 22 500x 800,Стальной радиатор PURMO Compact 22 500x 800,Публічна картка товару Mizol; детальні параметри перевіряйте за посиланням,,https://mizol.ua/20924-stalynoy-raduator-purmo-compact-22-500x-800
Стальной радиатор PURMO Compact 22 500x 900,Стальной радиатор PURMO Compact 22 500x 900,Публічна картка товару Mizol; детальні параметри перевіряйте за посиланням,,https://mizol.ua/20925-stalynoy-raduator-purmo-compact-22-500x-900
Стальной радиатор PURMO Compact 22 600x 1000,Стальной радиатор PURMO Compact 22 600x 1000,Публічна картка товару Mizol; детальні параметри перевіряйте за посиланням,,https://mizol.ua/20935-stalynoy-raduator-purmo-compact-22-600x-1000
Стальной радиатор PURMO Compact 22 600x 1200,Стальной радиатор PURMO Compact 22 600x 1200,Публічна картка товару Mizol; детальні параметри перевіряйте за посиланням,,https://mizol.ua/20937-stalynoy-raduator-purmo-compact-22-600x-1200
Стальной радиатор PURMO Compact 22 600x 1400,Стальной радиатор PURMO Compact 22 600x 1400,Публічна картка товару Mizol; детальні параметри перевіряйте за посиланням,,https://mizol.ua/20938-stalynoy-raduator-purmo-compact-22-600x-1400
Стальной радиатор PURMO Compact 33 500x 1000,Стальной радиатор PURMO Compact 33 500x 1000,Публічна картка товару Mizol; детальні параметри перевіряйте за посиланням,,https://mizol.ua/22207-stalynoy-raduator-purmo-compact-33-500x-1000
Стальной радиатор PURMO Ventil Compact 11 500x 600,Стальной радиатор PURMO Ventil Compact 11 500x 600,Публічна картка товару Mizol; детальні параметри перевіряйте за посиланням,,https://mizol.ua/21011-stalynoy-raduator-purmo-ventil-compact-11-500x-600
Стальной радиатор PURMO Ventil Compact 22 200x 1000,Стальной радиатор PURMO Ventil Compact 22 200x 1000,Публічна картка товару Mizol; детальні параметри перевіряйте за посиланням,,https://mizol.ua/21922-stalynoy-raduator-purmo-ventil-compact-22-200x-1000
Стальной радиатор PURMO Ventil Compact 22 200x 1200,Стальной радиатор PURMO Ventil Compact 22 200x 1200,Публічна картка товару Mizol; детальні параметри перевіряйте за посиланням,,https://mizol.ua/21924-stalynoy-raduator-purmo-ventil-compact-22-200x-1200
Стальной радиатор PURMO Ventil Compact 22 200x 1400,Стальной радиатор PURMO Ventil Compact 22 200x 1400,Публічна картка товару Mizol; детальні параметри перевіряйте за посиланням,,https://mizol.ua/21925-stalynoy-raduator-purmo-ventil-compact-22-200x-1400
Стальной радиатор PURMO Ventil Compact 22 200x 1600,Стальной радиатор PURMO Ventil Compact 22 200x 1600,Публічна картка товару Mizol; детальні параметри перевіряйте за посиланням,,https://mizol.ua/21936-stalynoy-raduator-purmo-ventil-compact-22-200x-1600
Стальной радиатор PURMO Ventil Compact 22 200x 1800,Стальной радиатор PURMO Ventil Compact 22 200x 1800,Публічна картка товару Mizol; детальні параметри перевіряйте за посиланням,,https://mizol.ua/23381-stalynoy-raduator-purmo-ventil-compact-22-200x-1800
Стальной радиатор PURMO Ventil Compact 22 200x 2000,Стальной радиатор PURMO Ventil Compact 22 200x 2000,Публічна картка товару Mizol; детальні параметри перевіряйте за посиланням,,https://mizol.ua/22818-stalynoy-raduator-purmo-ventil-compact-22-200x-2000
Стальной радиатор PURMO Ventil Compact 22 200x 2300,Стальной радиатор PURMO Ventil Compact 22 200x 2300,Публічна картка товару Mizol; детальні параметри перевіряйте за посиланням,,https://mizol.ua/23621-stalynoy-raduator-purmo-ventil-compact-22-200x-2300
Стальной радиатор PURMO Ventil Compact 22 200x 2600,Стальной радиатор PURMO Ventil Compact 22 200x 2600,Публічна картка товару Mizol; детальні параметри перевіряйте за посиланням,,https://mizol.ua/23296-stalynoy-raduator-purmo-ventil-compact-22-200x-2600
Стальной радиатор PURMO Ventil Compact 22 200x 800,Стальной радиатор PURMO Ventil Compact 22 200x 800,Публічна картка товару Mizol; детальні параметри перевіряйте за посиланням,,https://mizol.ua/21934-stalynoy-raduator-purmo-ventil-compact-22-200x-800
Стальной радиатор PURMO Ventil Compact 22 300x 1200,Стальной радиатор PURMO Ventil Compact 22 300x 1200,Публічна картка товару Mizol; детальні параметри перевіряйте за посиланням,,https://mizol.ua/20908-stalynoy-raduator-purmo-ventil-compact-22-300x-1200
Стальной радиатор PURMO Ventil Compact 22 300x 1600,Стальной радиатор PURMO Ventil Compact 22 300x 1600,Публічна картка товару Mizol; детальні параметри перевіряйте за посиланням,,https://mizol.ua/20910-stalynoy-raduator-purmo-ventil-compact-22-300x-1600
Стальной радиатор PURMO Ventil Compact 22 300x 1800,Стальной радиатор PURMO Ventil Compact 22 300x 1800,Публічна картка товару Mizol; детальні параметри перевіряйте за посиланням,,https://mizol.ua/21196-stalynoy-raduator-purmo-ventil-compact-22-300x-1800
Стальной радиатор PURMO Ventil Compact 22 300x 2600,Стальной радиатор PURMO Ventil Compact 22 300x 2600,Публічна картка товару Mizol; детальні параметри перевіряйте за посиланням,,https://mizol.ua/21996-stalynoy-raduator-purmo-ventil-compact-22-300x-2600
Стальной радиатор PURMO Ventil Compact 22 300x 600,Стальной радиатор PURMO Ventil Compact 22 300x 600,Публічна картка товару Mizol; детальні параметри перевіряйте за посиланням,,https://mizol.ua/21273-stalynoy-raduator-purmo-ventil-compact-22-300x-600
Стальной радиатор PURMO Ventil Compact 22 300x 800,Стальной радиатор PURMO Ventil Compact 22 300x 800,Публічна картка товару Mizol; детальні параметри перевіряйте за посиланням,,https://mizol.ua/20906-stalynoy-raduator-purmo-ventil-compact-22-300x-800
Стальной радиатор PURMO Ventil Compact 22 300х 700,Стальной радиатор PURMO Ventil Compact 22 300х 700,Публічна картка товару Mizol; детальні параметри перевіряйте за посиланням,,https://mizol.ua/22054-stalynoy-raduator-purmo-ventil-compact-22-300h-700
Стальной радиатор PURMO Ventil Compact 22 500x 1000,Стальной радиатор PURMO Ventil Compact 22 500x 1000,Публічна картка товару Mizol; детальні параметри перевіряйте за посиланням,,https://mizol.ua/20945-stalynoy-raduator-purmo-ventil-compact-22-500x-1000
Стальной радиатор PURMO Ventil Compact 22 500x 1100,Стальной радиатор PURMO Ventil Compact 22 500x 1100,Публічна картка товару Mizol; детальні параметри перевіряйте за посиланням,,https://mizol.ua/20946-stalynoy-raduator-purmo-ventil-compact-22-500x-1100
Стальной радиатор PURMO Ventil Compact 22 500x 1200,Стальной радиатор PURMO Ventil Compact 22 500x 1200,Публічна картка товару Mizol; детальні параметри перевіряйте за посиланням,,https://mizol.ua/20947-stalynoy-raduator-purmo-ventil-compact-22-500x-1200
Стальной радиатор PURMO Ventil Compact 22 500x 1400,Стальной радиатор PURMO Ventil Compact 22 500x 1400,Публічна картка товару Mizol; детальні параметри перевіряйте за посиланням,,https://mizol.ua/20929-stalynoy-raduator-purmo-ventil-compact-22-500x-1400
Стальной радиатор PURMO Ventil Compact 22 500x 1600,Стальной радиатор PURMO Ventil Compact 22 500x 1600,Публічна картка товару Mizol; детальні параметри перевіряйте за посиланням,,https://mizol.ua/20930-stalynoy-raduator-purmo-ventil-compact-22-500x-1600
Стальной радиатор PURMO Ventil Compact 22 500x 1800,Стальной радиатор PURMO Ventil Compact 22 500x 1800,Публічна картка товару Mizol; детальні параметри перевіряйте за посиланням,,https://mizol.ua/20948-stalynoy-raduator-purmo-ventil-compact-22-500x-1800
Стальной радиатор PURMO Ventil Compact 22 500x 2000,Стальной радиатор PURMO Ventil Compact 22 500x 2000,Публічна картка товару Mizol; детальні параметри перевіряйте за посиланням,,https://mizol.ua/21151-stalynoy-raduator-purmo-ventil-compact-22-500x-2000
Стальной радиатор PURMO Ventil Compact 22 500x 400,Стальной радиатор PURMO Ventil Compact 22 500x 400,Публічна картка товару Mizol; детальні параметри перевіряйте за посиланням,,https://mizol.ua/20939-stalynoy-raduator-purmo-ventil-compact-22-500x-400
Стальной радиатор PURMO Ventil Compact 22 500x 500,Стальной радиатор PURMO Ventil Compact 22 500x 500,Публічна картка товару Mizol; детальні параметри перевіряйте за посиланням,,https://mizol.ua/20940-stalynoy-raduator-purmo-ventil-compact-22-500x-500
Стальной радиатор PURMO Ventil Compact 22 500x 600,Стальной радиатор PURMO Ventil Compact 22 500x 600,Публічна картка товару Mizol; детальні параметри перевіряйте за посиланням,,https://mizol.ua/20941-stalynoy-raduator-purmo-ventil-compact-22-500x-600
Стальной радиатор PURMO Ventil Compact 22 500x 700,Стальной радиатор PURMO Ventil Compact 22 500x 700,Публічна картка товару Mizol; детальні параметри перевіряйте за посиланням,,https://mizol.ua/20942-stalynoy-raduator-purmo-ventil-compact-22-500x-700
Стальной радиатор PURMO Ventil Compact 22 500x 800,Стальной радиатор PURMO Ventil Compact 22 500x 800,Публічна картка товару Mizol; детальні параметри перевіряйте за посиланням,,https://mizol.ua/20943-stalynoy-raduator-purmo-ventil-compact-22-500x-800
Стальной радиатор PURMO Ventil Compact 22 500x 900,Стальной радиатор PURMO Ventil Compact 22 500x 900,Публічна картка товару Mizol; детальні параметри перевіряйте за посиланням,,https://mizol.ua/20944-stalynoy-raduator-purmo-ventil-compact-22-500x-900
Стальной радиатор PURMO Ventil Compact 22 600x 1200,Стальной радиатор PURMO Ventil Compact 22 600x 1200,Публічна картка товару Mizol; детальні параметри перевіряйте за посиланням,,https://mizol.ua/20991-stalynoy-raduator-purmo-ventil-compact-22-600x-1200
Стальной радиатор PURMO Ventil Compact 22 600x 500,Стальной радиатор PURMO Ventil Compact 22 600x 500,Публічна картка товару Mizol; детальні параметри перевіряйте за посиланням,,https://mizol.ua/20985-stalynoy-raduator-purmo-ventil-compact-22-600x-500
Стальной радиатор PURMO Ventil Compact 22 600x 700,Стальной радиатор PURMO Ventil Compact 22 600x 700,Публічна картка товару Mizol; детальні параметри перевіряйте за посиланням,,https://mizol.ua/20989-stalynoy-raduator-purmo-ventil-compact-22-600x-700
Стальной радиатор PURMO Ventil Compact 22 900x 500,Стальной радиатор PURMO Ventil Compact 22 900x 500,Публічна картка товару Mizol; детальні параметри перевіряйте за посиланням,,https://mizol.ua/21906-stalynoy-raduator-purmo-ventil-compact-22-900x-500
Стальной радиатор PURMO Ventil Compact 33 300х 1000,Стальной радиатор PURMO Ventil Compact 33 300х 1000,Публічна картка товару Mizol; детальні параметри перевіряйте за посиланням,,https://mizol.ua/22279-stalynoy-raduator-purmo-ventil-compact-33-300h-1000
Стальной радиатор PURMO Ventil Compact 33 300х 1200,Стальной радиатор PURMO Ventil Compact 33 300х 1200,Публічна картка товару Mizol; детальні параметри перевіряйте за посиланням,,https://mizol.ua/22247-stalynoy-raduator-purmo-ventil-compact-33-300h-1200
Стальной радиатор PURMO Ventil Compact 33 300х 1400,Стальной радиатор PURMO Ventil Compact 33 300х 1400,Публічна картка товару Mizol; детальні параметри перевіряйте за посиланням,,https://mizol.ua/22248-stalynoy-raduator-purmo-ventil-compact-33-300h-1400
Стальной радиатор PURMO Ventil Compact 33 300х 1600,Стальной радиатор PURMO Ventil Compact 33 300х 1600,Публічна картка товару Mizol; детальні параметри перевіряйте за посиланням,,https://mizol.ua/20980-stalynoy-raduator-purmo-ventil-compact-33-300h-1600
Стальной радиатор PURMO Ventil Compact 33 500x 1000,Стальной радиатор PURMO Ventil Compact 33 500x 1000,Публічна картка товару Mizol; детальні параметри перевіряйте за посиланням,,https://mizol.ua/20949-stalynoy-raduator-purmo-ventil-compact-33-500x-1000
Стальной радиатор PURMO Ventil Compact 33 500x 1200,Стальной радиатор PURMO Ventil Compact 33 500x 1200,Публічна картка товару Mizol; детальні параметри перевіряйте за посиланням,,https://mizol.ua/22163-stalynoy-raduator-purmo-ventil-compact-33-500x-1200
Стальной радиатор PURMO Ventil Compact 33 500x 1600,Стальной радиатор PURMO Ventil Compact 33 500x 1600,Публічна картка товару Mizol; детальні параметри перевіряйте за посиланням,,https://mizol.ua/20950-stalynoy-raduator-purmo-ventil-compact-33-500x-1600
Стартовая полоса для битумной черепицы Cambridge,бітумна черепиця,Публічна картка товару Mizol; детальні параметри перевіряйте за посиланням,,https://mizol.ua/78496-startovaya-polosa-dlya-butumnoy-cherepucy-cambridge
Супердиффузионная мембрана Monolitic,мембрана,Публічна картка товару Mizol; детальні параметри перевіряйте за посиланням,,https://mizol.ua/67365-superduffuzuonnaya-membrana-monolitic
Супердиффузионная мембрана Thermoisol 2AP,мембрана,Публічна картка товару Mizol; детальні параметри перевіряйте за посиланням,,https://mizol.ua/48143-superduffuzuonnaya-membrana-thermoisol-2ap
Супердиффузионная мембрана Евробарьер,мембрана,Публічна картка товару Mizol; детальні параметри перевіряйте за посиланням,,https://mizol.ua/1523-superduffuzuonnaya-membrana-evrobaryer
Супердиффузионная мембрана Евробарьер 210 Супер 2AP,мембрана,Публічна картка товару Mizol; детальні параметри перевіряйте за посиланням,,https://mizol.ua/55002-superduffuzuonnaya-membrana-evrobaryer-210-super-2ap
Супердиффузионная мембрана Евробарьер F150,мембрана,Публічна картка товару Mizol; детальні параметри перевіряйте за посиланням,,https://mizol.ua/245215-superduffuzuonnaya-membrana-evrobaryer-f150
Супердиффузионная мембрана Евробарьер Q160,мембрана,Публічна картка товару Mizol; детальні параметри перевіряйте за посиланням,,https://mizol.ua/1527-superduffuzuonnaya-membrana-evrobaryer-q160
Супердиффузионная мембрана Евробарьер Плюс,мембрана,Публічна картка товару Mizol; детальні параметри перевіряйте за посиланням,,https://mizol.ua/1526-superduffuzuonnaya-membrana-evrobaryer-plyus
Теплоизоляция каучуковая для труб Eurobatex 13-018,Теплоизоляция каучуковая для труб Eurobatex 13-018,Публічна картка товару Mizol; детальні параметри перевіряйте за посиланням,,https://mizol.ua/1984-teplouzolyacuya-kauchukovaya-dlya-trub-eurobatex-13-018
Теплоизоляция каучуковая для труб Eurobatex 13-022,Теплоизоляция каучуковая для труб Eurobatex 13-022,Публічна картка товару Mizol; детальні параметри перевіряйте за посиланням,,https://mizol.ua/1985-teplouzolyacuya-kauchukovaya-dlya-trub-eurobatex-13-022
Теплоизоляция каучуковая для труб Eurobatex 13-028,Теплоизоляция каучуковая для труб Eurobatex 13-028,Публічна картка товару Mizol; детальні параметри перевіряйте за посиланням,,https://mizol.ua/1986-teplouzolyacuya-kauchukovaya-dlya-trub-eurobatex-13-028
Теплоизоляция каучуковая для труб Eurobatex 13-035,Теплоизоляция каучуковая для труб Eurobatex 13-035,Публічна картка товару Mizol; детальні параметри перевіряйте за посиланням,,https://mizol.ua/1987-teplouzolyacuya-kauchukovaya-dlya-trub-eurobatex-13-035
Теплоизоляция каучуковая для труб Eurobatex 13-042,Теплоизоляция каучуковая для труб Eurobatex 13-042,Публічна картка товару Mizol; детальні параметри перевіряйте за посиланням,,https://mizol.ua/1988-teplouzolyacuya-kauchukovaya-dlya-trub-eurobatex-13-042
Теплоизоляция каучуковая для труб Eurobatex 13-048,Теплоизоляция каучуковая для труб Eurobatex 13-048,Публічна картка товару Mizol; детальні параметри перевіряйте за посиланням,,https://mizol.ua/1989-teplouzolyacuya-kauchukovaya-dlya-trub-eurobatex-13-048
Теплоизоляция каучуковая для труб Eurobatex 13-054,Теплоизоляция каучуковая для труб Eurobatex 13-054,Публічна картка товару Mizol; детальні параметри перевіряйте за посиланням,,https://mizol.ua/1990-teplouzolyacuya-kauchukovaya-dlya-trub-eurobatex-13-054
Теплоизоляция каучуковая для труб Eurobatex 13-060,Теплоизоляция каучуковая для труб Eurobatex 13-060,Публічна картка товару Mizol; детальні параметри перевіряйте за посиланням,,https://mizol.ua/1991-teplouzolyacuya-kauchukovaya-dlya-trub-eurobatex-13-060
Теплоизоляция каучуковая для труб Eurobatex 13-076,Теплоизоляция каучуковая для труб Eurobatex 13-076,Публічна картка товару Mizol; детальні параметри перевіряйте за посиланням,,https://mizol.ua/1993-teplouzolyacuya-kauchukovaya-dlya-trub-eurobatex-13-076
Теплоизоляция каучуковая для труб Eurobatex 13-090,Теплоизоляция каучуковая для труб Eurobatex 13-090,Публічна картка товару Mizol; детальні параметри перевіряйте за посиланням,,https://mizol.ua/1994-teplouzolyacuya-kauchukovaya-dlya-trub-eurobatex-13-090
Теплоизоляция каучуковая для труб Eurobatex 13-108,Теплоизоляция каучуковая для труб Eurobatex 13-108,Публічна картка товару Mizol; детальні параметри перевіряйте за посиланням,,https://mizol.ua/1978-teplouzolyacuya-kauchukovaya-dlya-trub-eurobatex-13-108
Теплоизоляция каучуковая для труб Eurobatex 13-114,Теплоизоляция каучуковая для труб Eurobatex 13-114,Публічна картка товару Mizol; детальні параметри перевіряйте за посиланням,,https://mizol.ua/1979-teplouzolyacuya-kauchukovaya-dlya-trub-eurobatex-13-114
Теплоизоляция каучуковая для труб Eurobatex 19-022,Теплоизоляция каучуковая для труб Eurobatex 19-022,Публічна картка товару Mizol; детальні параметри перевіряйте за посиланням,,https://mizol.ua/2003-teplouzolyacuya-kauchukovaya-dlya-trub-eurobatex-19-022
Теплоизоляция каучуковая для труб Eurobatex 19-028,Теплоизоляция каучуковая для труб Eurobatex 19-028,Публічна картка товару Mizol; детальні параметри перевіряйте за посиланням,,https://mizol.ua/2004-teplouzolyacuya-kauchukovaya-dlya-trub-eurobatex-19-028
Теплоизоляция каучуковая для труб Eurobatex 19-035,Теплоизоляция каучуковая для труб Eurobatex 19-035,Публічна картка товару Mizol; детальні параметри перевіряйте за посиланням,,https://mizol.ua/2005-teplouzolyacuya-kauchukovaya-dlya-trub-eurobatex-19-035
Теплоизоляция каучуковая для труб Eurobatex 19-048,Теплоизоляция каучуковая для труб Eurobatex 19-048,Публічна картка товару Mizol; детальні параметри перевіряйте за посиланням,,https://mizol.ua/2007-teplouzolyacuya-kauchukovaya-dlya-trub-eurobatex-19-048
Теплоизоляция каучуковая для труб Eurobatex 19-054,Теплоизоляция каучуковая для труб Eurobatex 19-054,Публічна картка товару Mizol; детальні параметри перевіряйте за посиланням,,https://mizol.ua/2008-teplouzolyacuya-kauchukovaya-dlya-trub-eurobatex-19-054
Теплоизоляция каучуковая для труб Eurobatex 19-060,Теплоизоляция каучуковая для труб Eurobatex 19-060,Публічна картка товару Mizol; детальні параметри перевіряйте за посиланням,,https://mizol.ua/2009-teplouzolyacuya-kauchukovaya-dlya-trub-eurobatex-19-060
Теплоизоляция каучуковая для труб Eurobatex 19-076,Теплоизоляция каучуковая для труб Eurobatex 19-076,Публічна картка товару Mizol; детальні параметри перевіряйте за посиланням,,https://mizol.ua/2011-teplouzolyacuya-kauchukovaya-dlya-trub-eurobatex-19-076
Теплоизоляция каучуковая для труб Eurobatex 19-090,Теплоизоляция каучуковая для труб Eurobatex 19-090,Публічна картка товару Mizol; детальні параметри перевіряйте за посиланням,,https://mizol.ua/2012-teplouzolyacuya-kauchukovaya-dlya-trub-eurobatex-19-090
Теплоизоляция каучуковая для труб Eurobatex 19-108,Теплоизоляция каучуковая для труб Eurobatex 19-108,Публічна картка товару Mizol; детальні параметри перевіряйте за посиланням,,https://mizol.ua/1998-teplouzolyacuya-kauchukovaya-dlya-trub-eurobatex-19-108
Теплоизоляция каучуковая для труб Eurobatex 19-114,Теплоизоляция каучуковая для труб Eurobatex 19-114,Публічна картка товару Mizol; детальні параметри перевіряйте за посиланням,,https://mizol.ua/3206-teplouzolyacuya-kauchukovaya-dlya-trub-eurobatex-19-114
Теплоизоляция каучуковая для труб Eurobatex 25-018,Теплоизоляция каучуковая для труб Eurobatex 25-018,Публічна картка товару Mizol; детальні параметри перевіряйте за посиланням,,https://mizol.ua/50573-teplouzolyacuya-kauchukovaya-dlya-trub-eurobatex-25-018
Теплоизоляция каучуковая для труб Eurobatex 25-133,Теплоизоляция каучуковая для труб Eurobatex 25-133,Публічна картка товару Mizol; детальні параметри перевіряйте за посиланням,,https://mizol.ua/25310-teplouzolyacuya-kauchukovaya-dlya-trub-eurobatex-25-133
Теплоизоляция каучуковая для труб Eurobatex 6-015/016,Теплоизоляция каучуковая для труб Eurobatex 6-015/016,Публічна картка товару Mizol; детальні параметри перевіряйте за посиланням,,https://mizol.ua/58447-teplouzolyacuya-kauchukovaya-dlya-trub-eurobatex-6-015016
Теплоизоляция каучуковая для труб Eurobatex 6-035,Теплоизоляция каучуковая для труб Eurobatex 6-035,Публічна картка товару Mizol; детальні параметри перевіряйте за посиланням,,https://mizol.ua/2030-teplouzolyacuya-kauchukovaya-dlya-trub-eurobatex-6-035
Теплоизоляция каучуковая для труб Eurobatex 9-012,Теплоизоляция каучуковая для труб Eurobatex 9-012,Публічна картка товару Mizol; детальні параметри перевіряйте за посиланням,,https://mizol.ua/10364-teplouzolyacuya-kauchukovaya-dlya-trub-eurobatex-9-012
Теплоизоляция каучуковая для труб Eurobatex 9-016,Теплоизоляция каучуковая для труб Eurobatex 9-016,Публічна картка товару Mizol; детальні параметри перевіряйте за посиланням,,https://mizol.ua/2035-teplouzolyacuya-kauchukovaya-dlya-trub-eurobatex-9-016
Теплоизоляция каучуковая для труб Eurobatex 9-018,Теплоизоляция каучуковая для труб Eurobatex 9-018,Публічна картка товару Mizol; детальні параметри перевіряйте за посиланням,,https://mizol.ua/2036-teplouzolyacuya-kauchukovaya-dlya-trub-eurobatex-9-018
Теплоизоляция каучуковая для труб Eurobatex 9-022,Теплоизоляция каучуковая для труб Eurobatex 9-022,Публічна картка товару Mizol; детальні параметри перевіряйте за посиланням,,https://mizol.ua/2037-teplouzolyacuya-kauchukovaya-dlya-trub-eurobatex-9-022
Теплоизоляция каучуковая для труб Eurobatex 9-028,Теплоизоляция каучуковая для труб Eurobatex 9-028,Публічна картка товару Mizol; детальні параметри перевіряйте за посиланням,,https://mizol.ua/2038-teplouzolyacuya-kauchukovaya-dlya-trub-eurobatex-9-028
Теплоизоляция каучуковая для труб Eurobatex 9-035,Теплоизоляция каучуковая для труб Eurobatex 9-035,Публічна картка товару Mizol; детальні параметри перевіряйте за посиланням,,https://mizol.ua/2039-teplouzolyacuya-kauchukovaya-dlya-trub-eurobatex-9-035
Теплоизоляция каучуковая для труб Eurobatex 9-042,Теплоизоляция каучуковая для труб Eurobatex 9-042,Публічна картка товару Mizol; детальні параметри перевіряйте за посиланням,,https://mizol.ua/2040-teplouzolyacuya-kauchukovaya-dlya-trub-eurobatex-9-042
Теплоизоляция каучуковая для труб Eurobatex 9-048,Теплоизоляция каучуковая для труб Eurobatex 9-048,Публічна картка товару Mizol; детальні параметри перевіряйте за посиланням,,https://mizol.ua/2041-teplouzolyacuya-kauchukovaya-dlya-trub-eurobatex-9-048
Теплоизоляция каучуковая для труб Eurobatex 9-054,Теплоизоляция каучуковая для труб Eurobatex 9-054,Публічна картка товару Mizol; детальні параметри перевіряйте за посиланням,,https://mizol.ua/2042-teplouzolyacuya-kauchukovaya-dlya-trub-eurobatex-9-054
Теплоизоляция каучуковая для труб Eurobatex 9-060,Теплоизоляция каучуковая для труб Eurobatex 9-060,Публічна картка товару Mizol; детальні параметри перевіряйте за посиланням,,https://mizol.ua/2043-teplouzolyacuya-kauchukovaya-dlya-trub-eurobatex-9-060
Теплоизоляция каучуковая для труб Eurobatex AT 13-022,Теплоизоляция каучуковая для труб Eurobatex AT 13-022,Публічна картка товару Mizol; детальні параметри перевіряйте за посиланням,,https://mizol.ua/2047-teplouzolyacuya-kauchukovaya-dlya-trub-eurobatex-at-13-022
Теплоизоляция каучуковая для труб Eurobatex AT 13-028,Теплоизоляция каучуковая для труб Eurobatex AT 13-028,Публічна картка товару Mizol; детальні параметри перевіряйте за посиланням,,https://mizol.ua/9527-teplouzolyacuya-kauchukovaya-dlya-trub-eurobatex-at-13-028
Теплоизоляция каучуковая для труб Eurobatex AT 13-042,Теплоизоляция каучуковая для труб Eurobatex AT 13-042,Публічна картка товару Mizol; детальні параметри перевіряйте за посиланням,,https://mizol.ua/13223-teplouzolyacuya-kauchukovaya-dlya-trub-eurobatex-at-13-042
Теплоизоляция каучуковая для труб Eurobatex AT 19-018,Теплоизоляция каучуковая для труб Eurobatex AT 19-018,Публічна картка товару Mizol; детальні параметри перевіряйте за посиланням,,https://mizol.ua/9742-teplouzolyacuya-kauchukovaya-dlya-trub-eurobatex-at-19-018
Теплоизоляция каучуковая для труб Eurobatex AT 19-022,Теплоизоляция каучуковая для труб Eurobatex AT 19-022,Публічна картка товару Mizol; детальні параметри перевіряйте за посиланням,,https://mizol.ua/14511-teplouzolyacuya-kauchukovaya-dlya-trub-eurobatex-at-19-022
Теплоизоляция каучуковая для труб Eurobatex AT 19-028,Теплоизоляция каучуковая для труб Eurobatex AT 19-028,Публічна картка товару Mizol; детальні параметри перевіряйте за посиланням,,https://mizol.ua/3213-teplouzolyacuya-kauchukovaya-dlya-trub-eurobatex-at-19-028
Теплоизоляция каучуковая для труб Eurobatex AT 19-035,Теплоизоляция каучуковая для труб Eurobatex AT 19-035,Публічна картка товару Mizol; детальні параметри перевіряйте за посиланням,,https://mizol.ua/7607-teplouzolyacuya-kauchukovaya-dlya-trub-eurobatex-at-19-035
Теплоизоляция каучуковая листовая Eurobatex 10мм; самоклеящаяся,Теплоизоляция каучуковая листовая Eurobatex 10мм; самоклеящаяся,Публічна картка товару Mizol; детальні параметри перевіряйте за посиланням,,https://mizol.ua/36472-teplouzolyacuya-kauchukovaya-lustovaya-eurobatex-10mm--samokleyaschayasya
Теплоизоляция каучуковая листовая Eurobatex 13мм; самоклеящаяся,Теплоизоляция каучуковая листовая Eurobatex 13мм; самоклеящаяся,Публічна картка товару Mizol; детальні параметри перевіряйте за посиланням,,https://mizol.ua/1976-teplouzolyacuya-kauchukovaya-lustovaya-eurobatex-13mm--samokleyaschayasya
Теплоизоляция каучуковая листовая Eurobatex 19мм,Теплоизоляция каучуковая листовая Eurobatex 19мм,Публічна картка товару Mizol; детальні параметри перевіряйте за посиланням,,https://mizol.ua/1995-teplouzolyacuya-kauchukovaya-lustovaya-eurobatex-19mm
Теплоизоляция каучуковая листовая Eurobatex 19мм; самоклеящаяся,Теплоизоляция каучуковая листовая Eurobatex 19мм; самоклеящаяся,Публічна картка товару Mizol; детальні параметри перевіряйте за посиланням,,https://mizol.ua/1996-teplouzolyacuya-kauchukovaya-lustovaya-eurobatex-19mm--samokleyaschayasya
Теплоизоляция каучуковая листовая Eurobatex 6мм; самоклеящаяся,Теплоизоляция каучуковая листовая Eurobatex 6мм; самоклеящаяся,Публічна картка товару Mizol; детальні параметри перевіряйте за посиланням,,https://mizol.ua/2026-teplouzolyacuya-kauchukovaya-lustovaya-eurobatex-6mm--samokleyaschayasya
Теплоизоляция каучуковая листовая с покрытием Eurobatex Triplex 10мм; самоклеящаяся,Теплоизоляция каучуковая листовая с покрытием Eurobatex Triplex 10мм; самоклеящаяся,Публічна картка товару Mizol; детальні параметри перевіряйте за посиланням,,https://mizol.ua/60928-teplouzolyacuya-kauchukovaya-lustovaya-s-pokrytuem-eurobatex-triplex-10mm-samokleyaschayasya
Теплоизоляция ПЭ для труб EcoLine G C-18/6,Теплоизоляция ПЭ для труб EcoLine G C-18/6,Публічна картка товару Mizol; детальні параметри перевіряйте за посиланням,,https://mizol.ua/48618-teplouzolyacuya-pe-dlya-trub-ecoline-g-c-186
Теплоизоляция ПЭ для труб EcoLine G C-22/6,Теплоизоляция ПЭ для труб EcoLine G C-22/6,Публічна картка товару Mizol; детальні параметри перевіряйте за посиланням,,https://mizol.ua/48619-teplouzolyacuya-pe-dlya-trub-ecoline-g-c-226
Теплоизоляция ПЭ для труб EcoLine G C-28/6,Теплоизоляция ПЭ для труб EcoLine G C-28/6,Публічна картка товару Mizol; детальні параметри перевіряйте за посиланням,,https://mizol.ua/48620-teplouzolyacuya-pe-dlya-trub-ecoline-g-c-286
Теплоизоляция ПЭ для труб EcoLine G C-35/6,Теплоизоляция ПЭ для труб EcoLine G C-35/6,Публічна картка товару Mizol; детальні параметри перевіряйте за посиланням,,https://mizol.ua/48621-teplouzolyacuya-pe-dlya-trub-ecoline-g-c-356
Теплоизоляция ПЭ для труб EcoLine G E-28/9,Теплоизоляция ПЭ для труб EcoLine G E-28/9,Публічна картка товару Mizol; детальні параметри перевіряйте за посиланням,,https://mizol.ua/48624-teplouzolyacuya-pe-dlya-trub-ecoline-g-e-289
Теплоизоляция ПЭ для труб EcoLine G E-35/9,Теплоизоляция ПЭ для труб EcoLine G E-35/9,Публічна картка товару Mizol; детальні параметри перевіряйте за посиланням,,https://mizol.ua/48625-teplouzolyacuya-pe-dlya-trub-ecoline-g-e-359
Теплоизоляция ПЭ для труб EcoLine G E-42/9,Теплоизоляция ПЭ для труб EcoLine G E-42/9,Публічна картка товару Mizol; детальні параметри перевіряйте за посиланням,,https://mizol.ua/48626-teplouzolyacuya-pe-dlya-trub-ecoline-g-e-429
Теплоизоляция ПЭ для труб EcoLine R C-22/6,Теплоизоляция ПЭ для труб EcoLine R C-22/6,Публічна картка товару Mizol; детальні параметри перевіряйте за посиланням,,https://mizol.ua/52475-teplouzolyacuya-pe-dlya-trub-ecoline-r-c-226
Теплоизоляция ПЭ для труб EcoLine R C-22/6,Теплоизоляция ПЭ для труб EcoLine R C-22/6,Публічна картка товару Mizol; детальні параметри перевіряйте за посиланням,,https://mizol.ua/48615-teplouzolyacuya-pe-dlya-trub-ecoline-r-c-226
Теплоизоляция ПЭ для труб EcoLine R C-28/6,Теплоизоляция ПЭ для труб EcoLine R C-28/6,Публічна картка товару Mizol; детальні параметри перевіряйте за посиланням,,https://mizol.ua/48616-teplouzolyacuya-pe-dlya-trub-ecoline-r-c-286
Теплоизоляция ПЭ для труб EcoLine R C-28/6 (blue),Теплоизоляция ПЭ для труб EcoLine R C-28/6 (blue),Публічна картка товару Mizol; детальні параметри перевіряйте за посиланням,,https://mizol.ua/52476-teplouzolyacuya-pe-dlya-trub-ecoline-r-c-286-blue
Теплоизоляция ПЭ для труб EcoLine R C-35/6,Теплоизоляция ПЭ для труб EcoLine R C-35/6,Публічна картка товару Mizol; детальні параметри перевіряйте за посиланням,,https://mizol.ua/48617-teplouzolyacuya-pe-dlya-trub-ecoline-r-c-356
Теплоизоляция ПЭ для труб EcoLine R C-35/6 (blue),Теплоизоляция ПЭ для труб EcoLine R C-35/6 (blue),Публічна картка товару Mizol; детальні параметри перевіряйте за посиланням,,https://mizol.ua/52477-teplouzolyacuya-pe-dlya-trub-ecoline-r-c-356-blue
Теплоизоляция ПЭ для труб Thermacompact S C-15,Теплоизоляция ПЭ для труб Thermacompact S C-15,Публічна картка товару Mizol; детальні параметри перевіряйте за посиланням,,https://mizol.ua/2611-teplouzolyacuya-pe-dlya-trub-thermacompact-s-c-15
Теплоизоляция ПЭ для труб Thermacompact S C-18,Теплоизоляция ПЭ для труб Thermacompact S C-18,Публічна картка товару Mizol; детальні параметри перевіряйте за посиланням,,https://mizol.ua/42216-teplouzolyacuya-pe-dlya-trub-thermacompact-s-c-18
Теплоизоляция ПЭ для труб Thermacompact S C-18,Теплоизоляция ПЭ для труб Thermacompact S C-18,Публічна картка товару Mizol; детальні параметри перевіряйте за посиланням,,https://mizol.ua/2612-teplouzolyacuya-pe-dlya-trub-thermacompact-s-c-18
Теплоизоляция ПЭ для труб Thermacompact S C-22,Теплоизоляция ПЭ для труб Thermacompact S C-22,Публічна картка товару Mizol; детальні параметри перевіряйте за посиланням,,https://mizol.ua/42217-teplouzolyacuya-pe-dlya-trub-thermacompact-s-c-22
Теплоизоляция ПЭ для труб Thermacompact S C-22,Теплоизоляция ПЭ для труб Thermacompact S C-22,Публічна картка товару Mizol; детальні параметри перевіряйте за посиланням,,https://mizol.ua/2613-teplouzolyacuya-pe-dlya-trub-thermacompact-s-c-22
Теплоизоляция ПЭ для труб Thermacompact S C-28,Теплоизоляция ПЭ для труб Thermacompact S C-28,Публічна картка товару Mizol; детальні параметри перевіряйте за посиланням,,https://mizol.ua/2614-teplouzolyacuya-pe-dlya-trub-thermacompact-s-c-28
Теплоизоляция ПЭ для труб Thermacompact S C-28 (blue),Теплоизоляция ПЭ для труб Thermacompact S C-28 (blue),Публічна картка товару Mizol; детальні параметри перевіряйте за посиланням,,https://mizol.ua/42218-teplouzolyacuya-pe-dlya-trub-thermacompact-s-c-28-blue
Теплоизоляция ПЭ для труб Thermacompact S C-35,Теплоизоляция ПЭ для труб Thermacompact S C-35,Публічна картка товару Mizol; детальні параметри перевіряйте за посиланням,,https://mizol.ua/2615-teplouzolyacuya-pe-dlya-trub-thermacompact-s-c-35
Теплоизоляция ПЭ для труб Thermacompact S C-35 (blue),Теплоизоляция ПЭ для труб Thermacompact S C-35 (blue),Публічна картка товару Mizol; детальні параметри перевіряйте за посиланням,,https://mizol.ua/42219-teplouzolyacuya-pe-dlya-trub-thermacompact-s-c-35-blue
Теплоизоляция ПЭ для труб Thermacompact S E-18,Теплоизоляция ПЭ для труб Thermacompact S E-18,Публічна картка товару Mizol; детальні параметри перевіряйте за посиланням,,https://mizol.ua/2617-teplouzolyacuya-pe-dlya-trub-thermacompact-s-e-18
Теплоизоляция ПЭ для труб Thermacompact S E-18 (blue),Теплоизоляция ПЭ для труб Thermacompact S E-18 (blue),Публічна картка товару Mizol; детальні параметри перевіряйте за посиланням,,https://mizol.ua/59767-teplouzolyacuya-pe-dlya-trub-thermacompact-s-e-18-blue
Теплоизоляция ПЭ для труб Thermacompact S E-22,Теплоизоляция ПЭ для труб Thermacompact S E-22,Публічна картка товару Mizol; детальні параметри перевіряйте за посиланням,,https://mizol.ua/2618-teplouzolyacuya-pe-dlya-trub-thermacompact-s-e-22
Теплоизоляция ПЭ для труб Thermacompact S E-22 (blue),Теплоизоляция ПЭ для труб Thermacompact S E-22 (blue),Публічна картка товару Mizol; детальні параметри перевіряйте за посиланням,,https://mizol.ua/65532-teplouzolyacuya-pe-dlya-trub-thermacompact-s-e-22-blue
Теплоизоляция ПЭ для труб Thermacompact S E-28,Теплоизоляция ПЭ для труб Thermacompact S E-28,Публічна картка товару Mizol; детальні параметри перевіряйте за посиланням,,https://mizol.ua/2619-teplouzolyacuya-pe-dlya-trub-thermacompact-s-e-28
Теплоизоляция ПЭ для труб Thermacompact S E-28/9 (blue),Теплоизоляция ПЭ для труб Thermacompact S E-28/9 (blue),Публічна картка товару Mizol; детальні параметри перевіряйте за посиланням,,https://mizol.ua/59770-teplouzolyacuya-pe-dlya-trub-thermacompact-s-e-289-blue
Теплоизоляция ПЭ для труб Thermacompact S E-35,Теплоизоляция ПЭ для труб Thermacompact S E-35,Публічна картка товару Mizol; детальні параметри перевіряйте за посиланням,,https://mizol.ua/45935-teplouzolyacuya-pe-dlya-trub-thermacompact-s-e-35
Теплоизоляция ПЭ для труб Thermacompact S E-35,Теплоизоляция ПЭ для труб Thermacompact S E-35,Публічна картка товару Mizol; детальні параметри перевіряйте за посиланням,,https://mizol.ua/2620-teplouzolyacuya-pe-dlya-trub-thermacompact-s-e-35
Теплоизоляция ПЭ для труб Thermacompact S E-35,Теплоизоляция ПЭ для труб Thermacompact S E-35,Публічна картка товару Mizol; детальні параметри перевіряйте за посиланням,,https://mizol.ua/64976-teplouzolyacuya-pe-dlya-trub-thermacompact-s-e-35
Теплоизоляция ПЭ для труб Thermaflex FRZ C-18/6,Теплоизоляция ПЭ для труб Thermaflex FRZ C-18/6,Публічна картка товару Mizol; детальні параметри перевіряйте за посиланням,,https://mizol.ua/2623-teplouzolyacuya-pe-dlya-trub-thermaflex-frz-c-186
Теплоизоляция ПЭ для труб Thermaflex FRZ C-22/6,Теплоизоляция ПЭ для труб Thermaflex FRZ C-22/6,Публічна картка товару Mizol; детальні параметри перевіряйте за посиланням,,https://mizol.ua/2624-teplouzolyacuya-pe-dlya-trub-thermaflex-frz-c-226
Теплоизоляция ПЭ для труб Thermaflex FRZ C-28/6,Теплоизоляция ПЭ для труб Thermaflex FRZ C-28/6,Публічна картка товару Mizol; детальні параметри перевіряйте за посиланням,,https://mizol.ua/2625-teplouzolyacuya-pe-dlya-trub-thermaflex-frz-c-286
Теплоизоляция ПЭ для труб Thermaflex FRZ C-35/6,Теплоизоляция ПЭ для труб Thermaflex FRZ C-35/6,Публічна картка товару Mizol; детальні параметри перевіряйте за посиланням,,https://mizol.ua/2626-teplouzolyacuya-pe-dlya-trub-thermaflex-frz-c-356
Теплоизоляция ПЭ для труб Thermaflex FRZ E-18/9,Теплоизоляция ПЭ для труб Thermaflex FRZ E-18/9,Публічна картка товару Mizol; детальні параметри перевіряйте за посиланням,,https://mizol.ua/2629-teplouzolyacuya-pe-dlya-trub-thermaflex-frz-e-189
Теплоизоляция ПЭ для труб Thermaflex FRZ E-22/9,Теплоизоляция ПЭ для труб Thermaflex FRZ E-22/9,Публічна картка товару Mizol; детальні параметри перевіряйте за посиланням,,https://mizol.ua/2630-teplouzolyacuya-pe-dlya-trub-thermaflex-frz-e-229
Теплоизоляция ПЭ для труб Thermaflex FRZ E-28/9,Теплоизоляция ПЭ для труб Thermaflex FRZ E-28/9,Публічна картка товару Mizol; детальні параметри перевіряйте за посиланням,,https://mizol.ua/2631-teplouzolyacuya-pe-dlya-trub-thermaflex-frz-e-289
Теплоизоляция ПЭ для труб Thermaflex FRZ E-35/9,Теплоизоляция ПЭ для труб Thermaflex FRZ E-35/9,Публічна картка товару Mizol; детальні параметри перевіряйте за посиланням,,https://mizol.ua/2632-teplouzolyacuya-pe-dlya-trub-thermaflex-frz-e-359
Теплоизоляция ПЭ для труб Thermaflex FRZ E-42/9,Теплоизоляция ПЭ для труб Thermaflex FRZ E-42/9,Публічна картка товару Mizol; детальні параметри перевіряйте за посиланням,,https://mizol.ua/2633-teplouzolyacuya-pe-dlya-trub-thermaflex-frz-e-429
Теплоизоляция ПЭ для труб Thermaflex FRZ E-48-50/9,Теплоизоляция ПЭ для труб Thermaflex FRZ E-48-50/9,Публічна картка товару Mizol; детальні параметри перевіряйте за посиланням,,https://mizol.ua/2634-teplouzolyacuya-pe-dlya-trub-thermaflex-frz-e-48-509
Теплоизоляция ПЭ для труб Thermaflex FRZ E-54/9,Теплоизоляция ПЭ для труб Thermaflex FRZ E-54/9,Публічна картка товару Mizol; детальні параметри перевіряйте за посиланням,,https://mizol.ua/2635-teplouzolyacuya-pe-dlya-trub-thermaflex-frz-e-549
Теплоизоляция ПЭ для труб Thermaflex FRZ E-60/9,Теплоизоляция ПЭ для труб Thermaflex FRZ E-60/9,Публічна картка товару Mizol; детальні параметри перевіряйте за посиланням,,https://mizol.ua/2637-teplouzolyacuya-pe-dlya-trub-thermaflex-frz-e-609
Теплоизоляция ПЭ для труб Thermaflex FRZ E-63/9,Теплоизоляция ПЭ для труб Thermaflex FRZ E-63/9,Публічна картка товару Mizol; детальні параметри перевіряйте за посиланням,,https://mizol.ua/2638-teplouzolyacuya-pe-dlya-trub-thermaflex-frz-e-639
Теплоизоляция ПЭ для труб Thermaflex FRZ E-75-76/9,Теплоизоляция ПЭ для труб Thermaflex FRZ E-75-76/9,Публічна картка товару Mizol; детальні параметри перевіряйте за посиланням,,https://mizol.ua/2639-teplouzolyacuya-pe-dlya-trub-thermaflex-frz-e-75-769
Теплоизоляция ПЭ для труб Thermaflex FRZ J-102/13,Теплоизоляция ПЭ для труб Thermaflex FRZ J-102/13,Публічна картка товару Mizol; детальні параметри перевіряйте за посиланням,,https://mizol.ua/2640-teplouzolyacuya-pe-dlya-trub-thermaflex-frz-j-10213
Теплоизоляция ПЭ для труб Thermaflex FRZ J-108/13,Теплоизоляция ПЭ для труб Thermaflex FRZ J-108/13,Публічна картка товару Mizol; детальні параметри перевіряйте за посиланням,,https://mizol.ua/2641-teplouzolyacuya-pe-dlya-trub-thermaflex-frz-j-10813
Теплоизоляция ПЭ для труб Thermaflex FRZ J-114/13,Теплоизоляция ПЭ для труб Thermaflex FRZ J-114/13,Публічна картка товару Mizol; детальні параметри перевіряйте за посиланням,,https://mizol.ua/2642-teplouzolyacuya-pe-dlya-trub-thermaflex-frz-j-11413
Теплоизоляция ПЭ для труб Thermaflex FRZ J-18/13,Теплоизоляция ПЭ для труб Thermaflex FRZ J-18/13,Публічна картка товару Mizol; детальні параметри перевіряйте за посиланням,,https://mizol.ua/2644-teplouzolyacuya-pe-dlya-trub-thermaflex-frz-j-1813
Теплоизоляция ПЭ для труб Thermaflex FRZ J-22/13,Теплоизоляция ПЭ для труб Thermaflex FRZ J-22/13,Публічна картка товару Mizol; детальні параметри перевіряйте за посиланням,,https://mizol.ua/47903-teplouzolyacuya-pe-dlya-trub-thermaflex-frz-j-2213
Теплоизоляция ПЭ для труб Thermaflex FRZ J-22/13,Теплоизоляция ПЭ для труб Thermaflex FRZ J-22/13,Публічна картка товару Mizol; детальні параметри перевіряйте за посиланням,,https://mizol.ua/2645-teplouzolyacuya-pe-dlya-trub-thermaflex-frz-j-2213
Теплоизоляция ПЭ для труб Thermaflex FRZ J-28/13,Теплоизоляция ПЭ для труб Thermaflex FRZ J-28/13,Публічна картка товару Mizol; детальні параметри перевіряйте за посиланням,,https://mizol.ua/2646-teplouzolyacuya-pe-dlya-trub-thermaflex-frz-j-2813
Теплоизоляция ПЭ для труб Thermaflex FRZ J-35/13,Теплоизоляция ПЭ для труб Thermaflex FRZ J-35/13,Публічна картка товару Mizol; детальні параметри перевіряйте за посиланням,,https://mizol.ua/47901-teplouzolyacuya-pe-dlya-trub-thermaflex-frz-j-3513
Теплоизоляция ПЭ для труб Thermaflex FRZ J-35/13,Теплоизоляция ПЭ для труб Thermaflex FRZ J-35/13,Публічна картка товару Mizol; детальні параметри перевіряйте за посиланням,,https://mizol.ua/2647-teplouzolyacuya-pe-dlya-trub-thermaflex-frz-j-3513
Теплоизоляция ПЭ для труб Thermaflex FRZ J-42/13,Теплоизоляция ПЭ для труб Thermaflex FRZ J-42/13,Публічна картка товару Mizol; детальні параметри перевіряйте за посиланням,,https://mizol.ua/2648-teplouzolyacuya-pe-dlya-trub-thermaflex-frz-j-4213
Теплоизоляция ПЭ для труб Thermaflex FRZ J-48/13,Теплоизоляция ПЭ для труб Thermaflex FRZ J-48/13,Публічна картка товару Mizol; детальні параметри перевіряйте за посиланням,,https://mizol.ua/47898-teplouzolyacuya-pe-dlya-trub-thermaflex-frz-j-4813
Теплоизоляция ПЭ для труб Thermaflex FRZ J-48/13,Теплоизоляция ПЭ для труб Thermaflex FRZ J-48/13,Публічна картка товару Mizol; детальні параметри перевіряйте за посиланням,,https://mizol.ua/2649-teplouzolyacuya-pe-dlya-trub-thermaflex-frz-j-4813
Теплоизоляция ПЭ для труб Thermaflex FRZ J-54/13,Теплоизоляция ПЭ для труб Thermaflex FRZ J-54/13,Публічна картка товару Mizol; детальні параметри перевіряйте за посиланням,,https://mizol.ua/2650-teplouzolyacuya-pe-dlya-trub-thermaflex-frz-j-5413
Теплоизоляция ПЭ для труб Thermaflex FRZ J-60/13,Теплоизоляция ПЭ для труб Thermaflex FRZ J-60/13,Публічна картка товару Mizol; детальні параметри перевіряйте за посиланням,,https://mizol.ua/2652-teplouzolyacuya-pe-dlya-trub-thermaflex-frz-j-6013
Теплоизоляция ПЭ для труб Thermaflex FRZ J-63/13,Теплоизоляция ПЭ для труб Thermaflex FRZ J-63/13,Публічна картка товару Mizol; детальні параметри перевіряйте за посиланням,,https://mizol.ua/47897-teplouzolyacuya-pe-dlya-trub-thermaflex-frz-j-6313
Теплоизоляция ПЭ для труб Thermaflex FRZ J-76/13,Теплоизоляция ПЭ для труб Thermaflex FRZ J-76/13,Публічна картка товару Mizol; детальні параметри перевіряйте за посиланням,,https://mizol.ua/2655-teplouzolyacuya-pe-dlya-trub-thermaflex-frz-j-7613
Теплоизоляция ПЭ для труб Thermaflex FRZ J-89/13,Теплоизоляция ПЭ для труб Thermaflex FRZ J-89/13,Публічна картка товару Mizol; детальні параметри перевіряйте за посиланням,,https://mizol.ua/2656-teplouzolyacuya-pe-dlya-trub-thermaflex-frz-j-8913
Теплоизоляция ПЭ для труб Thermaflex FRZ J-89/13,Теплоизоляция ПЭ для труб Thermaflex FRZ J-89/13,Публічна картка товару Mizol; детальні параметри перевіряйте за посиланням,,https://mizol.ua/47895-teplouzolyacuya-pe-dlya-trub-thermaflex-frz-j-8913
Теплоизоляция ПЭ для труб Thermaflex FRZ N-18/20,Теплоизоляция ПЭ для труб Thermaflex FRZ N-18/20,Публічна картка товару Mizol; детальні параметри перевіряйте за посиланням,,https://mizol.ua/2661-teplouzolyacuya-pe-dlya-trub-thermaflex-frz-n-1820
Теплоизоляция ПЭ для труб Thermaflex FRZ N-22/20,Теплоизоляция ПЭ для труб Thermaflex FRZ N-22/20,Публічна картка товару Mizol; детальні параметри перевіряйте за посиланням,,https://mizol.ua/2662-teplouzolyacuya-pe-dlya-trub-thermaflex-frz-n-2220
Теплоизоляция ПЭ для труб Thermaflex FRZ N-48/20,Теплоизоляция ПЭ для труб Thermaflex FRZ N-48/20,Публічна картка товару Mizol; детальні параметри перевіряйте за посиланням,,https://mizol.ua/2666-teplouzolyacuya-pe-dlya-trub-thermaflex-frz-n-4820
Теплоизоляция ПЭ для труб Thermaflex FRZ N-60/20,Теплоизоляция ПЭ для труб Thermaflex FRZ N-60/20,Публічна картка товару Mizol; детальні параметри перевіряйте за посиланням,,https://mizol.ua/2669-teplouzolyacuya-pe-dlya-trub-thermaflex-frz-n-6020
Теплоизоляция ПЭ для труб Thermaflex FRZ N-89/20,Теплоизоляция ПЭ для труб Thermaflex FRZ N-89/20,Публічна картка товару Mizol; детальні параметри перевіряйте за посиланням,,https://mizol.ua/2673-teplouzolyacuya-pe-dlya-trub-thermaflex-frz-n-8920
Теплоизоляция ПЭ для труб Thermaflex FRZ P-108/25,Теплоизоляция ПЭ для труб Thermaflex FRZ P-108/25,Публічна картка товару Mizol; детальні параметри перевіряйте за посиланням,,https://mizol.ua/2675-teplouzolyacuya-pe-dlya-trub-thermaflex-frz-p-10825
Теплоизоляция ПЭ для труб Thermaflex FRZ P-35/25,Теплоизоляция ПЭ для труб Thermaflex FRZ P-35/25,Публічна картка товару Mizol; детальні параметри перевіряйте за посиланням,,https://mizol.ua/2680-teplouzolyacuya-pe-dlya-trub-thermaflex-frz-p-3525
Теплоизоляция ПЭ для труб Thermaflex FRZ P-42/25,Теплоизоляция ПЭ для труб Thermaflex FRZ P-42/25,Публічна картка товару Mizol; детальні параметри перевіряйте за посиланням,,https://mizol.ua/2681-teplouzolyacuya-pe-dlya-trub-thermaflex-frz-p-4225
Теплоизоляция ПЭ для труб Thermaflex FRZ P-48/25,Теплоизоляция ПЭ для труб Thermaflex FRZ P-48/25,Публічна картка товару Mizol; детальні параметри перевіряйте за посиланням,,https://mizol.ua/2682-teplouzolyacuya-pe-dlya-trub-thermaflex-frz-p-4825
Теплоизоляция ПЭ для труб Thermaflex FRZ P-70/25,Теплоизоляция ПЭ для труб Thermaflex FRZ P-70/25,Публічна картка товару Mizol; детальні параметри перевіряйте за посиланням,,https://mizol.ua/2686-teplouzolyacuya-pe-dlya-trub-thermaflex-frz-p-7025
Теплоизоляция ПЭ для труб Thermaflex FRZ S-35,Теплоизоляция ПЭ для труб Thermaflex FRZ S-35,Публічна картка товару Mizol; детальні параметри перевіряйте за посиланням,,https://mizol.ua/2691-teplouzolyacuya-pe-dlya-trub-thermaflex-frz-s-35
Теплоизоляция ПЭ для труб Thermaflex FRZ S-42,Теплоизоляция ПЭ для труб Thermaflex FRZ S-42,Публічна картка товару Mizol; детальні параметри перевіряйте за посиланням,,https://mizol.ua/2692-teplouzolyacuya-pe-dlya-trub-thermaflex-frz-s-42
Теплоизоляция ПЭ для труб Thermaflex FRZ S-48,Теплоизоляция ПЭ для труб Thermaflex FRZ S-48,Публічна картка товару Mizol; детальні параметри перевіряйте за посиланням,,https://mizol.ua/2693-teplouzolyacuya-pe-dlya-trub-thermaflex-frz-s-48
Теплоизоляция ПЭ для труб Thermaflex FRZ S-54,Теплоизоляция ПЭ для труб Thermaflex FRZ S-54,Публічна картка товару Mizol; детальні параметри перевіряйте за посиланням,,https://mizol.ua/19223-teplouzolyacuya-pe-dlya-trub-thermaflex-frz-s-54
Теплоизоляция ПЭ для труб Thermaflex FRZ S-60,Теплоизоляция ПЭ для труб Thermaflex FRZ S-60,Публічна картка товару Mizol; детальні параметри перевіряйте за посиланням,,https://mizol.ua/2695-teplouzolyacuya-pe-dlya-trub-thermaflex-frz-s-60
Теплоизоляция ПЭ для труб Thermaflex FRZ S-76,Теплоизоляция ПЭ для труб Thermaflex FRZ S-76,Публічна картка товару Mizol; детальні параметри перевіряйте за посиланням,,https://mizol.ua/2696-teplouzolyacuya-pe-dlya-trub-thermaflex-frz-s-76
Термаклипси (100 шт),Термаклипси (100 шт),Публічна картка товару Mizol; детальні параметри перевіряйте за посиланням,,https://mizol.ua/2727-termaklupsu-100-sht
Террасная насадка SitaCompact с дренажным кольцом; с решеткой из нержавеющей стали 100 x 100 мм. Высота 65-105 мм.,дренажний матеріал,Публічна картка товару Mizol; детальні параметри перевіряйте за посиланням,,https://mizol.ua/201889-terrasnaya-nasadka-sitacompact-s-drenaghnym-kolycom-s-reshetkoy-uz-nerghaveyuschey-stalu-100-x-100-mm-vysota-65-105-mm
Точечный вентилятор Armourvent Standart черный,Точечный вентилятор Armourvent Standart черный,Публічна картка товару Mizol; детальні параметри перевіряйте за посиланням,,https://mizol.ua/12274-tochechnyy-ventulyator-armourvent-standart-chernyy
Точечный вентилятор Vent Point,Точечный вентилятор Vent Point,Публічна картка товару Mizol; детальні параметри перевіряйте за посиланням,,https://mizol.ua/35116-tochechnyy-ventulyator-vent-point
Трійник d110/110/67°,Трійник d110/110/67°,Публічна картка товару Mizol; детальні параметри перевіряйте за посиланням,,https://mizol.ua/11580-triynuk-d11011067-
Тройник 67.5° Regenau 100 белый,Тройник 67.5° Regenau 100 белый,Публічна картка товару Mizol; детальні параметри перевіряйте за посиланням,,https://mizol.ua/166076-troynuk-675--regenau-100-belyy
Тройник 67.5° Regenau 100 графит,Тройник 67.5° Regenau 100 графит,Публічна картка товару Mizol; детальні параметри перевіряйте за посиланням,,https://mizol.ua/166077-troynuk-675--regenau-100-grafut
Тройник 67.5° Regenau 100 коричневый,Тройник 67.5° Regenau 100 коричневый,Публічна картка товару Mizol; детальні параметри перевіряйте за посиланням,,https://mizol.ua/166078-troynuk-675--regenau-100-koruchnevyy
Тройник 67.5° Regenau 80 белый,Тройник 67.5° Regenau 80 белый,Публічна картка товару Mizol; детальні параметри перевіряйте за посиланням,,https://mizol.ua/166073-troynuk-675--regenau-80-belyy
Тройник 67.5° Regenau 80 графит,Тройник 67.5° Regenau 80 графит,Публічна картка товару Mizol; детальні параметри перевіряйте за посиланням,,https://mizol.ua/166074-troynuk-675--regenau-80-grafut
Тройник 67.5° Regenau 80 коричневый,Тройник 67.5° Regenau 80 коричневый,Публічна картка товару Mizol; детальні параметри перевіряйте за посиланням,,https://mizol.ua/166075-troynuk-675--regenau-80-koruchnevyy
Тройник GeoDrain 100/100/100 мм,Тройник GeoDrain 100/100/100 мм,Публічна картка товару Mizol; детальні параметри перевіряйте за посиланням,,https://mizol.ua/259733-troynuk-geodrain-100100100-mm
Тройник GeoDrain 160/160/160 мм,Тройник GeoDrain 160/160/160 мм,Публічна картка товару Mizol; детальні параметри перевіряйте за посиланням,,https://mizol.ua/259736-troynuk-geodrain-160160160-mm
Тройник ПВХ наружной канализации Magnaplast Ø160x110/45°,Тройник ПВХ наружной канализации Magnaplast Ø160x110/45°,Публічна картка товару Mizol; детальні параметри перевіряйте за посиланням,,https://mizol.ua/253535-troynuk-pvh-narughnoy-kanaluzacuu-magnaplast-%C3%B8160x11045-
Тройник ПП внутренней канализации Magnaplast HT Plus 110/50/45°,Тройник ПП внутренней канализации Magnaplast HT Plus 110/50/45°,Публічна картка товару Mizol; детальні параметри перевіряйте за посиланням,,https://mizol.ua/261307-troynuk-pp-vnutrenney-kanaluzacuu-magnaplast-ht-plus-1105045-
Труба d110 x 3;2 x 500 SN8,труба,Публічна картка товару Mizol; детальні параметри перевіряйте за посиланням,,https://mizol.ua/12148-truba-d110-x-32-x-500-sn8
Труба водосточная 3м Regenau 100 графит,водостічна система,Публічна картка товару Mizol; детальні параметри перевіряйте за посиланням,,https://mizol.ua/166047-truba-vodostochnaya-3m-regenau-100-grafut
Труба водосточная 3м Regenau 100 коричневая,водостічна система,Публічна картка товару Mizol; детальні параметри перевіряйте за посиланням,,https://mizol.ua/166048-truba-vodostochnaya-3m-regenau-100-koruchnevaya
Труба водосточная 3м Regenau 80 белая,водостічна система,Публічна картка товару Mizol; детальні параметри перевіряйте за посиланням,,https://mizol.ua/166043-truba-vodostochnaya-3m-regenau-80-belaya
Труба водосточная 3м Regenau 80 коричневая,водостічна система,Публічна картка товару Mizol; детальні параметри перевіряйте за посиланням,,https://mizol.ua/166045-truba-vodostochnaya-3m-regenau-80-koruchnevaya
Угловой соединительный элемент HAURATON TOP Х (137 х 125 х 137); РР-РЕ (черный); с решеткой PP-copo,Угловой соединительный элемент HAURATON TOP Х (137 х 125 х 137); РР-РЕ (черный); с решеткой PP-copo,Публічна картка товару Mizol; детальні параметри перевіряйте за посиланням,,https://mizol.ua/28246-uglovoy-soedunutelynyy-element-hauraton-top-h-137-h-125-h-137-rr-re-chernyy-s-reshetkoy-pp-copo
Угол универсальный KERRAFRONT FS-222 Claystone 3 м,Угол универсальный KERRAFRONT FS-222 Claystone 3 м,Публічна картка товару Mizol; детальні параметри перевіряйте за посиланням,,https://mizol.ua/78365-ugol-unuversalynyy-kerrafront-fs-222-claystone-3-m
Угол универсальный KERRAFRONT FS-222 White 3 м,Угол универсальный KERRAFRONT FS-222 White 3 м,Публічна картка товару Mizol; детальні параметри перевіряйте за посиланням,,https://mizol.ua/46273-ugol-unuversalynyy-kerrafront-fs-222-white-3-m
Узел нижнего подключения прямой; 000M856A001,Узел нижнего подключения прямой; 000M856A001,Публічна картка товару Mizol; детальні параметри перевіряйте за посиланням,,https://mizol.ua/102319-uzel-nughnego-podklyuchenuya-pryamoy-000m856a001
Узел нижнего подключения угловой; 000M855A001,Узел нижнего подключения угловой; 000M855A001,Публічна картка товару Mizol; детальні параметри перевіряйте за посиланням,,https://mizol.ua/102320-uzel-nughnego-podklyuchenuya-uglovoy-000m855a001
Универсальная парапетная-кровельная аварийная воронка из полиуретана SitaEasy Plus с ПВХ фартуком (диаметр 110 мм) высота 105 мм,Универсальная парапетная-кровельная аварийная воронка из полиуретана SitaEasy Plus с ПВХ фартуком (диаметр 110 мм) высота 105 мм,Публічна картка товару Mizol; детальні параметри перевіряйте за посиланням,,https://mizol.ua/125003-unuversalynaya-parapetnaya-krovelynaya-avaruynaya-voronka-uz-poluuretana-sitaeasy-plus-s-pvh-fartukom-duametr-110-mm-vysota-105-mm
Универсальное крепление SOPRASOLAR FIX EVO,Универсальное крепление SOPRASOLAR FIX EVO,Публічна картка товару Mizol; детальні параметри перевіряйте за посиланням,,https://mizol.ua/147872-unuversalynoe-kreplenue-soprasolar-fix-evo%09
Уплотнитель кровельный 60х1000мм антрацит,Уплотнитель кровельный 60х1000мм антрацит,Публічна картка товару Mizol; детальні параметри перевіряйте за посиланням,,https://mizol.ua/1603-uplotnutely-krovelynyy-60h1000mm-antracut
Уплотнитель полиуритановый 60х1000 мм антрацит ES,Уплотнитель полиуритановый 60х1000 мм антрацит ES,Публічна картка товару Mizol; детальні параметри перевіряйте за посиланням,,https://mizol.ua/245682-uplotnutely-poluurutanovyy-60h1000-mm-antracut-es
Усиленная паропроницаемая мембрана Tyvek Pro (1;5х50м),мембрана,Публічна картка товару Mizol; детальні параметри перевіряйте за посиланням,,https://mizol.ua/260802-usulennaya-paropronucaemaya-membrana-tyvek-pro-15h50m
Утеплитель ISOVER Akuplat+ 100 мм (7;2 кв.м/уп. 20 уп/пал),теплоізоляція,Публічна картка товару Mizol; детальні параметри перевіряйте за посиланням,,https://mizol.ua/154003-uteplutely-isover-akuplat-100-mm-72-kvmup-20-uppal
Утеплитель ISOVER Akuplat+ 50 мм (14.4 кв.м/уп. 20 уп/пал),теплоізоляція,Публічна картка товару Mizol; детальні параметри перевіряйте за посиланням,,https://mizol.ua/154004-uteplutely-isover-akuplat-50-mm-144-kvmup-20-uppal
Утеплитель Rockwool Frontrock Max E 100 мм,теплоізоляція,Публічна картка товару Mizol; детальні параметри перевіряйте за посиланням,,https://mizol.ua/76086-uteplutely-rockwool-frontrock-max-e-100-mm
Утеплитель Rockwool Frontrock Max E 150 мм,теплоізоляція,Публічна картка товару Mizol; детальні параметри перевіряйте за посиланням,,https://mizol.ua/77664-uteplutely-rockwool-frontrock-max-e-150-mm
Флюгарка ПВХ Flagon диаметром 75 мм; высотою 240 мм (без колпачка),Флюгарка ПВХ Flagon диаметром 75 мм; высотою 240 мм (без колпачка),Публічна картка товару Mizol; детальні параметри перевіряйте за посиланням,,https://mizol.ua/45159-flyugarka-pvh-flagon-duametrom-75-mm-vysotoyu-240-mm-bez-kolpachka
Флюгарка ПВХ Flagon диаметром 75 мм; высотою 400 мм (без колпачка),Флюгарка ПВХ Flagon диаметром 75 мм; высотою 400 мм (без колпачка),Публічна картка товару Mizol; детальні параметри перевіряйте за посиланням,,https://mizol.ua/45160-flyugarka-pvh-flagon-duametrom-75-mm-vysotoyu-400-mm--bez-kolpachka
Цементно-стружечная плита ArmoPlit 1250х1200х10мм,Цементно-стружечная плита ArmoPlit 1250х1200х10мм,Публічна картка товару Mizol; детальні параметри перевіряйте за посиланням,,https://mizol.ua/175241-cementno-strughechnaya-pluta-armoplit-1250h1200h10mm
Цементно-стружечная плита ArmoPlit 3100х1250х10мм,Цементно-стружечная плита ArmoPlit 3100х1250х10мм,Публічна картка товару Mizol; детальні параметри перевіряйте за посиланням,,https://mizol.ua/179282-cementno-strughechnaya-pluta-armoplit-3100h1250h10mm
Цементно-стружечная плита ArmoPlit 3100х1250х20мм,Цементно-стружечная плита ArmoPlit 3100х1250х20мм,Публічна картка товару Mizol; детальні параметри перевіряйте за посиланням,,https://mizol.ua/179285-cementno-strughechnaya-pluta-armoplit-3100h1250h20mm
Цементно-стружечная плита ArmoPlit 3200х1250х10мм,Цементно-стружечная плита ArmoPlit 3200х1250х10мм,Публічна картка товару Mizol; детальні параметри перевіряйте за посиланням,,https://mizol.ua/165490-cementno-strughechnaya-pluta-armoplit-3200h1250h10mm
Цементно-стружечная плита ArmoPlit 3200х1250х12мм,Цементно-стружечная плита ArmoPlit 3200х1250х12мм,Публічна картка товару Mizol; детальні параметри перевіряйте за посиланням,,https://mizol.ua/173643-cementno-strughechnaya-pluta-armoplit-3200h1250h12mm
Цементно-стружечная плита ArmoPlit 3200х1250х16мм,Цементно-стружечная плита ArmoPlit 3200х1250х16мм,Публічна картка товару Mizol; детальні параметри перевіряйте за посиланням,,https://mizol.ua/174576-cementno-strughechnaya-pluta-armoplit-3200h1250h16mm
Цементно-стружкова плита ArmoPlit 3100х1250х12мм,Цементно-стружкова плита ArmoPlit 3100х1250х12мм,Публічна картка товару Mizol; детальні параметри перевіряйте за посиланням,,https://mizol.ua/179283-cementno-strughkova-pluta-armoplit-3100h1250h12mm
Цементно-стружкова плита ArmoPlit 3100х1250х16мм,Цементно-стружкова плита ArmoPlit 3100х1250х16мм,Публічна картка товару Mizol; детальні параметри перевіряйте за посиланням,,https://mizol.ua/179284-cementno-strughkova-pluta-armoplit-3100h1250h16mm
Цементно-стружкова плита ArmoPlit 3200х1250х20мм,Цементно-стружкова плита ArmoPlit 3200х1250х20мм,Публічна картка товару Mizol; детальні параметри перевіряйте за посиланням,,https://mizol.ua/170284-cementno-strughkova-pluta-armoplit-3200h1250h20mm
Цилиндрический фартух для труб ПВХ Flagon диаметром 100 мм,Цилиндрический фартух для труб ПВХ Flagon диаметром 100 мм,Публічна картка товару Mizol; детальні параметри перевіряйте за посиланням,,https://mizol.ua/45238-culundrucheskuy-fartuh-dlya-trub-pvh-flagon-duametrom-100-mm
Чердачная лестница Oman Alu Profi Extra (120x70) H280,Чердачная лестница Oman Alu Profi Extra (120x70) H280,Публічна картка товару Mizol; детальні параметри перевіряйте за посиланням,,https://mizol.ua/45768-cherdachnaya-lestnuca-oman-alu-profi-extra-120x70-h280
Чердачная лестница Oman Flex Polar (120x60) H290,Чердачная лестница Oman Flex Polar (120x60) H290,Публічна картка товару Mizol; детальні параметри перевіряйте за посиланням,,https://mizol.ua/56757-cherdachnaya-lestnuca-oman-flex-polar-120x60-h290
Чердачная лестница Oman Flex Termo (120x70) H290,Чердачная лестница Oman Flex Termo (120x70) H290,Публічна картка товару Mizol; детальні параметри перевіряйте за посиланням,,https://mizol.ua/45772-cherdachnaya-lestnuca-oman-flex-termo-120x70-h290
Чердачная лестница Oman Flex Termo (80x70) H290,Чердачная лестница Oman Flex Termo (80x70) H290,Публічна картка товару Mizol; детальні параметри перевіряйте за посиланням,,https://mizol.ua/45896-cherdachnaya-lestnuca-oman-flex-termo-80x70-h290
Чердачная лестница Oman Long Flex Termo (120x70) H310,Чердачная лестница Oman Long Flex Termo (120x70) H310,Публічна картка товару Mizol; детальні параметри перевіряйте за посиланням,,https://mizol.ua/48095-cherdachnaya-lestnuca-oman-long-flex-termo-120x70-h310
Чердачная лестница Oman Mini Polar (90x70) H265,Чердачная лестница Oman Mini Polar (90x70) H265,Публічна картка товару Mizol; детальні параметри перевіряйте за посиланням,,https://mizol.ua/48036-cherdachnaya-lestnuca-oman-mini-polar-90x70-h265
Чердачная лестница Oman Mini Termo (100x70) H265,Чердачная лестница Oman Mini Termo (100x70) H265,Публічна картка товару Mizol; детальні параметри перевіряйте за посиланням,,https://mizol.ua/45897-cherdachnaya-lestnuca-oman-mini-termo-100x70-h265
Чердачная лестница Oman Mini Termo (80x60) H265,Чердачная лестница Oman Mini Termo (80x60) H265,Публічна картка товару Mizol; детальні параметри перевіряйте за посиланням,,https://mizol.ua/45770-cherdachnaya-lestnuca-oman-mini-termo-80x60-h265
Чердачная лестница Oman Mini Termo (80x70) H265,Чердачная лестница Oman Mini Termo (80x70) H265,Публічна картка товару Mizol; детальні параметри перевіряйте за посиланням,,https://mizol.ua/45771-cherdachnaya-lestnuca-oman-mini-termo-80x70-h265
Чердачная лестница Oman Mini Termo (90x60) H265,Чердачная лестница Oman Mini Termo (90x60) H265,Публічна картка товару Mizol; детальні параметри перевіряйте за посиланням,,https://mizol.ua/47962-cherdachnaya-lestnuca-oman-mini-termo-90x60-h265
Чердачная лестница Oman Mini Termo (90x70) H265,Чердачная лестница Oman Mini Termo (90x70) H265,Публічна картка товару Mizol; детальні параметри перевіряйте за посиланням,,https://mizol.ua/46718-cherdachnaya-lestnuca-oman-mini-termo-90x70-h265
Чердачная лестница Oman Polar (120x60) H280,Чердачная лестница Oman Polar (120x60) H280,Публічна картка товару Mizol; детальні параметри перевіряйте за посиланням,,https://mizol.ua/86849-cherdachnaya-lestnuca-oman-polar-120x60-h280
Чердачная лестница Oman Polar (120x70) H280,Чердачная лестница Oman Polar (120x70) H280,Публічна картка товару Mizol; детальні параметри перевіряйте за посиланням,,https://mizol.ua/86848-cherdachnaya-lestnuca-oman-polar-120x70-h280
Чердачная лестница Oman Polar Plus (120x70),Чердачная лестница Oman Polar Plus (120x70),Публічна картка товару Mizol; детальні параметри перевіряйте за посиланням,,https://mizol.ua/59229-cherdachnaya-lestnuca-oman-polar-plus-120x70
Чердачная лестница Oman Prima (120x60) H280,Чердачная лестница Oman Prima (120x60) H280,Публічна картка товару Mizol; детальні параметри перевіряйте за посиланням,,https://mizol.ua/86841-cherdachnaya-lestnuca-oman-prima-120x60-h280
Чердачная лестница Oman Prima (120x70) H280,Чердачная лестница Oman Prima (120x70) H280,Публічна картка товару Mizol; детальні параметри перевіряйте за посиланням,,https://mizol.ua/86842-cherdachnaya-lestnuca-oman-prima-120x70-h280
Чердачная лестница Oman Solid Termo (120x70) H280,Чердачная лестница Oman Solid Termo (120x70) H280,Публічна картка товару Mizol; детальні параметри перевіряйте за посиланням,,https://mizol.ua/45769-cherdachnaya-lestnuca-oman-solid-termo-120x70-h280
Чердачная лестница Oman Stallux Termo (110x70) H280,Чердачная лестница Oman Stallux Termo (110x70) H280,Публічна картка товару Mizol; детальні параметри перевіряйте за посиланням,,https://mizol.ua/45773-cherdachnaya-lestnuca-oman-stallux-termo-110x70-h280
Чердачная лестница Oman Stallux Termo (120x60) H280,Чердачная лестница Oman Stallux Termo (120x60) H280,Публічна картка товару Mizol; детальні параметри перевіряйте за посиланням,,https://mizol.ua/45774-cherdachnaya-lestnuca-oman-stallux-termo-120x60-h280
Чердачная лестница Oman Stallux Termo (120x70) H280,Чердачная лестница Oman Stallux Termo (120x70) H280,Публічна картка товару Mizol; детальні параметри перевіряйте за посиланням,,https://mizol.ua/45775-cherdachnaya-lestnuca-oman-stallux-termo-120x70-h280
Чердачная лестница Oman Termo PS (120x60) H280,Чердачная лестница Oman Termo PS (120x60) H280,Публічна картка товару Mizol; детальні параметри перевіряйте за посиланням,,https://mizol.ua/45779-cherdachnaya-lestnuca-oman-termo-ps-120x60-h280
Чердачная лестница Oman Termo PS (120x70) H280,Чердачная лестница Oman Termo PS (120x70) H280,Публічна картка товару Mizol; детальні параметри перевіряйте за посиланням,,https://mizol.ua/12182-cherdachnaya-lestnuca-oman-termo-ps-120x70-h280
Чердачная лестница Termo PS (110x60) с поручнем,Чердачная лестница Termo PS (110x60) с поручнем,Публічна картка товару Mizol; детальні параметри перевіряйте за посиланням,,https://mizol.ua/47991-cherdachnaya-lestnuca-termo-ps-110x60-s-poruchnem
Шахта озеленения SitaGreen,Шахта озеленения SitaGreen,Публічна картка товару Mizol; детальні параметри перевіряйте за посиланням,,https://mizol.ua/114845-shahta-ozelenenuya-sitagreen
Шест к лестнице Оман,Шест к лестнице Оман,Публічна картка товару Mizol; детальні параметри перевіряйте за посиланням,,https://mizol.ua/22264-shest-k-lestnuce-oman
Шиповидная геомембрана Cottage (1.5х20 м),геомембрана,Публічна картка товару Mizol; детальні параметри перевіряйте за посиланням,,https://mizol.ua/67525-shupovudnaya-geomembrana--cottage-15h20-m
Шиповидная геомембрана Cottage (1х20 м),геомембрана,Публічна картка товару Mizol; детальні параметри перевіряйте за посиланням,,https://mizol.ua/67514-shupovudnaya-geomembrana--cottage-1h20-m
Шиповидная геомембрана Cottage (2х20 м),геомембрана,Публічна картка товару Mizol; детальні параметри перевіряйте за посиланням,,https://mizol.ua/67513-shupovudnaya-geomembrana--cottage-2h20-m
Шиповидная геомембрана Profi 0.5 (2х20 м),геомембрана,Публічна картка товару Mizol; детальні параметри перевіряйте за посиланням,,https://mizol.ua/65496-shupovudnaya-geomembrana--profi-05-2h20-m
Шиповидная геомембрана Profi 0.6 (2х20 м),геомембрана,Публічна картка товару Mizol; детальні параметри перевіряйте за посиланням,,https://mizol.ua/27471-shupovudnaya-geomembrana--profi-06-2h20-m
Шиповидная мембрана Drainfol 400 (2x20 м),геомембрана,Публічна картка товару Mizol; детальні параметри перевіряйте за посиланням,,https://mizol.ua/37377-shupovudnaya-membrana-drainfol-400-2x20-m
Шиповидная мембрана Изолит Profi Geo 10 (2х12.5м),геомембрана,Публічна картка товару Mizol; детальні параметри перевіряйте за посиланням,,https://mizol.ua/29599-shupovudnaya-membrana-izolut-profi-geo-10-2h125m
Шнур для распределения нагрузки ПВХ Flagfoil 200 м,Шнур для распределения нагрузки ПВХ Flagfoil 200 м,Публічна картка товару Mizol; детальні параметри перевіряйте за посиланням,,https://mizol.ua/45740-shnur-dlya-raspredelenuya-nagruzku-pvh-flagfoil-200-m
Якорные крепления GrondMeester резина; диам. 5 см; 388 шт./уп.,Якорные крепления GrondMeester резина; диам. 5 см; 388 шт./уп.,Публічна картка товару Mizol; детальні параметри перевіряйте за посиланням,,https://mizol.ua/45021-yakornye-kreplenuya-grondmeester-rezuna-duam-5-sm-388-shtup
Якорные крепления GrondMeester резина; диам. 8 см; 275 шт./уп.; 0;5 кг,Якорные крепления GrondMeester резина; диам. 8 см; 275 шт./уп.; 0;5 кг,Публічна картка товару Mizol; детальні параметри перевіряйте за посиланням,,https://mizol.ua/45492-yakornye-kreplenuya-grondmeester-rezuna-duam-8-sm-275-shtup-05-kg-
Автокомплекс BMW,Автокомплекс BMW,Публічна картка товару Mizol; детальні параметри перевіряйте за посиланням,,https://mizol.ua/avtokompleks-bmw
Бизнес-центр ECO Tower,Бизнес-центр ECO Tower,Публічна картка товару Mizol; детальні параметри перевіряйте за посиланням,,https://mizol.ua/buznes-centr-eco-tower
Бизнес-центр Silver Breeze,Бизнес-центр Silver Breeze,Публічна картка товару Mizol; детальні параметри перевіряйте за посиланням,,https://mizol.ua/buznes-centr-silver-breeze
Взгляд европейцев на культуру строительства крыш в Украине. Наблюдения и выводы,Взгляд европейцев на культуру строительства крыш в Украине. Наблюдения и выводы,Публічна картка товару Mizol; детальні параметри перевіряйте за посиланням,,https://mizol.ua/vzglyad-evropeycev-na-kulyturu-stroutelystva-krysh-v-ukraune-nablyudenuya-u-vyvody
ВИДЕОИНСТРУКЦИЯ ПО МОНТАЖУ ВОДОСТОЧНЫХ СИСТЕМ PROFIL,водостічна система,Публічна картка товару Mizol; детальні параметри перевіряйте за посиланням,,https://mizol.ua/videoinstrukciya-po-montaghu-vodostochnyh-sistem-profil
ВИДЕОИНСТРУКЦИЯ ПО МОНТАЖУ УТЕПЛИТЕЛЯ ROCKWOOL ДЛЯ СТЕН,теплоізоляція,Публічна картка товару Mizol; детальні параметри перевіряйте за посиланням,,https://mizol.ua/videoinstrukciya-po-montaghu-uteplitelya-rockwool-dlya-sten
ВИДЕОИНСТРУКЦИЯ ПО МОНТАЖУ УТЕПЛИТЕЛЯ ROCKWOOL ДЛЯ ТРУБ,теплоізоляція,Публічна картка товару Mizol; детальні параметри перевіряйте за посиланням,,https://mizol.ua/videoinstrukciya-po-montaghu-uteplitelya-rockwool-dlya-trub
Винницкая городская клиническая больница №2,Винницкая городская клиническая больница №2,Публічна картка товару Mizol; детальні параметри перевіряйте за посиланням,,https://mizol.ua/vunnuckaya-gorodskaya-klunucheskaya-bolynuca-%E2%84%962
Гидроизоляция подземной части сооружения,Гидроизоляция подземной части сооружения,Публічна картка товару Mizol; детальні параметри перевіряйте за посиланням,,https://mizol.ua/gudrouzolyacuya-podzemnoy-chastu-soorughenuya
ГИДРОИЗОЛЯЦИЯ ФУНДАМЕНТА. СПОСОБЫ И МАТЕРИАЛЫ ГИДРОИЗОЛЯЦИИ.,ГИДРОИЗОЛЯЦИЯ ФУНДАМЕНТА. СПОСОБЫ И МАТЕРИАЛЫ ГИДРОИЗОЛЯЦИИ.,Публічна картка товару Mizol; детальні параметри перевіряйте за посиланням,,https://mizol.ua/gidroizolyaciya-fundamenta-sposoby-i-materialy-gidroizolyacii-
Гипермаркет “АШАН”,Гипермаркет “АШАН”,Публічна картка товару Mizol; детальні параметри перевіряйте за посиланням,,https://mizol.ua/gupermarket-%E2%80%9Cashan%E2%80%9D
Горло желоба 130; правильно ли я понимаю: он должен подойти для приема воды из плоских кровель?,Горло желоба 130; правильно ли я понимаю: он должен подойти для приема воды из плоских кровель?,Публічна картка товару Mizol; детальні параметри перевіряйте за посиланням,,https://mizol.ua/gorlo-zheloba-130-pravilno-li-ya-ponimayu-dolzhen-podojti-dlya-priema-vody-iz-ploskih-krovel
Детский сад,Детский сад,Публічна картка товару Mizol; детальні параметри перевіряйте за посиланням,,https://mizol.ua/detskuy-sad-
ЕВРОБАРЬЕР™ 100% ЗАЩИТА ОТ ВОДЫ,ЕВРОБАРЬЕР™ 100% ЗАЩИТА ОТ ВОДЫ,Публічна картка товару Mizol; детальні параметри перевіряйте за посиланням,,https://mizol.ua/evrobaryer%E2%84%A2-100-zaschita-ot-vody
Желоб 130 коричневый 3 м,Желоб 130 коричневый 3 м,Публічна картка товару Mizol; детальні параметри перевіряйте за посиланням,,https://mizol.ua/1241-ghelob-130-koruchnevyy-3-m
Желоб 3м Regenau 125 коричневый,Желоб 3м Regenau 125 коричневый,Публічна картка товару Mizol; детальні параметри перевіряйте за посиланням,,https://mizol.ua/118985-ghelob-3m-regenau-125-koruchnevyy
ЖК Sunny Village,ЖК Sunny Village,Публічна картка товару Mizol; детальні параметри перевіряйте за посиланням,,https://mizol.ua/ghk-sunny-village
ЖК Taryan Towers,ЖК Taryan Towers,Публічна картка товару Mizol; детальні параметри перевіряйте за посиланням,,https://mizol.ua/ghk-taryan-towers
ЖК «Атол»,ЖК «Атол»,Публічна картка товару Mizol; детальні параметри перевіряйте за посиланням,,https://mizol.ua/ghk-atol-
ЖК «НОВОПЕЧЕРСКИЕ ЛИПКИ»,ЖК «НОВОПЕЧЕРСКИЕ ЛИПКИ»,Публічна картка товару Mizol; детальні параметри перевіряйте за посиланням,,https://mizol.ua/ghk-novopecherskie-lipki-
Завод «Еврокар»,Завод «Еврокар»,Публічна картка товару Mizol; детальні параметри перевіряйте за посиланням,,https://mizol.ua/zavod-evrokar-
Завод «Монсанто»,Завод «Монсанто»,Публічна картка товару Mizol; детальні параметри перевіряйте за посиланням,,https://mizol.ua/zavod-monsanto-
Звукоизоляция межэтажных перекрытий. Пол по лагам 1,Звукоизоляция межэтажных перекрытий. Пол по лагам 1,Публічна картка товару Mizol; детальні параметри перевіряйте за посиланням,,https://mizol.ua/zvukouzolyacuya-meghetaghnyh-perekrytuy-pol-po-lagam-1
Звукоизоляция межэтажных перекрытий. Пол по лагам 2,Звукоизоляция межэтажных перекрытий. Пол по лагам 2,Публічна картка товару Mizol; детальні параметри перевіряйте за посиланням,,https://mizol.ua/zvukouzolyacuya-meghetaghnyh-perekrytuy-pol-po-lagam-2
ИНВЕРСИОННАЯ КРОВЛЯ В ЧАСТНОМ СТРОИТЕЛЬСТВЕ,ИНВЕРСИОННАЯ КРОВЛЯ В ЧАСТНОМ СТРОИТЕЛЬСТВЕ,Публічна картка товару Mizol; детальні параметри перевіряйте за посиланням,,https://mizol.ua/inversionnaya-krovlya-v-chastnom-stroitelystve
КАК ВЫБРАТЬ СТРОИТЕЛЬНЫЕ МАТЕРИАЛЫ?,КАК ВЫБРАТЬ СТРОИТЕЛЬНЫЕ МАТЕРИАЛЫ?,Публічна картка товару Mizol; детальні параметри перевіряйте за посиланням,,https://mizol.ua/kak-vybraty-stroitelynye-materialy
КАК ВЫБРАТЬ ТЕПЛОИЗОЛЯЦИЮ ПОД САЙДИНГ?,сайдинг,Публічна картка товару Mizol; детальні параметри перевіряйте за посиланням,,https://mizol.ua/kak-vybraty-teploizolyaciyu-pod-sayding
КАК ОБШИТЬ ДОМ САЙДИНГОМ?,сайдинг,Публічна картка товару Mizol; детальні параметри перевіряйте за посиланням,,https://mizol.ua/kak-obshity-dom-saydingom
КАК ПРАВИЛЬНО РАССЧИТАТЬ ВОДОСТОЧНУЮ СИСТЕМУ?,водостічна система,Публічна картка товару Mizol; детальні параметри перевіряйте за посиланням,,https://mizol.ua/kak-pravilyno-rasschitaty-vodostochnuyu-sistemu
КАК УБРАТЬ СЫРОСТЬ ИЗ ПОДВАЛА?,КАК УБРАТЬ СЫРОСТЬ ИЗ ПОДВАЛА?,Публічна картка товару Mizol; детальні параметри перевіряйте за посиланням,,https://mizol.ua/kak-ubraty-syrosty-iz-podvala
КАК УХАЖИВАТЬ ЗА ВОДОСТОКОМ,водостічна система,Публічна картка товару Mizol; детальні параметри перевіряйте за посиланням,,https://mizol.ua/kak-uhaghivaty-za-vodostokom
Как часто нужно проводить ревизию и очистку водосточной системы?,водостічна система,Публічна картка товару Mizol; детальні параметри перевіряйте за посиланням,,https://mizol.ua/kak-chasto-nughno-provoduty-revuzuyu-u-ochustku-vodostochnoy-sustemy
Клубный дом «Крит»,Клубный дом «Крит»,Публічна картка товару Mizol; детальні параметри перевіряйте за посиланням,,https://mizol.ua/klubnyy-dom-krut-
КОМПЛЕКСНЫЙ ВОДООТВОД – ТАК ЛИ ЭТО СЛОЖНО?,КОМПЛЕКСНЫЙ ВОДООТВОД – ТАК ЛИ ЭТО СЛОЖНО?,Публічна картка товару Mizol; детальні параметри перевіряйте за посиланням,,https://mizol.ua/kompleksnyy-vodootvod-%E2%80%93-tak-li-eto-sloghno
КОМПЛЕКСНЫЙ ВОДООТВОД. СИСТЕМНЫЙ ПОДХОД,КОМПЛЕКСНЫЙ ВОДООТВОД. СИСТЕМНЫЙ ПОДХОД,Публічна картка товару Mizol; детальні параметри перевіряйте за посиланням,,https://mizol.ua/kompleksnyy-vodootvod-sistemnyy-podhod
Коростенский завод МДФ,Коростенский завод МДФ,Публічна картка товару Mizol; детальні параметри перевіряйте за посиланням,,https://mizol.ua/korostenskuy-zavod-mdf
Коттеджный городок Montana Village,Коттеджный городок Montana Village,Публічна картка товару Mizol; детальні параметри перевіряйте за посиланням,,https://mizol.ua/kottedghnyy-gorodok-montana-village
КУПОЛЬНЫЙ ДОМ-КОТТЕДЖ,КУПОЛЬНЫЙ ДОМ-КОТТЕДЖ,Публічна картка товару Mizol; детальні параметри перевіряйте за посиланням,,https://mizol.ua/kupolynyy-dom-kottedgh
Мембраны или пленки: кто кого ?,мембрана,Публічна картка товару Mizol; детальні параметри перевіряйте за посиланням,,https://mizol.ua/membrany-ulu-plenku%3A-kto-kogo-
Мемориал памяти жертвам Голодомора в Украине,Мемориал памяти жертвам Голодомора в Украине,Публічна картка товару Mizol; детальні параметри перевіряйте за посиланням,,https://mizol.ua/memorual-pamyatu-ghertvam-golodomora-v-ukraune
Многофункциональный комплекс «Менора»,Многофункциональный комплекс «Менора»,Публічна картка товару Mizol; детальні параметри перевіряйте за посиланням,,https://mizol.ua/mnogofunkcuonalynyy-kompleks-menora-
Можно ли начать крепить сайдинг без стартовой?,сайдинг,Публічна картка товару Mizol; детальні параметри перевіряйте за посиланням,,https://mizol.ua/moghno-lu-nachaty-kreputy-saydung-bez-startovoy
Можно ли укладывать супердиффузионную мембрану непосредственно на рубероид?,мембрана,Публічна картка товару Mizol; детальні параметри перевіряйте за посиланням,,https://mizol.ua/moghno-lu-ukladyvaty-superduffuzuonnuyu-membranu-neposredstvenno-na-ruberoud
Монтаж ПВХ-мембраны FLAGON,мембрана,Публічна картка товару Mizol; детальні параметри перевіряйте за посиланням,,https://mizol.ua/montagh-pvh-membrany-flagon
Наружная стена поэлементной сборки из стальных профилированных листов,Наружная стена поэлементной сборки из стальных профилированных листов,Публічна картка товару Mizol; детальні параметри перевіряйте за посиланням,,https://mizol.ua/narughnaya-stena-poelementnoy-sborku-uz-stalynyh-profulurovannyh-lustov
Национальный памятник «Андреевская церковь»,Национальный памятник «Андреевская церковь»,Публічна картка товару Mizol; детальні параметри перевіряйте за посиланням,,https://mizol.ua/nacuonalynyy-pamyatnuk-andreevskaya-cerkovy-
НЕДОРОГОЕ И КАЧЕСТВЕННОЕ ВОЗВЕДЕНИЕ СОБСТВЕННОГО ЖИЛЬЯ,НЕДОРОГОЕ И КАЧЕСТВЕННОЕ ВОЗВЕДЕНИЕ СОБСТВЕННОГО ЖИЛЬЯ,Публічна картка товару Mizol; детальні параметри перевіряйте за посиланням,,https://mizol.ua/nedorogoe-i-kachestvennoe-vozvedenie-sobstvennogo-ghilyya
НОВАЯ КОЛЛЕКЦИЯ САМОГО ПОПУЛЯРНОГО СОФИТА НА РЫНКЕ ASKO NEO!,НОВАЯ КОЛЛЕКЦИЯ САМОГО ПОПУЛЯРНОГО СОФИТА НА РЫНКЕ ASKO NEO!,Публічна картка товару Mizol; детальні параметри перевіряйте за посиланням,,https://mizol.ua/novaya-kollekciya-samogo-populyarnogo-sofita-na-rynke-asko-neo
НОВИНКА В АССОРТИМЕНТЕ ВОДОСТОЧНЫХ СИСТЕМ PROFIL!,водостічна система,Публічна картка товару Mizol; детальні параметри перевіряйте за посиланням,,https://mizol.ua/novinka-v-assortimente-vodostochnyh-sistem-profil
НСК «Олимпийский»,НСК «Олимпийский»,Публічна картка товару Mizol; детальні параметри перевіряйте за посиланням,,https://mizol.ua/nsk-olumpuyskuy-
Офисно-торгово-развлекательный комплекс KOMOD,Офисно-торгово-развлекательный комплекс KOMOD,Публічна картка товару Mizol; детальні параметри перевіряйте за посиланням,,https://mizol.ua/ofusno-torgovo-razvlekatelynyy-kompleks-komod
Парковка международного аэропорта «БОРИСПОЛЬ»,Парковка международного аэропорта «БОРИСПОЛЬ»,Публічна картка товару Mizol; детальні параметри перевіряйте за посиланням,,https://mizol.ua/parkovka-meghdunarodnogo-aeroporta-borispoly-
ПЛОСКИЕ КРОВЛИ: СОВРЕМЕННЫЕ СТАНДАРТЫ РЕКОНСТРУКЦИИ,ПЛОСКИЕ КРОВЛИ: СОВРЕМЕННЫЕ СТАНДАРТЫ РЕКОНСТРУКЦИИ,Публічна картка товару Mizol; детальні параметри перевіряйте за посиланням,,https://mizol.ua/ploskie-krovli%3A-sovremennye-standarty-rekonstrukcii
ПОДКРОВЕЛЬНЫЕ ПЛЕНКИ – ДАНЬ МОДЕ ИЛИ ПРАВИЛА СТРОИТЕЛЬСТВА?,ПОДКРОВЕЛЬНЫЕ ПЛЕНКИ – ДАНЬ МОДЕ ИЛИ ПРАВИЛА СТРОИТЕЛЬСТВА?,Публічна картка товару Mizol; детальні параметри перевіряйте за посиланням,,https://mizol.ua/podkrovelynye-plenki-%E2%80%93-dany-mode-ili-pravila-stroitelystva
ПОЛИМЕРНАЯ СЕТКА В ЧАСТНОМ ДОМЕ: ОТ ПОЛА ДО ОГОРОДА,ПОЛИМЕРНАЯ СЕТКА В ЧАСТНОМ ДОМЕ: ОТ ПОЛА ДО ОГОРОДА,Публічна картка товару Mizol; детальні параметри перевіряйте за посиланням,,https://mizol.ua/polimernaya-setka-v-chastnom-dome%3A-ot-pola-do-ogoroda
Примыкание к вертикальным конструкциям кровли,Примыкание к вертикальным конструкциям кровли,Публічна картка товару Mizol; детальні параметри перевіряйте за посиланням,,https://mizol.ua/prumykanue-k-vertukalynym-konstrukcuyam-krovlu
Птицефабрика ПАТ «Мироновкий Хлебопродукт»,Птицефабрика ПАТ «Мироновкий Хлебопродукт»,Публічна картка товару Mizol; детальні параметри перевіряйте за посиланням,,https://mizol.ua/ptucefabruka-pat-muronovkuy-hleboprodukt-
РАЗБИРАЕМ МАТЕРИАЛЫ ДЛЯ КРЫШИ ПОД МИКРОСКОПОМ. ЧАСТЬ 1,РАЗБИРАЕМ МАТЕРИАЛЫ ДЛЯ КРЫШИ ПОД МИКРОСКОПОМ. ЧАСТЬ 1,Публічна картка товару Mizol; детальні параметри перевіряйте за посиланням,,https://mizol.ua/razbiraem-materialy-dlya-kryshi-pod-mikroskopom-chasty-1
РАЗБИРАЕМ МАТЕРИАЛЫ ДЛЯ КРЫШИ ПОД МИКРОСКОПОМ.ЧАСТЬ 2,РАЗБИРАЕМ МАТЕРИАЛЫ ДЛЯ КРЫШИ ПОД МИКРОСКОПОМ.ЧАСТЬ 2,Публічна картка товару Mizol; детальні параметри перевіряйте за посиланням,,https://mizol.ua/razbiraem-materialy-dlya-kryshi-pod-mikroskopom-chasty-2
РЕКОМЕНДАЦИИ ПО МОНТАЖУ ПОДКРОВЕЛЬНЫХ ПЛЕНОК И МЕМБРАН,мембрана,Публічна картка товару Mizol; детальні параметри перевіряйте за посиланням,,https://mizol.ua/rekomendacii-po-montaghu-podkrovelynyh-plenok-i-membran
Реконструкция площади на улице Банковской,Реконструкция площади на улице Банковской,Публічна картка товару Mizol; детальні параметри перевіряйте за посиланням,,https://mizol.ua/rekonstrukcuya-ploschadu-na-uluce-bankovskoy-
Рынок «Початок»,Рынок «Початок»,Публічна картка товару Mizol; детальні параметри перевіряйте за посиланням,,https://mizol.ua/rynok-pochatok-
САЙДИНГ ИЛИ ШТУКАТУРКА? «БИТВА» ЗА ФАСАД,сайдинг,Публічна картка товару Mizol; детальні параметри перевіряйте за посиланням,,https://mizol.ua/sayding-ili-shtukaturka-bitva-za-fasad
Сервисный центр «АВТО ВЕСТ ГРУПП»,Сервисный центр «АВТО ВЕСТ ГРУПП»,Публічна картка товару Mizol; детальні параметри перевіряйте за посиланням,,https://mizol.ua/servusnyy-centr-avto-vest-grupp-
СКАТНАЯ КРЫША: КАКОЕ ФИНИШНОЕ ПОКРЫТИЕ ВЫБРАТЬ,СКАТНАЯ КРЫША: КАКОЕ ФИНИШНОЕ ПОКРЫТИЕ ВЫБРАТЬ,Публічна картка товару Mizol; детальні параметри перевіряйте за посиланням,,https://mizol.ua/skatnaya-krysha%3A-kakoe-finishnoe-pokrytie-vybraty
СКАТНЫЕ КРОВЛИ: ЧТО ТАКОЕ «КРОВЕЛЬНЫЙ ПИРОГ»?,СКАТНЫЕ КРОВЛИ: ЧТО ТАКОЕ «КРОВЕЛЬНЫЙ ПИРОГ»?,Публічна картка товару Mizol; детальні параметри перевіряйте за посиланням,,https://mizol.ua/skatnye-krovli%3A-chto-takoe-krovelynyy-pirog-
СОФИТ — ПРОДУМАННАЯ ПОДШИВКА КАРНИЗНЫХ СВЕСОВ,СОФИТ — ПРОДУМАННАЯ ПОДШИВКА КАРНИЗНЫХ СВЕСОВ,Публічна картка товару Mizol; детальні параметри перевіряйте за посиланням,,https://mizol.ua/sofit-%E2%80%94-produmannaya-podshivka-karniznyh-svesov
СОФИТЫ – ЗАЧЕМ ЭТО НУЖНО?,СОФИТЫ – ЗАЧЕМ ЭТО НУЖНО?,Публічна картка товару Mizol; детальні параметри перевіряйте за посиланням,,https://mizol.ua/sofity-%E2%80%93-zachem-eto-nughno
СТРОИТЕЛЬНЫЕ МАТЕРИАЛЫ ДЛЯ ФАСАДА ДОМА,фасадна панель,Публічна картка товару Mizol; детальні параметри перевіряйте за посиланням,,https://mizol.ua/stroitelynye-materialy-dlya-fasada-doma
СТРОИТЕЛЬНЫЕ МАТЕРИАЛЫ НОВОГО ПОКОЛЕНИЯ,СТРОИТЕЛЬНЫЕ МАТЕРИАЛЫ НОВОГО ПОКОЛЕНИЯ,Публічна картка товару Mizol; детальні параметри перевіряйте за посиланням,,https://mizol.ua/stroitelynye-materialy-novogo-pokoleniya
Теплоизоляция – обоснованный рост продаж и сознательный покупатель,Теплоизоляция – обоснованный рост продаж и сознательный покупатель,Публічна картка товару Mizol; детальні параметри перевіряйте за посиланням,,https://mizol.ua/teplouzolyacuya-%E2%80%93-obosnovannyy-rost-prodagh-u-soznatelynyy-pokupately
ТКАНЫЙ И НЕТКАНЫЙ ГЕОТЕКСТИЛЬ,геотекстиль,Публічна картка товару Mizol; детальні параметри перевіряйте за посиланням,,https://mizol.ua/tkanyy-i-netkanyy-geotekstily
Торговый комплекс «Эпицентр»,Торговый комплекс «Эпицентр»,Публічна картка товару Mizol; детальні параметри перевіряйте за посиланням,,https://mizol.ua/torgovyy-kompleks-epucentr-
ТРЦ Lavina Mall,ТРЦ Lavina Mall,Публічна картка товару Mizol; детальні параметри перевіряйте за посиланням,,https://mizol.ua/trc-lavina-mall-
Устройство гидроизоляции фундамента,Устройство гидроизоляции фундамента,Публічна картка товару Mizol; детальні параметри перевіряйте за посиланням,,https://mizol.ua/ustroystvo-gudrouzolyacuu-fundamenta-
Устройство деформационного шва в зоне проезда пожарного автомобиля,Устройство деформационного шва в зоне проезда пожарного автомобиля,Публічна картка товару Mizol; детальні параметри перевіряйте за посиланням,,https://mizol.ua/ustroystvo-deformacuonnogo-shva-v-zone-proezda-pogharnogo-avtomobulya
Устройство деформационного шва на не эксплуатируемой кровле,Устройство деформационного шва на не эксплуатируемой кровле,Публічна картка товару Mizol; детальні параметри перевіряйте за посиланням,,https://mizol.ua/ustroystvo-deformacuonnogo-shva-na-ne-ekspluaturuemoy-krovle
Устройство зелёной кровли,Устройство зелёной кровли,Публічна картка товару Mizol; детальні параметри перевіряйте за посиланням,,https://mizol.ua/ustroystvo-zelenoy-krovlu-
Устройство зенитного фонаря LAMILUX на кровле с основанием из профнастила,Устройство зенитного фонаря LAMILUX на кровле с основанием из профнастила,Публічна картка товару Mizol; детальні параметри перевіряйте за посиланням,,https://mizol.ua/ustroystvo-zenutnogo-fonarya-lamilux-na-krovle-s-osnovanuem-uz-profnastula-
Устройство контр уклона в зоне парапета до воронки на не эксплуатированной кровле,Устройство контр уклона в зоне парапета до воронки на не эксплуатированной кровле,Публічна картка товару Mizol; детальні параметри перевіряйте за посиланням,,https://mizol.ua/ustroystvo-kontr-uklona-v-zone-parapeta-do-voronku-na-ne-ekspluaturovannoy-krovle-
Устройство контруклона в зоне парапета до воронки на не эксплуатируемой кровле,Устройство контруклона в зоне парапета до воронки на не эксплуатируемой кровле,Публічна картка товару Mizol; детальні параметри перевіряйте за посиланням,,https://mizol.ua/ustroystvo-kontruklona-v-zone-parapeta-do-voronku-na-ne-ekspluaturuemoy-krovle
Устройство кровли каркасного дома. Примыкание к парапету,Устройство кровли каркасного дома. Примыкание к парапету,Публічна картка товару Mizol; детальні параметри перевіряйте за посиланням,,https://mizol.ua/ustroystvo-krovlu-karkasnogo-doma-prumykanue-k-parapetu
Устройство кровли каркасного типа с гидроизоляцией из ПВХ- мембраны FLAGON ART,мембрана,Публічна картка товару Mizol; детальні параметри перевіряйте за посиланням,,https://mizol.ua/ustroystvo-krovlu-karkasnogo-tupa-s-gudrouzolyacuey-uz-pvh-membrany-flagon-art
Устройство кровли по профилированному металлическому настилу,Устройство кровли по профилированному металлическому настилу,Публічна картка товару Mizol; детальні параметри перевіряйте за посиланням,,https://mizol.ua/ustroystvo-krovlu-po-profulurovannomu-metallucheskomu-nastulu-
Устройство кровли с металлическим покрытием из профилированного настила,Устройство кровли с металлическим покрытием из профилированного настила,Публічна картка товару Mizol; детальні параметри перевіряйте за посиланням,,https://mizol.ua/ustroystvo-krovlu-s-metallucheskum-pokrytuem-uz-profulurovannogo-nastula
Устройство кровли с покрытием из ПВХ или ТПО мембраны без демонтажа старого битумного покрытия по ребристым плитам,мембрана,Публічна картка товару Mizol; детальні параметри перевіряйте за посиланням,,https://mizol.ua/ustroystvo-krovlu-s-pokrytuem-uz-pvh-ulu-tpo-membrany-bez-demontagha-starogo-butumnogo-pokrytuya-po-rebrustym-plutam-
УСТРОЙСТВО КРЫШИ: ЧТО НУЖНО ОБ ЭТОМ ЗНАТЬ?,УСТРОЙСТВО КРЫШИ: ЧТО НУЖНО ОБ ЭТОМ ЗНАТЬ?,Публічна картка товару Mizol; детальні параметри перевіряйте за посиланням,,https://mizol.ua/ustroystvo-kryshi%3A-chto-nughno-ob-etom-znaty
Устройство неутеплённой кровли по профилированному металлическому настилу. Реконструкция,теплоізоляція,Публічна картка товару Mizol; детальні параметри перевіряйте за посиланням,,https://mizol.ua/ustroystvo-neuteplennoy-krovlu-po-profulurovannomu-metallucheskomu-nastulu-rekonstrukcuya-
Устройство перекрытия с неотапливаемым чердаком,Устройство перекрытия с неотапливаемым чердаком,Публічна картка товару Mizol; детальні параметри перевіряйте за посиланням,,https://mizol.ua/ustroystvo-perekrytuya-s-neotapluvaemym-cherdakom
Устройство пешеходной дорожки,Устройство пешеходной дорожки,Публічна картка товару Mizol; детальні параметри перевіряйте за посиланням,,https://mizol.ua/ustroystvo-peshehodnoy-doroghku
Устройство подъездной дороги,Устройство подъездной дороги,Публічна картка товару Mizol; детальні параметри перевіряйте за посиланням,,https://mizol.ua/ustroystvo-podyezdnoy-dorogu
Устройство покрытия спортивной площадки,Устройство покрытия спортивной площадки,Публічна картка товару Mizol; детальні параметри перевіряйте за посиланням,,https://mizol.ua/ustroystvo-pokrytuya-sportuvnoy-ploschadku
Устройство промышленного пола,Устройство промышленного пола,Публічна картка товару Mizol; детальні параметри перевіряйте за посиланням,,https://mizol.ua/ustroystvo-promyshlennogo-pola-
Устройство световой ленточной конструкции LAMILUX ТИП &quot;В&quot; на кровле по профилированному металлическому настилу,Устройство световой ленточной конструкции LAMILUX ТИП &quot;В&quot; на кровле по профилированному металлическому настилу,Публічна картка товару Mizol; детальні параметри перевіряйте за посиланням,,https://mizol.ua/ustroystvo-svetovoy-lentochnoy-konstrukcuu-lamilux-tip-v-na-krovle-po-profulurovannomu-metallucheskomu-nastulu
Устройство совмещённого покрытия с легкосбрасываемыми участками кровли,Устройство совмещённого покрытия с легкосбрасываемыми участками кровли,Публічна картка товару Mizol; детальні параметри перевіряйте за посиланням,,https://mizol.ua/ustroystvo-sovmeschennogo-pokrytuya-s-legkosbrasyvaemymu-uchastkamu-krovlu-
Устройство традиционной кровли с балластным типом крепления,Устройство традиционной кровли с балластным типом крепления,Публічна картка товару Mizol; детальні параметри перевіряйте за посиланням,,https://mizol.ua/ustroystvo-traducuonnoy-krovlu-s-ballastnym-tupom-kreplenuya
Устройство традиционной кровли с балластным типом крепления и защитным слоем из шиповидной геомембраны изолит,геомембрана,Публічна картка товару Mizol; детальні параметри перевіряйте за посиланням,,https://mizol.ua/ustroystvo-traducuonnoy-krovlu-s-ballastnym-tupom-kreplenuya-u-zaschutnym-sloem-uz-shupovudnoy-geomembrany-uzolut
Устройство традиционной кровли с механической фиксацией ПВХ и ТПО-мембраны,мембрана,Публічна картка товару Mizol; детальні параметри перевіряйте за посиланням,,https://mizol.ua/ustrojstvo-tradicionnoj-krovli-s-mehanicheskoj-fiksaciej-pvh-i-tpo-membrany
Устройство традиционной кровли. изоляция парапета,Устройство традиционной кровли. изоляция парапета,Публічна картка товару Mizol; детальні параметри перевіряйте за посиланням,,https://mizol.ua/ustroystvo-traducuonnoy-krovlu-uzolyacuya-parapeta
Устройство традиционной кровли. примыкание к вертикальной конструкции,Устройство традиционной кровли. примыкание к вертикальной конструкции,Публічна картка товару Mizol; детальні параметри перевіряйте за посиланням,,https://mizol.ua/ustroystvo-traducuonnoy-krovlu-prumykanue-k-vertukalynoy-konstrukcuu
Устройство эксплуатируемого инверсионного покрытия. Примыкание к cистеме водоотвода,Устройство эксплуатируемого инверсионного покрытия. Примыкание к cистеме водоотвода,Публічна картка товару Mizol; детальні параметри перевіряйте за посиланням,,https://mizol.ua/ustroystvo-ekspluaturuemogo-unversuonnogo-pokrytuya-prumykanue-k-custeme-vodootvoda
Устройство/реконструкция кровли с покрытием из профилированного металлического настила,Устройство/реконструкция кровли с покрытием из профилированного металлического настила,Публічна картка товару Mizol; детальні параметри перевіряйте за посиланням,,https://mizol.ua/ustroystvo-rekonstrukcuya-krovlu-s-pokrytuem-uz-profulurovannogo-metallucheskogo-nastula
УТЕПЛЕНИЕ СТАРОГО ДОМА: С ЧЕГО НАЧАТЬ И ЧЕМ ЗАКОНЧИТЬ?,теплоізоляція,Публічна картка товару Mizol; детальні параметри перевіряйте за посиланням,,https://mizol.ua/uteplenie-starogo-doma%3A-s-chego-nachaty-i-chem-zakonchity
Частный дом,Частный дом,Публічна картка товару Mizol; детальні параметри перевіряйте за посиланням,,https://mizol.ua/chastnyy-dom-
Частный дом г. Ровно,Частный дом г. Ровно,Публічна картка товару Mizol; детальні параметри перевіряйте за посиланням,,https://mizol.ua/chastnyy-dom-g-rovno
ЧЕРДАЧНЫЕ ЛЕСТНИЦЫ - БЕЗОПАСНЫЙ ПУТЬ НАВЕРХ,ЧЕРДАЧНЫЕ ЛЕСТНИЦЫ - БЕЗОПАСНЫЙ ПУТЬ НАВЕРХ,Публічна картка товару Mizol; детальні параметри перевіряйте за посиланням,,https://mizol.ua/cherdachnye-lestnicy-bezopasnyy-puty-naverh
FLAGON ТПО,FLAGON ТПО,Публічна картка товару Mizol; детальні параметри перевіряйте за посиланням,,https://mizol.ua/flagon-tpo
Желоб 90 коричневый 3 м,Желоб 90 коричневый 3 м,Публічна картка товару Mizol; детальні параметри перевіряйте за посиланням,,https://mizol.ua/1316-ghelob-90-koruchnevyy-3-m
Желоб Regenau 3м 125 белый,Желоб Regenau 3м 125 белый,Публічна картка товару Mizol; детальні параметри перевіряйте за посиланням,,https://mizol.ua/118951-ghelob-regenau-3m-125-belyy
Желоб 130 белый 3м,Желоб 130 белый 3м,Публічна картка товару Mizol; детальні параметри перевіряйте за посиланням,,https://mizol.ua/1240-ghelob-130-belyy-3m
Желоб Regenau 3м 125 графит,Желоб Regenau 3м 125 графит,Публічна картка товару Mizol; детальні параметри перевіряйте за посиланням,,https://mizol.ua/118968-ghelob-regenau-3m-125-grafut
Держатель жёлоба Regenau метал. 125 коричневый,Держатель жёлоба Regenau метал. 125 коричневый,Публічна картка товару Mizol; детальні параметри перевіряйте за посиланням,,https://mizol.ua/118988-derghately-gheloba-regenau-metal-125-koruchnevyy
Желоб 90 белый 3 м,Желоб 90 белый 3 м,Публічна картка товару Mizol; детальні параметри перевіряйте за посиланням,,https://mizol.ua/1315-ghelob-90-belyy-3-m
Держатель жёлоба Regenau метал. 125 белый,Держатель жёлоба Regenau метал. 125 белый,Публічна картка товару Mizol; детальні параметри перевіряйте за посиланням,,https://mizol.ua/118954-derghately-gheloba-regenau-metal-125-belyy
Желоб 130 графитовый 3 м,Желоб 130 графитовый 3 м,Публічна картка товару Mizol; детальні параметри перевіряйте за посиланням,,https://mizol.ua/1186-ghelob-130-grafutovyy-3-m
Держатель желоба Regenau метал. 125 графит,Держатель желоба Regenau метал. 125 графит,Публічна картка товару Mizol; детальні параметри перевіряйте за посиланням,,https://mizol.ua/118971-derghately-gheloba-regenau-metal-125-grafut
Желоб 90 графитовый 3 м,Желоб 90 графитовый 3 м,Публічна картка товару Mizol; детальні параметри перевіряйте за посиланням,,https://mizol.ua/1382-ghelob-90-grafutovyy-3-m
Держатель жёлоба Regenau метал. малый 125 коричневый,Держатель жёлоба Regenau метал. малый 125 коричневый,Публічна картка товару Mizol; детальні параметри перевіряйте за посиланням,,https://mizol.ua/118989-derghately-gheloba-regenau-metal-malyy-125-koruchnevyy
Желоб 130 кирпичый 3 м,Желоб 130 кирпичый 3 м,Публічна картка товару Mizol; детальні параметри перевіряйте за посиланням,,https://mizol.ua/1187-ghelob-130-kurpuchyy-3-m
Держатель жёлоба Regenau метал. малый 125 белый,Держатель жёлоба Regenau метал. малый 125 белый,Публічна картка товару Mizol; детальні параметри перевіряйте за посиланням,,https://mizol.ua/118955-derghately-gheloba-regenau-metal-malyy-125-belyy
Желоб 90 кирпичный 3 м,Желоб 90 кирпичный 3 м,Публічна картка товару Mizol; детальні параметри перевіряйте за посиланням,,https://mizol.ua/1288-ghelob-90-kurpuchnyy-3-m
Держатель желоба Regenau метал. малый 125 графит,Держатель желоба Regenau метал. малый 125 графит,Публічна картка товару Mizol; детальні параметри перевіряйте за посиланням,,https://mizol.ua/118972-derghately-gheloba-regenau-metal-malyy-125-grafut
Желоб 130 чёрный 3м,Желоб 130 чёрный 3м,Публічна картка товару Mizol; детальні параметри перевіряйте за посиланням,,https://mizol.ua/68461-ghelob-130-chernyy-3m
Держатель жёлоба Regenau пласт. 125 коричневый,Держатель жёлоба Regenau пласт. 125 коричневый,Публічна картка товару Mizol; детальні параметри перевіряйте за посиланням,,https://mizol.ua/118987-derghately-gheloba-regenau-plast-125-koruchnevyy
Желоб 90 чёрный 3м,Желоб 90 чёрный 3м,Публічна картка товару Mizol; детальні параметри перевіряйте за посиланням,,https://mizol.ua/68492-ghelob-90-chernyy-3m
Держатель жёлоба Regenau пласт. 125 белый,Держатель жёлоба Regenau пласт. 125 белый,Публічна картка товару Mizol; детальні параметри перевіряйте за посиланням,,https://mizol.ua/118953-derghately-gheloba-regenau-plast-125-belyy
Желоб 130 красный 3 м,Желоб 130 красный 3 м,Публічна картка товару Mizol; детальні параметри перевіряйте за посиланням,,https://mizol.ua/19516-ghelob-130-krasnyy-3-m
Держатель желоба Regenau пласт. 125 графит,Держатель желоба Regenau пласт. 125 графит,Публічна картка товару Mizol; детальні параметри перевіряйте за посиланням,,https://mizol.ua/118970-derghately-gheloba-regenau-plast-125-grafut
Желоб 90 красный 3 м,Желоб 90 красный 3 м,Публічна картка товару Mizol; детальні параметри перевіряйте за посиланням,,https://mizol.ua/19517-ghelob-90-krasnyy-3-m
Держатель желоба длинный металл. 130 коричневый,Держатель желоба длинный металл. 130 коричневый,Публічна картка товару Mizol; детальні параметри перевіряйте за посиланням,,https://mizol.ua/1227-derghately-gheloba-dlunnyy-metall-130-koruchnevyy
Соединитель желоба Regenau 125 коричневый,Соединитель желоба Regenau 125 коричневый,Публічна картка товару Mizol; детальні параметри перевіряйте за посиланням,,https://mizol.ua/118977-soedunutely-gheloba-regenau-125-koruchnevyy
Держатель желоба длинный металл. 90 коричневый,Держатель желоба длинный металл. 90 коричневый,Публічна картка товару Mizol; детальні параметри перевіряйте за посиланням,,https://mizol.ua/1303-derghately-gheloba-dlunnyy-metall-90-koruchnevyy
Соединитель желоба Regenau 125 белый,Соединитель желоба Regenau 125 белый,Публічна картка товару Mizol; детальні параметри перевіряйте за посиланням,,https://mizol.ua/118943-soedunutely-gheloba-regenau-125-belyy
Держатель желоба длинный металл. 130 белый,Держатель желоба длинный металл. 130 белый,Публічна картка товару Mizol; детальні параметри перевіряйте за посиланням,,https://mizol.ua/1226-derghately-gheloba-dlunnyy-metall-130-belyy
Соединитель жёлоба Regenau 80 графит,Соединитель жёлоба Regenau 80 графит,Публічна картка товару Mizol; детальні параметри перевіряйте за посиланням,,https://mizol.ua/118960-soedunutely-gheloba-regenau-80-grafut
Держатель желоба длинный металл. 90 белый,Держатель желоба длинный металл. 90 белый,Публічна картка товару Mizol; детальні параметри перевіряйте за посиланням,,https://mizol.ua/1302-derghately-gheloba-dlunnyy-metall-90-belyy
Угол Regenau 90° 125 коричневый,Угол Regenau 90° 125 коричневый,Публічна картка товару Mizol; детальні параметри перевіряйте за посиланням,,https://mizol.ua/118982-ugol-regenau-90---125-koruchnevyy
Держатель желоба длинный металл. 130 графитовый,Держатель желоба длинный металл. 130 графитовый,Публічна картка товару Mizol; детальні параметри перевіряйте за посиланням,,https://mizol.ua/1175-derghately-gheloba-dlunnyy-metall-130-grafutovyy
Угол Regenau 90° 125 белый,Угол Regenau 90° 125 белый,Публічна картка товару Mizol; детальні параметри перевіряйте за посиланням,,https://mizol.ua/118948-ugol-regenau-90--125-belyy
Держатель желоба длинный металл. 90 графитовый,Держатель желоба длинный металл. 90 графитовый,Публічна картка товару Mizol; детальні параметри перевіряйте за посиланням,,https://mizol.ua/2765-derghately-gheloba-dlunnyy-metall-90-grafutovyy
Угол Regenau 90° 125 графит,Угол Regenau 90° 125 графит,Публічна картка товару Mizol; детальні параметри перевіряйте за посиланням,,https://mizol.ua/118965-ugol-regenau-90--125-grafut
Держатель желоба длинный металл. 130 кирпичный,Держатель желоба длинный металл. 130 кирпичный,Публічна картка товару Mizol; детальні параметри перевіряйте за посиланням,,https://mizol.ua/1176-derghately-gheloba-dlunnyy-metall-130-kurpuchnyy
Угол Regenau регулируемый 60°-160° 125 коричневый,Угол Regenau регулируемый 60°-160° 125 коричневый,Публічна картка товару Mizol; детальні параметри перевіряйте за посиланням,,https://mizol.ua/118983-ugol-regenau-reguluruemyy-60--160--125-koruchnevyy
Держатель желоба длинный металл. 90 кирпичный,Держатель желоба длинный металл. 90 кирпичный,Публічна картка товару Mizol; детальні параметри перевіряйте за посиланням,,https://mizol.ua/1284-derghately-gheloba-dlunnyy-metall-90-kurpuchnyy
Угол Regenau регулируемый 60°-160° 125 белый,Угол Regenau регулируемый 60°-160° 125 белый,Публічна картка товару Mizol; детальні параметри перевіряйте за посиланням,,https://mizol.ua/118949-ugol-regenau-reguluruemyy-60--160--125-belyy
Держатель желоба метал. 130 чёрный,Держатель желоба метал. 130 чёрный,Публічна картка товару Mizol; детальні параметри перевіряйте за посиланням,,https://mizol.ua/67820-derghately-gheloba-metal-130-chernyy
Угол Regenau регулируемый 60°-160° 125 графит,Угол Regenau регулируемый 60°-160° 125 графит,Публічна картка товару Mizol; детальні параметри перевіряйте за посиланням,,https://mizol.ua/118966-ugol-regenau-reguluruemyy-60--160--125-grafut
Держатель желоба метал. 90 чёрный,Держатель желоба метал. 90 чёрный,Публічна картка товару Mizol; детальні параметри перевіряйте за посиланням,,https://mizol.ua/68470-derghately-gheloba-metal-90-chernyy
Заглушка желоба Regenau 125 коричневая,Заглушка желоба Regenau 125 коричневая,Публічна картка товару Mizol; детальні параметри перевіряйте за посиланням,,https://mizol.ua/118979-zaglushka-gheloba-regenau-125-koruchnevaya
Держатель желоба длинный металл. 130 красный,Держатель желоба длинный металл. 130 красный,Публічна картка товару Mizol; детальні параметри перевіряйте за посиланням,,https://mizol.ua/19995-derghately-gheloba-dlunnyy-metall-130-krasnyy
Заглушка желоба Regenau 125 белая,Заглушка желоба Regenau 125 белая,Публічна картка товару Mizol; детальні параметри перевіряйте за посиланням,,https://mizol.ua/118945-zaglushka-gheloba-regenau-125-belaya
Держатель желоба длинный металл. 90 красный,Держатель желоба длинный металл. 90 красный,Публічна картка товару Mizol; детальні параметри перевіряйте за посиланням,,https://mizol.ua/21450-derghately-gheloba-dlunnyy-metall-90-krasnyy
Заглушка желоба Regenau 125 графит,Заглушка желоба Regenau 125 графит,Публічна картка товару Mizol; детальні параметри перевіряйте за посиланням,,https://mizol.ua/118962-zaglushka-gheloba-regenau-125-grafut
Держатель желоба короткий металл. 130 коричневый,Держатель желоба короткий металл. 130 коричневый,Публічна картка товару Mizol; детальні параметри перевіряйте за посиланням,,https://mizol.ua/9044-derghately-gheloba-korotkuy-metall-130-koruchnevyy
Держатель желоба короткий металл. 90 коричневый,Держатель желоба короткий металл. 90 коричневый,Публічна картка товару Mizol; детальні параметри перевіряйте за посиланням,,https://mizol.ua/9049-derghately-gheloba-korotkuy-metall-90-koruchnevyy
Держатель желоба короткий металл. 130 белый,Держатель желоба короткий металл. 130 белый,Публічна картка товару Mizol; детальні параметри перевіряйте за посиланням,,https://mizol.ua/9046-derghately-gheloba-korotkuy-metall-130-belyy
Держатель желоба короткий металл. 90 белый,Держатель желоба короткий металл. 90 белый,Публічна картка товару Mizol; детальні параметри перевіряйте за посиланням,,https://mizol.ua/9048-derghately-gheloba-korotkuy-metall-90-belyy
Держатель желоба короткий металл. 130 графитовый,Держатель желоба короткий металл. 130 графитовый,Публічна картка товару Mizol; детальні параметри перевіряйте за посиланням,,https://mizol.ua/16677-derghately-gheloba-korotkuy-metall-130-grafutovyy
Держатель желоба короткий металл. 90 графитовый,Держатель желоба короткий металл. 90 графитовый,Публічна картка товару Mizol; детальні параметри перевіряйте за посиланням,,https://mizol.ua/20650-derghately-gheloba-korotkuy-metall-90-grafutovyy
Держатель желоба короткий металл. 130 кирпичный,Держатель желоба короткий металл. 130 кирпичный,Публічна картка товару Mizol; детальні параметри перевіряйте за посиланням,,https://mizol.ua/9045-derghately-gheloba-korotkuy-metall-130-kurpuchnyy
Держатель трубы Regenau метал. 80 L100 коричневый,Держатель трубы Regenau метал. 80 L100 коричневый,Публічна картка товару Mizol; детальні параметри перевіряйте за посиланням,,https://mizol.ua/118990-derghately-truby-regenau-metal-80-l100-koruchnevyy
HAURATON TOP Х,HAURATON TOP Х,Публічна картка товару Mizol; детальні параметри перевіряйте за посиланням,,https://mizol.ua/hauraton-top-h
Держатель желоба короткий металл. 90 кирпичный,Держатель желоба короткий металл. 90 кирпичный,Публічна картка товару Mizol; детальні параметри перевіряйте за посиланням,,https://mizol.ua/9050-derghately-gheloba-korotkuy-metall-90-kurpuchnyy
Держатель трубы Regenau метал. 80 L 100 белый,Держатель трубы Regenau метал. 80 L 100 белый,Публічна картка товару Mizol; детальні параметри перевіряйте за посиланням,,https://mizol.ua/118956-derghately-truby-regenau-metal-80-l-100-belyy
GEODRAIN,GEODRAIN,Публічна картка товару Mizol; детальні параметри перевіряйте за посиланням,,https://mizol.ua/geodrain-
Держатель желоба метал. малый 130 чёрный,Держатель желоба метал. малый 130 чёрный,Публічна картка товару Mizol; детальні параметри перевіряйте за посиланням,,https://mizol.ua/67821-derghately-gheloba-metal-malyy-130-chernyy
Держатель трубы Regenau метал. 80 L 100 графит,Держатель трубы Regenau метал. 80 L 100 графит,Публічна картка товару Mizol; детальні параметри перевіряйте за посиланням,,https://mizol.ua/118973-derghately-truby-regenau-metal-80-l-100-grafut
Держатель желоба метал. малый 90 чёрный,Держатель желоба метал. малый 90 чёрный,Публічна картка товару Mizol; детальні параметри перевіряйте за посиланням,,https://mizol.ua/68471-derghately-gheloba-metal-malyy-90-chernyy
Держатель трубы Regenau метал. 80 L160 коричневый,Держатель трубы Regenau метал. 80 L160 коричневый,Публічна картка товару Mizol; детальні параметри перевіряйте за посиланням,,https://mizol.ua/118991-derghately-truby-regenau-metal-80-l160-koruchnevyy
Держатель желоба короткий металл. 130 красный,Держатель желоба короткий металл. 130 красный,Публічна картка товару Mizol; детальні параметри перевіряйте за посиланням,,https://mizol.ua/21451-derghately-gheloba-korotkuy-metall-130-krasnyy
Держатель трубы Regenau метал. 80 L 160 белый,Держатель трубы Regenau метал. 80 L 160 белый,Публічна картка товару Mizol; детальні параметри перевіряйте за посиланням,,https://mizol.ua/118957-derghately-truby-regenau-metal-80-l-160-belyy
Держатель желоба короткий металл. 90 красный,Держатель желоба короткий металл. 90 красный,Публічна картка товару Mizol; детальні параметри перевіряйте за посиланням,,https://mizol.ua/21449-derghately-gheloba-korotkuy-metall-90-krasnyy
Держатель трубы Regenau метал. 80 L 160 графит,Держатель трубы Regenau метал. 80 L 160 графит,Публічна картка товару Mizol; детальні параметри перевіряйте за посиланням,,https://mizol.ua/118974-derghately-truby-regenau-metal-80-l-160-grafut
Держатель желоба пласт. 130 коричневый,Держатель желоба пласт. 130 коричневый,Публічна картка товару Mizol; детальні параметри перевіряйте за посиланням,,https://mizol.ua/1229-derghately-gheloba-plast-130-koruchnevyy
Держатель трубы Regenau метал. 80 L220 коричневый,Держатель трубы Regenau метал. 80 L220 коричневый,Публічна картка товару Mizol; детальні параметри перевіряйте за посиланням,,https://mizol.ua/118992-derghately-truby-regenau-metal-80-l220-koruchnevyy
Держатель желоба пласт. 90 коричневый,Держатель желоба пласт. 90 коричневый,Публічна картка товару Mizol; детальні параметри перевіряйте за посиланням,,https://mizol.ua/1305-derghately-gheloba-plast-90-koruchnevyy
Держатель трубы Regenau метал. 80 L 220 белый,Держатель трубы Regenau метал. 80 L 220 белый,Публічна картка товару Mizol; детальні параметри перевіряйте за посиланням,,https://mizol.ua/118958-derghately-truby-regenau-metal-80-l-220-belyy
Держатель желоба пласт. 130 белый,Держатель желоба пласт. 130 белый,Публічна картка товару Mizol; детальні параметри перевіряйте за посиланням,,https://mizol.ua/1228-derghately-gheloba-plast-130-belyy
Держатель трубы Regenau метал. 80 L 220 графит,Держатель трубы Regenau метал. 80 L 220 графит,Публічна картка товару Mizol; детальні параметри перевіряйте за посиланням,,https://mizol.ua/118975-derghately-truby-regenau-metal-80-l-220-grafut
Держатель желоба пласт. 90 белый,Держатель желоба пласт. 90 белый,Публічна картка товару Mizol; детальні параметри перевіряйте за посиланням,,https://mizol.ua/1371-derghately-gheloba-plast-90-belyy
Держатель желоба пласт. 130 графитовый,Держатель желоба пласт. 130 графитовый,Публічна картка товару Mizol; детальні параметри перевіряйте за посиланням,,https://mizol.ua/1177-derghately-gheloba-plast-130-grafutovyy
Держатель желоба пласт. 90 графитовый,Держатель желоба пласт. 90 графитовый,Публічна картка товару Mizol; детальні параметри перевіряйте за посиланням,,https://mizol.ua/1374-derghately-gheloba-plast-90-grafutovyy
Держатель желоба пласт. 130 кирпичный,Держатель желоба пласт. 130 кирпичный,Публічна картка товару Mizol; детальні параметри перевіряйте за посиланням,,https://mizol.ua/1372-derghately-gheloba-plast-130-kurpuchnyy
Держатель желоба пласт. 90 кирпичный,Держатель желоба пласт. 90 кирпичный,Публічна картка товару Mizol; детальні параметри перевіряйте за посиланням,,https://mizol.ua/1285-derghately-gheloba-plast-90-kurpuchnyy
Держатель желоба пласт. 130 чёрный,Держатель желоба пласт. 130 чёрный,Публічна картка товару Mizol; детальні параметри перевіряйте за посиланням,,https://mizol.ua/68472-derghately-gheloba-plast-130-chernyy
Стадион «Донбасс Арена»,Стадион «Донбасс Арена»,Публічна картка товару Mizol; детальні параметри перевіряйте за посиланням,,https://mizol.ua/staduon-donbass-arena-
Держатель желоба пласт. 90 чёрный,Держатель желоба пласт. 90 чёрный,Публічна картка товару Mizol; детальні параметри перевіряйте за посиланням,,https://mizol.ua/68473-derghately-gheloba-plast-90-chernyy
Держатель желоба пласт. 130 красный,Держатель желоба пласт. 130 красный,Публічна картка товару Mizol; детальні параметри перевіряйте за посиланням,,https://mizol.ua/19515-derghately-gheloba-plast-130-krasnyy
EDILMODULO,EDILMODULO,Публічна картка товару Mizol; детальні параметри перевіряйте за посиланням,,https://mizol.ua/edilmodulo-
Держатель желоба пласт. 90 красный,Держатель желоба пласт. 90 красный,Публічна картка товару Mizol; детальні параметри перевіряйте за посиланням,,https://mizol.ua/19514-derghately-gheloba-plast-90-krasnyy
ENKADRAIN,ENKADRAIN,Публічна картка товару Mizol; детальні параметри перевіряйте за посиланням,,https://mizol.ua/enkadrain
Соединитель желоба 130 коричневый,Соединитель желоба 130 коричневый,Публічна картка товару Mizol; детальні параметри перевіряйте за посиланням,,https://mizol.ua/13842-soedunutely-gheloba-130-koruchnevyy
IKO ARMOURPLAN,IKO ARMOURPLAN,Публічна картка товару Mizol; детальні параметри перевіряйте за посиланням,,https://mizol.ua/iko-armourplan-
Соединитель желоба 90 коричневый,Соединитель желоба 90 коричневый,Публічна картка товару Mizol; детальні параметри перевіряйте за посиланням,,https://mizol.ua/13843-soedunutely-gheloba-90-koruchnevyy
Соединитель желоба 130 белый,Соединитель желоба 130 белый,Публічна картка товару Mizol; детальні параметри перевіряйте за посиланням,,https://mizol.ua/13841-soedunutely-gheloba-130-belyy
Соединитель желоба 90 белый,Соединитель желоба 90 белый,Публічна картка товару Mizol; детальні параметри перевіряйте за посиланням,,https://mizol.ua/13845-soedunutely-gheloba-90-belyy
Соединитель желоба 130 графитовый,Соединитель желоба 130 графитовый,Публічна картка товару Mizol; детальні параметри перевіряйте за посиланням,,https://mizol.ua/13846-soedunutely-gheloba-130-grafutovyy
Соединитель желоба 90 графитовый,Соединитель желоба 90 графитовый,Публічна картка товару Mizol; детальні параметри перевіряйте за посиланням,,https://mizol.ua/13844-soedunutely-gheloba-90-grafutovyy
Соединитель желоба 130 кирпичный,Соединитель желоба 130 кирпичный,Публічна картка товару Mizol; детальні параметри перевіряйте за посиланням,,https://mizol.ua/13847-soedunutely-gheloba-130-kurpuchnyy
ЖК «Дуэт»,ЖК «Дуэт»,Публічна картка товару Mizol; детальні параметри перевіряйте за посиланням,,https://mizol.ua/ghk-duet-
Соединитель желоба 90 кирпичный,Соединитель желоба 90 кирпичный,Публічна картка товару Mizol; детальні параметри перевіряйте за посиланням,,https://mizol.ua/13848-soedunutely-gheloba-90-kurpuchnyy
Соединитель желоба 130 чёрный,Соединитель желоба 130 чёрный,Публічна картка товару Mizol; детальні параметри перевіряйте за посиланням,,https://mizol.ua/68442-soedunutely-gheloba-130-chernyy
Соединитель желоба 90 чёрный,Соединитель желоба 90 чёрный,Публічна картка товару Mizol; детальні параметри перевіряйте за посиланням,,https://mizol.ua/68479-soedunutely-gheloba-90-chernyy
Соединитель желоба 130 красный,Соединитель желоба 130 красный,Публічна картка товару Mizol; детальні параметри перевіряйте за посиланням,,https://mizol.ua/19528-soedunutely-gheloba-130-krasnyy
Соединитель желоба 90 красный,Соединитель желоба 90 красный,Публічна картка товару Mizol; детальні параметри перевіряйте за посиланням,,https://mizol.ua/19529-soedunutely-gheloba-90-krasnyy
Угол внешний 130 коричневый 90°,Угол внешний 130 коричневый 90°,Публічна картка товару Mizol; детальні параметри перевіряйте за посиланням,,https://mizol.ua/2820-ugol-vneshnuy-130-koruchnevyy-90-
Угол внешний 90 коричневый 90°,Угол внешний 90 коричневый 90°,Публічна картка товару Mizol; детальні параметри перевіряйте за посиланням,,https://mizol.ua/1365-ugol-vneshnuy-90-koruchnevyy-90-
Угол внешний 130 белый 90°,Угол внешний 130 белый 90°,Публічна картка товару Mizol; детальні параметри перевіряйте за посиланням,,https://mizol.ua/2818-ugol-vneshnuy-130-belyy-90-
Угол внешний 90 белый 90°,Угол внешний 90 белый 90°,Публічна картка товару Mizol; детальні параметри перевіряйте за посиланням,,https://mizol.ua/1364-ugol-vneshnuy-90-belyy-90-
ЖК «Буковинский»,ЖК «Буковинский»,Публічна картка товару Mizol; детальні параметри перевіряйте за посиланням,,https://mizol.ua/ghk-bukovunskuy-
Угол внешний 130 графитовый 90°,Угол внешний 130 графитовый 90°,Публічна картка товару Mizol; детальні параметри перевіряйте за посиланням,,https://mizol.ua/1222-ugol-vneshnuy-130-grafutovyy-90-
Угол внешний 90 графитовый 90°,Угол внешний 90 графитовый 90°,Публічна картка товару Mizol; детальні параметри перевіряйте за посиланням,,https://mizol.ua/12815-ugol-vneshnuy-90-grafutovyy-90-
Угол внешний 130 кирпичный 90°,Угол внешний 130 кирпичный 90°,Публічна картка товару Mizol; детальні параметри перевіряйте за посиланням,,https://mizol.ua/2819-ugol-vneshnuy-130-kurpuchnyy-90-
Угол наружный 130 чёрный Z 90°,Угол наружный 130 чёрный Z 90°,Публічна картка товару Mizol; детальні параметри перевіряйте за посиланням,,https://mizol.ua/68456-ugol-narughnyy-130-chernyy-z-90-
Угол наружный 90 чёрный Z 90°,Угол наружный 90 чёрный Z 90°,Публічна картка товару Mizol; детальні параметри перевіряйте за посиланням,,https://mizol.ua/68488-ugol-narughnyy-90-chernyy-z-90-
Угол внешний 130 красный 90°,Угол внешний 130 красный 90°,Публічна картка товару Mizol; детальні параметри перевіряйте за посиланням,,https://mizol.ua/19542-ugol-vneshnuy-130-krasnyy-90-
Угол внешний 90 кирпичный 90°,Угол внешний 90 кирпичный 90°,Публічна картка товару Mizol; детальні параметри перевіряйте за посиланням,,https://mizol.ua/1301-ugol-vneshnuy-90-kurpuchnyy-90-
Угол внутренний 130 коричневый 90°,Угол внутренний 130 коричневый 90°,Публічна картка товару Mizol; детальні параметри перевіряйте за посиланням,,https://mizol.ua/2807-ugol-vnutrennuy-130-koruchnevyy-90-
Угол внутренний 90 коричневый 90°,Угол внутренний 90 коричневый 90°,Публічна картка товару Mizol; детальні параметри перевіряйте за посиланням,,https://mizol.ua/1353-ugol-vnutrennuy-90-koruchnevyy-90-
Угол внутренний 130 белый 90°,Угол внутренний 130 белый 90°,Публічна картка товару Mizol; детальні параметри перевіряйте за посиланням,,https://mizol.ua/2804-ugol-vnutrennuy-130-belyy-90-
Угол внутренний 90 белый 90°,Угол внутренний 90 белый 90°,Публічна картка товару Mizol; детальні параметри перевіряйте за посиланням,,https://mizol.ua/1352-ugol-vnutrennuy-90-belyy-90-
Угол внутренний 130 графитовый 90°,Угол внутренний 130 графитовый 90°,Публічна картка товару Mizol; детальні параметри перевіряйте за посиланням,,https://mizol.ua/2805-ugol-vnutrennuy-130-grafutovyy-90-
Угол внутренний 130 кирпичный 135°,Угол внутренний 130 кирпичный 135°,Публічна картка товару Mizol; детальні параметри перевіряйте за посиланням,,https://mizol.ua/1215-ugol-vnutrennuy-130-kurpuchnyy-135-
Угол внутренний 130 кирпичный 90°,Угол внутренний 130 кирпичный 90°,Публічна картка товару Mizol; детальні параметри перевіряйте за посиланням,,https://mizol.ua/2806-ugol-vnutrennuy-130-kurpuchnyy-90-
Угол внутренний 90 графитовый 90°,Угол внутренний 90 графитовый 90°,Публічна картка товару Mizol; детальні параметри перевіряйте за посиланням,,https://mizol.ua/21587-ugol-vnutrennuy-90-grafutovyy-90-
Угол внутренний 90 кирпичный 90°,Угол внутренний 90 кирпичный 90°,Публічна картка товару Mizol; детальні параметри перевіряйте за посиланням,,https://mizol.ua/1299-ugol-vnutrennuy-90-kurpuchnyy-90-
Угол внутренний 130 чёрный W 90°,Угол внутренний 130 чёрный W 90°,Публічна картка товару Mizol; детальні параметри перевіряйте за посиланням,,https://mizol.ua/68455-ugol-vnutrennuy-130-chernyy-w-90-
Угол внутренний 90 чёрный W 90°,Угол внутренний 90 чёрный W 90°,Публічна картка товару Mizol; детальні параметри перевіряйте за посиланням,,https://mizol.ua/68486-ugol-vnutrennuy-90-chernyy-w-90-
Угол внутренний 130 красный 90°,Угол внутренний 130 красный 90°,Публічна картка товару Mizol; детальні параметри перевіряйте за посиланням,,https://mizol.ua/19538-ugol-vnutrennuy-130-krasnyy-90-
Угол внутренний 90 красный 90°,Угол внутренний 90 красный 90°,Публічна картка товару Mizol; детальні параметри перевіряйте за посиланням,,https://mizol.ua/19539-ugol-vnutrennuy-90-krasnyy-90-
Угол внешний 130 коричневый 135°,Угол внешний 130 коричневый 135°,Публічна картка товару Mizol; детальні параметри перевіряйте за посиланням,,https://mizol.ua/1275-ugol-vneshnuy-130-koruchnevyy-135-
Угол внешний 90 коричневый 135°,Угол внешний 90 коричневый 135°,Публічна картка товару Mizol; детальні параметри перевіряйте за посиланням,,https://mizol.ua/1359-ugol-vneshnuy-90-koruchnevyy-135-
Угол внешний 130 белый 135°,Угол внешний 130 белый 135°,Публічна картка товару Mizol; детальні параметри перевіряйте за посиланням,,https://mizol.ua/1274-ugol-vneshnuy-130-belyy-135-
Угол внешний 90 белый 135°,Угол внешний 90 белый 135°,Публічна картка товару Mizol; детальні параметри перевіряйте за посиланням,,https://mizol.ua/1358-ugol-vneshnuy-90-belyy-135-
Угол внешний 130 графитовый 135°,Угол внешний 130 графитовый 135°,Публічна картка товару Mizol; детальні параметри перевіряйте за посиланням,,https://mizol.ua/1218-ugol-vneshnuy-130-grafutovyy-135-
Угол внешний 90 графитовый 135°,Угол внешний 90 графитовый 135°,Публічна картка товару Mizol; детальні параметри перевіряйте за посиланням,,https://mizol.ua/10304-ugol-vneshnuy-90-grafutovyy-135-
Угол внешний 130 кирпичный 135°,Угол внешний 130 кирпичный 135°,Публічна картка товару Mizol; детальні параметри перевіряйте за посиланням,,https://mizol.ua/1219-ugol-vneshnuy-130-kurpuchnyy-135-
Угол внешний 90 красный 90°,Угол внешний 90 красный 90°,Публічна картка товару Mizol; детальні параметри перевіряйте за посиланням,,https://mizol.ua/19543-ugol-vneshnuy-90-krasnyy-90-
Угол наружный 130 чёрный Z 135°,Угол наружный 130 чёрный Z 135°,Публічна картка товару Mizol; детальні параметри перевіряйте за посиланням,,https://mizol.ua/68457-ugol-narughnyy-130-chernyy-z-135-
Андреевский спуск в Киеве,Андреевский спуск в Киеве,Публічна картка товару Mizol; детальні параметри перевіряйте за посиланням,,https://mizol.ua/andreevskuy-spusk-v-kueve
Угол внешний 130 красный 135°,Угол внешний 130 красный 135°,Публічна картка товару Mizol; детальні параметри перевіряйте за посиланням,,https://mizol.ua/19540-ugol-vneshnuy-130-krasnyy-135-
Аквапарк «Цунами»,Аквапарк «Цунами»,Публічна картка товару Mizol; детальні параметри перевіряйте за посиланням,,https://mizol.ua/akvapark-cunamu-
Автосалон Porsche,Автосалон Porsche,Публічна картка товару Mizol; детальні параметри перевіряйте за посиланням,,https://mizol.ua/avtosalon-porsche
Угол внутренний 130 коричневый 135°,Угол внутренний 130 коричневый 135°,Публічна картка товару Mizol; детальні параметри перевіряйте за посиланням,,https://mizol.ua/1268-ugol-vnutrennuy-130-koruchnevyy-135-
Торговый центр METRO,Торговый центр METRO,Публічна картка товару Mizol; детальні параметри перевіряйте за посиланням,,https://mizol.ua/torgovyy-centr-metro
Угол внутренний 90 коричневый 135°,Угол внутренний 90 коричневый 135°,Публічна картка товару Mizol; детальні параметри перевіряйте за посиланням,,https://mizol.ua/1351-ugol-vnutrennuy-90-koruchnevyy-135-
Стадион «Украина»,Стадион «Украина»,Публічна картка товару Mizol; детальні параметри перевіряйте за посиланням,,https://mizol.ua/staduon-ukrauna-
Угол внутренний 130 белый 135°,Угол внутренний 130 белый 135°,Публічна картка товару Mizol; детальні параметри перевіряйте за посиланням,,https://mizol.ua/1267-ugol-vnutrennuy-130-belyy-135-
Реконструкция аэропорта г. Дашогуз,Реконструкция аэропорта г. Дашогуз,Публічна картка товару Mizol; детальні параметри перевіряйте за посиланням,,https://mizol.ua/rekonstrukcuya-aeroporta-g-dashoguz
Угол внутренний 90 белый 135°,Угол внутренний 90 белый 135°,Публічна картка товару Mizol; детальні параметри перевіряйте за посиланням,,https://mizol.ua/1350-ugol-vnutrennuy-90-belyy-135-
Угол внутренний 130 графитовый 135°,Угол внутренний 130 графитовый 135°,Публічна картка товару Mizol; детальні параметри перевіряйте за посиланням,,https://mizol.ua/1214-ugol-vnutrennuy-130-grafutovyy-135-
Угол внутренний 90 графитовый 135°,Угол внутренний 90 графитовый 135°,Публічна картка товару Mizol; детальні параметри перевіряйте за посиланням,,https://mizol.ua/11019-ugol-vnutrennuy-90-grafutovyy-135-
Угол внутренний 130 красный 135°,Угол внутренний 130 красный 135°,Публічна картка товару Mizol; детальні параметри перевіряйте за посиланням,,https://mizol.ua/19536-ugol-vnutrennuy-130-krasnyy-135-
Угол внутренний 90 кирпичный 135°,Угол внутренний 90 кирпичный 135°,Публічна картка товару Mizol; детальні параметри перевіряйте за посиланням,,https://mizol.ua/1298-ugol-vnutrennuy-90-kurpuchnyy-135-
Угол внутренний 130 чёрный W 135°,Угол внутренний 130 чёрный W 135°,Публічна картка товару Mizol; детальні параметри перевіряйте за посиланням,,https://mizol.ua/68448-ugol-vnutrennuy-130-chernyy-w-135-
Угол внутренний 90 чёрный W 135°,Угол внутренний 90 чёрный W 135°,Публічна картка товару Mizol; детальні параметри перевіряйте за посиланням,,https://mizol.ua/68485-ugol-vnutrennuy-90-chernyy-w-135-
Угол внутренний 90 красный 135°,Угол внутренний 90 красный 135°,Публічна картка товару Mizol; детальні параметри перевіряйте за посиланням,,https://mizol.ua/19537-ugol-vnutrennuy-90-krasnyy-135-
Ливнеприемник левый 130 коричневый,Ливнеприемник левый 130 коричневый,Публічна картка товару Mizol; детальні параметри перевіряйте за посиланням,,https://mizol.ua/1249-luvnepruemnuk-levyy-130-koruchnevyy
Ливнеприемник левый 90 коричневый,Ливнеприемник левый 90 коричневый,Публічна картка товару Mizol; детальні параметри перевіряйте за посиланням,,https://mizol.ua/1325-luvnepruemnuk-levyy-90-koruchnevyy
Ливнеприемник левый 130 белый,Ливнеприемник левый 130 белый,Публічна картка товару Mizol; детальні параметри перевіряйте за посиланням,,https://mizol.ua/1248-luvnepruemnuk-levyy-130-belyy
Ливнеприемник левый 90 белый,Ливнеприемник левый 90 белый,Публічна картка товару Mizol; детальні параметри перевіряйте за посиланням,,https://mizol.ua/1324-luvnepruemnuk-levyy-90-belyy
Ливнеприемник левый 130 графитовый,Ливнеприемник левый 130 графитовый,Публічна картка товару Mizol; детальні параметри перевіряйте за посиланням,,https://mizol.ua/1194-luvnepruemnuk-levyy-130-grafutovyy
Ливнеприемник левый 90 графитовый,Ливнеприемник левый 90 графитовый,Публічна картка товару Mizol; детальні параметри перевіряйте за посиланням,,https://mizol.ua/1394-luvnepruemnuk-levyy-90-grafutovyy
Ливнеприемник левый 130 кирпичный,Ливнеприемник левый 130 кирпичный,Публічна картка товару Mizol; детальні параметри перевіряйте за посиланням,,https://mizol.ua/1195-luvnepruemnuk-levyy-130-kurpuchnyy
Ливнеприемник левый 90 кирпичный,Ливнеприемник левый 90 кирпичный,Публічна картка товару Mizol; детальні параметри перевіряйте за посиланням,,https://mizol.ua/1292-luvnepruemnuk-levyy-90-kurpuchnyy
Ливнеприемник левый L 130 чёрный,Ливнеприемник левый L 130 чёрный,Публічна картка товару Mizol; детальні параметри перевіряйте за посиланням,,https://mizol.ua/68458-luvnepruemnuk-levyy-l-130-chernyy
Ливнеприемник левый 130 красный,Ливнеприемник левый 130 красный,Публічна картка товару Mizol; детальні параметри перевіряйте за посиланням,,https://mizol.ua/19522-luvnepruemnuk-levyy-130-krasnyy
Ливнеприемник левый 90 красный,Ливнеприемник левый 90 красный,Публічна картка товару Mizol; детальні параметри перевіряйте за посиланням,,https://mizol.ua/19523-luvnepruemnuk-levyy-90-krasnyy
Ливнеприемник правый 130 коричневый,Ливнеприемник правый 130 коричневый,Публічна картка товару Mizol; детальні параметри перевіряйте за посиланням,,https://mizol.ua/1251-luvnepruemnuk-pravyy-130-koruchnevyy
Ливнеприемник правый 90 коричневый,Ливнеприемник правый 90 коричневый,Публічна картка товару Mizol; детальні параметри перевіряйте за посиланням,,https://mizol.ua/1327-luvnepruemnuk-pravyy-90-koruchnevyy
Ливнеприемник правый 130 белый,Ливнеприемник правый 130 белый,Публічна картка товару Mizol; детальні параметри перевіряйте за посиланням,,https://mizol.ua/1250-luvnepruemnuk-pravyy-130-belyy
Ливнеприемник правый 90 белый,Ливнеприемник правый 90 белый,Публічна картка товару Mizol; детальні параметри перевіряйте за посиланням,,https://mizol.ua/1326-luvnepruemnuk-pravyy-90-belyy
Ливнеприемник правый 130 графитовый,Ливнеприемник правый 130 графитовый,Публічна картка товару Mizol; детальні параметри перевіряйте за посиланням,,https://mizol.ua/1196-luvnepruemnuk-pravyy-130-grafutovyy
Ливнеприемник правый 90 графитовый,Ливнеприемник правый 90 графитовый,Публічна картка товару Mizol; детальні параметри перевіряйте за посиланням,,https://mizol.ua/9175-luvnepruemnuk-pravyy-90-grafutovyy
Ливнеприемник правый 130 кирпичный,Ливнеприемник правый 130 кирпичный,Публічна картка товару Mizol; детальні параметри перевіряйте за посиланням,,https://mizol.ua/1197-luvnepruemnuk-pravyy-130-kurpuchnyy
Ливнеприемник правый 90 кирпичный,Ливнеприемник правый 90 кирпичный,Публічна картка товару Mizol; детальні параметри перевіряйте за посиланням,,https://mizol.ua/1293-luvnepruemnuk-pravyy-90-kurpuchnyy
Ливнеприемник правый Р 130 чёрный,Ливнеприемник правый Р 130 чёрный,Публічна картка товару Mizol; детальні параметри перевіряйте за посиланням,,https://mizol.ua/68459-luvnepruemnuk-pravyy-r-130-chernyy
Ливнеприемник правый Р 90 чёрный,Ливнеприемник правый Р 90 чёрный,Публічна картка товару Mizol; детальні параметри перевіряйте за посиланням,,https://mizol.ua/68490-luvnepruemnuk-pravyy-r-90-chernyy
Ливнеприемник правый 130 красный,Ливнеприемник правый 130 красный,Публічна картка товару Mizol; детальні параметри перевіряйте за посиланням,,https://mizol.ua/19524-luvnepruemnuk-pravyy-130-krasnyy
Ливнеприемник правый 90 красный,Ливнеприемник правый 90 красный,Публічна картка товару Mizol; детальні параметри перевіряйте за посиланням,,https://mizol.ua/19525-luvnepruemnuk-pravyy-90-krasnyy
Ливнеприемник проходной 130 коричневый,Ливнеприемник проходной 130 коричневый,Публічна картка товару Mizol; детальні параметри перевіряйте за посиланням,,https://mizol.ua/1253-luvnepruemnuk-prohodnoy-130-koruchnevyy
Ливнеприемник проходной 90 коричневый,Ливнеприемник проходной 90 коричневый,Публічна картка товару Mizol; детальні параметри перевіряйте за посиланням,,https://mizol.ua/1329-luvnepruemnuk-prohodnoy-90-koruchnevyy
Ливнеприемник проходной 130 белый,Ливнеприемник проходной 130 белый,Публічна картка товару Mizol; детальні параметри перевіряйте за посиланням,,https://mizol.ua/1252-luvnepruemnuk-prohodnoy-130-belyy
Ливнеприемник проходной 90 белый,Ливнеприемник проходной 90 белый,Публічна картка товару Mizol; детальні параметри перевіряйте за посиланням,,https://mizol.ua/1328-luvnepruemnuk-prohodnoy-90-belyy
Ливнеприемник проходной 130 графитовый,Ливнеприемник проходной 130 графитовый,Публічна картка товару Mizol; детальні параметри перевіряйте за посиланням,,https://mizol.ua/1198-luvnepruemnuk-prohodnoy-130-grafutovyy
Ливнеприемник проходной 90 графитовый,Ливнеприемник проходной 90 графитовый,Публічна картка товару Mizol; детальні параметри перевіряйте за посиланням,,https://mizol.ua/2781-luvnepruemnuk-prohodnoy-90-grafutovyy
Ливнеприемник проходной 130 кирпичный,Ливнеприемник проходной 130 кирпичный,Публічна картка товару Mizol; детальні параметри перевіряйте за посиланням,,https://mizol.ua/1199-luvnepruemnuk-prohodnoy-130-kurpuchnyy
Ливнеприемник проходной 90 кирпичный,Ливнеприемник проходной 90 кирпичный,Публічна картка товару Mizol; детальні параметри перевіряйте за посиланням,,https://mizol.ua/1294-luvnepruemnuk-prohodnoy-90-kurpuchnyy
Ливнеприемник проходной 130 чёрный,Ливнеприемник проходной 130 чёрный,Публічна картка товару Mizol; детальні параметри перевіряйте за посиланням,,https://mizol.ua/68460-luvnepruemnuk-prohodnoy-130-chernyy
Ливнеприемник проходной 90 чёрный,Ливнеприемник проходной 90 чёрный,Публічна картка товару Mizol; детальні параметри перевіряйте за посиланням,,https://mizol.ua/68491-luvnepruemnuk-prohodnoy-90-chernyy
Ливнеприемник проходной 130 красный,Ливнеприемник проходной 130 красный,Публічна картка товару Mizol; детальні параметри перевіряйте за посиланням,,https://mizol.ua/19526-luvnepruemnuk-prohodnoy-130-krasnyy
Ливнеприемник проходной 90 красный,Ливнеприемник проходной 90 красный,Публічна картка товару Mizol; детальні параметри перевіряйте за посиланням,,https://mizol.ua/19527-luvnepruemnuk-prohodnoy-90-krasnyy
Заглушка желоба левая 130 коричневая,Заглушка желоба левая 130 коричневая,Публічна картка товару Mizol; детальні параметри перевіряйте за посиланням,,https://mizol.ua/1243-zaglushka-gheloba-levaya-130-koruchnevaya
Заглушка желоба левая 90 коричневая,Заглушка желоба левая 90 коричневая,Публічна картка товару Mizol; детальні параметри перевіряйте за посиланням,,https://mizol.ua/1314-zaglushka-gheloba-levaya-90-koruchnevaya
Заглушка желоба левая 130 белая,Заглушка желоба левая 130 белая,Публічна картка товару Mizol; детальні параметри перевіряйте за посиланням,,https://mizol.ua/1242-zaglushka-gheloba-levaya-130-belaya
Заглушка желоба левая 90 белая,Заглушка желоба левая 90 белая,Публічна картка товару Mizol; детальні параметри перевіряйте за посиланням,,https://mizol.ua/1383-zaglushka-gheloba-levaya-90-belaya
Заглушка желоба левая 130 графитовая,Заглушка желоба левая 130 графитовая,Публічна картка товару Mizol; детальні параметри перевіряйте за посиланням,,https://mizol.ua/1188-zaglushka-gheloba-levaya-130-grafutovaya
Заглушка желоба левая 90 графитовая,Заглушка желоба левая 90 графитовая,Публічна картка товару Mizol; детальні параметри перевіряйте за посиланням,,https://mizol.ua/2778-zaglushka-gheloba-levaya-90-grafutovaya
Заглушка желоба левая 130 кирпичная,Заглушка желоба левая 130 кирпичная,Публічна картка товару Mizol; детальні параметри перевіряйте за посиланням,,https://mizol.ua/1189-zaglushka-gheloba-levaya-130-kurpuchnaya
Заглушка желоба левая 90 кирпичная,Заглушка желоба левая 90 кирпичная,Публічна картка товару Mizol; детальні параметри перевіряйте за посиланням,,https://mizol.ua/1289-zaglushka-gheloba-levaya-90-kurpuchnaya
Заглушка желоба левая L 130 чёрная,Заглушка желоба левая L 130 чёрная,Публічна картка товару Mizol; детальні параметри перевіряйте за посиланням,,https://mizol.ua/68444-zaglushka-gheloba-levaya-l-130-chernaya
Заглушка желоба левая L 90 чёрная,Заглушка желоба левая L 90 чёрная,Публічна картка товару Mizol; детальні параметри перевіряйте за посиланням,,https://mizol.ua/68481-zaglushka-gheloba-levaya-l-90-chernaya
Заглушка желоба левая 130 красная,Заглушка желоба левая 130 красная,Публічна картка товару Mizol; детальні параметри перевіряйте за посиланням,,https://mizol.ua/19518-zaglushka-gheloba-levaya-130-krasnaya
Заглушка желоба левая 90 красная,Заглушка желоба левая 90 красная,Публічна картка товару Mizol; детальні параметри перевіряйте за посиланням,,https://mizol.ua/19519-zaglushka-gheloba-levaya-90-krasnaya
Заглушка желоба правая 130 коричневая,Заглушка желоба правая 130 коричневая,Публічна картка товару Mizol; детальні параметри перевіряйте за посиланням,,https://mizol.ua/1245-zaglushka-gheloba-pravaya-130-koruchnevaya
Заглушка желоба правая 90 коричневая,Заглушка желоба правая 90 коричневая,Публічна картка товару Mizol; детальні параметри перевіряйте за посиланням,,https://mizol.ua/1389-zaglushka-gheloba-pravaya-90-koruchnevaya
Заглушка желоба правая 130 белая,Заглушка желоба правая 130 белая,Публічна картка товару Mizol; детальні параметри перевіряйте за посиланням,,https://mizol.ua/1244-zaglushka-gheloba-pravaya-130-belaya
Заглушка желоба правая 90 белая,Заглушка желоба правая 90 белая,Публічна картка товару Mizol; детальні параметри перевіряйте за посиланням,,https://mizol.ua/1386-zaglushka-gheloba-pravaya-90-belaya
Заглушка желоба правая 130 графитовая,Заглушка желоба правая 130 графитовая,Публічна картка товару Mizol; детальні параметри перевіряйте за посиланням,,https://mizol.ua/1190-zaglushka-gheloba-pravaya-130-grafutovaya
Заглушка желоба правая 90 графитовая,Заглушка желоба правая 90 графитовая,Публічна картка товару Mizol; детальні параметри перевіряйте за посиланням,,https://mizol.ua/1390-zaglushka-gheloba-pravaya-90-grafutovaya
Заглушка желоба правая 130 кирпичная,Заглушка желоба правая 130 кирпичная,Публічна картка товару Mizol; детальні параметри перевіряйте за посиланням,,https://mizol.ua/1191-zaglushka-gheloba-pravaya-130-kurpuchnaya
Заглушка желоба правая 90 кирпичная,Заглушка желоба правая 90 кирпичная,Публічна картка товару Mizol; детальні параметри перевіряйте за посиланням,,https://mizol.ua/1290-zaglushka-gheloba-pravaya-90-kurpuchnaya
Заглушка желоба правая Р 130 чёрная,Заглушка желоба правая Р 130 чёрная,Публічна картка товару Mizol; детальні параметри перевіряйте за посиланням,,https://mizol.ua/68445-zaglushka-gheloba-pravaya-r-130-chernaya
Заглушка желоба правая Р 90 чёрная,Заглушка желоба правая Р 90 чёрная,Публічна картка товару Mizol; детальні параметри перевіряйте за посиланням,,https://mizol.ua/68482-zaglushka-gheloba-pravaya-r-90-chernaya
Заглушка желоба правая 130 красная,Заглушка желоба правая 130 красная,Публічна картка товару Mizol; детальні параметри перевіряйте за посиланням,,https://mizol.ua/19520-zaglushka-gheloba-pravaya-130-krasnaya
Заглушка желоба правая 90 красная,Заглушка желоба правая 90 красная,Публічна картка товару Mizol; детальні параметри перевіряйте за посиланням,,https://mizol.ua/19521-zaglushka-gheloba-pravaya-90-krasnaya
Горло желоба 130 коричневое,Горло желоба 130 коричневое,Публічна картка товару Mizol; детальні параметри перевіряйте за посиланням,,https://mizol.ua/1225-gorlo-gheloba-130-koruchnevoe
Горло желоба 130 белое,Горло желоба 130 белое,Публічна картка товару Mizol; детальні параметри перевіряйте за посиланням,,https://mizol.ua/1224-gorlo-gheloba-130-beloe
Горло желоба 130 графитовое,Горло желоба 130 графитовое,Публічна картка товару Mizol; детальні параметри перевіряйте за посиланням,,https://mizol.ua/13251-gorlo-gheloba-130-grafutovoe
Труба 100 коричневая 3 м.,труба,Публічна картка товару Mizol; детальні параметри перевіряйте за посиланням,,https://mizol.ua/2795-truba-100-koruchnevaya-3-m
Труба 100 коричневая 4 м.,труба,Публічна картка товару Mizol; детальні параметри перевіряйте за посиланням,,https://mizol.ua/1212-truba-100-koruchnevaya-4-m
Труба 100 белая 3 м.,труба,Публічна картка товару Mizol; детальні параметри перевіряйте за посиланням,,https://mizol.ua/2792-truba-100-belaya-3-m
Труба 100 белая 4 м.,труба,Публічна картка товару Mizol; детальні параметри перевіряйте за посиланням,,https://mizol.ua/2796-truba-100-belaya-4-m
Труба 100 графитовая 3 м.,труба,Публічна картка товару Mizol; детальні параметри перевіряйте за посиланням,,https://mizol.ua/2793-truba-100-grafutovaya-3-m
Труба 100 графитовая 4 м.,труба,Публічна картка товару Mizol; детальні параметри перевіряйте за посиланням,,https://mizol.ua/2797-truba-100-grafutovaya-4-m
Труба 100 кирпичная 3 м.,труба,Публічна картка товару Mizol; детальні параметри перевіряйте за посиланням,,https://mizol.ua/2794-truba-100-kurpuchnaya-3-m
Труба 100 кирпичная 4 м.,труба,Публічна картка товару Mizol; детальні параметри перевіряйте за посиланням,,https://mizol.ua/2798-truba-100-kurpuchnaya-4-m
Труба водосточная PROFiL 100 чёрная 3м,водостічна система,Публічна картка товару Mizol; детальні параметри перевіряйте за посиланням,,https://mizol.ua/68463-truba-vodostochnaya-profil-100-chernaya-3m
Труба водосточная 100 чёрная 4м,водостічна система,Публічна картка товару Mizol; детальні параметри перевіряйте за посиланням,,https://mizol.ua/68464-truba-vodostochnaya-100-chernaya-4m
Труба 100 красная 3 м.,труба,Публічна картка товару Mizol; детальні параметри перевіряйте за посиланням,,https://mizol.ua/19532-truba-100-krasnaya-3-m
Труба 100 красная 4 м.,труба,Публічна картка товару Mizol; детальні параметри перевіряйте за посиланням,,https://mizol.ua/19533-truba-100-krasnaya-4-m
Труба 75 коричневая 3 м.,труба,Публічна картка товару Mizol; детальні параметри перевіряйте за посиланням,,https://mizol.ua/1347-truba-75-koruchnevaya-3-m
Труба 75 коричневая 4 м.,труба,Публічна картка товару Mizol; детальні параметри перевіряйте за посиланням,,https://mizol.ua/1349-truba-75-koruchnevaya-4-m
Труба 75 белая 4 м.,труба,Публічна картка товару Mizol; детальні параметри перевіряйте за посиланням,,https://mizol.ua/1348-truba-75-belaya-4-m
Труба 75 графитовая 3 м.,труба,Публічна картка товару Mizol; детальні параметри перевіряйте за посиланням,,https://mizol.ua/2788-truba-75-grafutovaya-3-m
Труба 75 графитовая 4 м.,труба,Публічна картка товару Mizol; детальні параметри перевіряйте за посиланням,,https://mizol.ua/2789-truba-75-grafutovaya-4-m
Труба 75 кирпичная 3 м.,труба,Публічна картка товару Mizol; детальні параметри перевіряйте за посиланням,,https://mizol.ua/1297-truba-75-kurpuchnaya-3-m
Труба водосточная 75 чёрная 3м,водостічна система,Публічна картка товару Mizol; детальні параметри перевіряйте за посиланням,,https://mizol.ua/68493-truba-vodostochnaya-75-chernaya-3m
Труба 75 красная 3 м.,труба,Публічна картка товару Mizol; детальні параметри перевіряйте за посиланням,,https://mizol.ua/19534-truba-75-krasnaya-3-m
Колено 100 коричневое,Колено 100 коричневое,Публічна картка товару Mizol; детальні параметри перевіряйте за посиланням,,https://mizol.ua/1247-koleno-100-koruchnevoe
Колено 75 коричневое,Колено 75 коричневое,Публічна картка товару Mizol; детальні параметри перевіряйте за посиланням,,https://mizol.ua/1321-koleno-75-koruchnevoe
Колено 100 белое,Колено 100 белое,Публічна картка товару Mizol; детальні параметри перевіряйте за посиланням,,https://mizol.ua/1246-koleno-100-beloe
Колено 75 белое,Колено 75 белое,Публічна картка товару Mizol; детальні параметри перевіряйте за посиланням,,https://mizol.ua/1320-koleno-75-beloe
Колено 100 графитовое,Колено 100 графитовое,Публічна картка товару Mizol; детальні параметри перевіряйте за посиланням,,https://mizol.ua/1192-koleno-100-grafutovoe
Колено 75 графитовое,Колено 75 графитовое,Публічна картка товару Mizol; детальні параметри перевіряйте за посиланням,,https://mizol.ua/2780-koleno-75-grafutovoe
Колено PROFiL двухраструбое 75 графитовое,Колено PROFiL двухраструбое 75 графитовое,Публічна картка товару Mizol; детальні параметри перевіряйте за посиланням,,https://mizol.ua/41008-koleno-profil-dvuhrastruboe-75-grafutovoe
Колено 100 кирпичное,Колено 100 кирпичное,Публічна картка товару Mizol; детальні параметри перевіряйте за посиланням,,https://mizol.ua/1193-koleno-100-kurpuchnoe
Колено 75 кирпичное,Колено 75 кирпичное,Публічна картка товару Mizol; детальні параметри перевіряйте за посиланням,,https://mizol.ua/1291-koleno-75-kurpuchnoe
Колено 100 чёрное,Колено 100 чёрное,Публічна картка товару Mizol; детальні параметри перевіряйте за посиланням,,https://mizol.ua/68446-koleno-100-chernoe
Колено 75 чёрное,Колено 75 чёрное,Публічна картка товару Mizol; детальні параметри перевіряйте за посиланням,,https://mizol.ua/68483-koleno-75-chernoe
Колено 100 красное,Колено 100 красное,Публічна картка товару Mizol; детальні параметри перевіряйте за посиланням,,https://mizol.ua/19918-koleno-100-krasnoe
Колено 75 красное,Колено 75 красное,Публічна картка товару Mizol; детальні параметри перевіряйте за посиланням,,https://mizol.ua/20403-koleno-75-krasnoe
Колено двухраструбное 100 коричневое,Колено двухраструбное 100 коричневое,Публічна картка товару Mizol; детальні параметри перевіряйте за посиланням,,https://mizol.ua/39313-koleno-dvuhrastrubnoe-100-koruchnevoe-
Колено двухраструбное 75 коричневое,Колено двухраструбное 75 коричневое,Публічна картка товару Mizol; детальні параметри перевіряйте за посиланням,,https://mizol.ua/39314-koleno-dvuhrastrubnoe-75-koruchnevoe
Колено двухраструбное 100 белое,Колено двухраструбное 100 белое,Публічна картка товару Mizol; детальні параметри перевіряйте за посиланням,,https://mizol.ua/44993-koleno-dvuhrastrubnoe-100-beloe
Колено 75 двухраструбное белое,Колено 75 двухраструбное белое,Публічна картка товару Mizol; детальні параметри перевіряйте за посиланням,,https://mizol.ua/40318-koleno-75-dvuhrastrubnoe-beloe
Колено двухраструбное PROFiL 100 графитовое,Колено двухраструбное PROFiL 100 графитовое,Публічна картка товару Mizol; детальні параметри перевіряйте за посиланням,,https://mizol.ua/44711-koleno-dvuhrastrubnoe-profil-100-grafutovoe
Колено двухраструбное 100 кирпичное,Колено двухраструбное 100 кирпичное,Публічна картка товару Mizol; детальні параметри перевіряйте за посиланням,,https://mizol.ua/44710-koleno-dvuhrastrubnoe-100-kurpuchnoe
Колено двухраструбное 75 кирпичное,Колено двухраструбное 75 кирпичное,Публічна картка товару Mizol; детальні параметри перевіряйте за посиланням,,https://mizol.ua/40316-koleno-dvuhrastrubnoe-75-kurpuchnoe
Колено двухраструбное 100 чёрное,Колено двухраструбное 100 чёрное,Публічна картка товару Mizol; детальні параметри перевіряйте за посиланням,,https://mizol.ua/68447-koleno-dvuhrastrubnoe-100-chernoe
Колено двухраструбное 75 чёрное,Колено двухраструбное 75 чёрное,Публічна картка товару Mizol; детальні параметри перевіряйте за посиланням,,https://mizol.ua/68484-koleno-dvuhrastrubnoe-75-chernoe
Колено двухраструбное 100 красное,Колено двухраструбное 100 красное,Публічна картка товару Mizol; детальні параметри перевіряйте за посиланням,,https://mizol.ua/44709-koleno-dvuhrastrubnoe-100-krasnoe
Колено 75 двухраструбное красное,Колено 75 двухраструбное красное,Публічна картка товару Mizol; детальні параметри перевіряйте за посиланням,,https://mizol.ua/40315-koleno-75-dvuhrastrubnoe-krasnoe
Соединитель трубы 130 коричневый,Соединитель трубы 130 коричневый,Публічна картка товару Mizol; детальні параметри перевіряйте за посиланням,,https://mizol.ua/1264-soedunutely-truby-130-koruchnevyy
Соединитель трубы 90 коричневый,Соединитель трубы 90 коричневый,Публічна картка товару Mizol; детальні параметри перевіряйте за посиланням,,https://mizol.ua/1339-soedunutely-truby-90-koruchnevyy
Соединитель трубы 130 белый,Соединитель трубы 130 белый,Публічна картка товару Mizol; детальні параметри перевіряйте за посиланням,,https://mizol.ua/1263-soedunutely-truby-130-belyy
Соединитель трубы 90 белый,Соединитель трубы 90 белый,Публічна картка товару Mizol; детальні параметри перевіряйте за посиланням,,https://mizol.ua/1338-soedunutely-truby-90-belyy
Соединитель трубы 130 графитовый,Соединитель трубы 130 графитовый,Публічна картка товару Mizol; детальні параметри перевіряйте за посиланням,,https://mizol.ua/1208-soedunutely-truby-130-grafutovyy
Соединитель трубы 90 графитовый,Соединитель трубы 90 графитовый,Публічна картка товару Mizol; детальні параметри перевіряйте за посиланням,,https://mizol.ua/2786-soedunutely-truby-90-grafutovyy
Соединитель трубы 130 кирпичный,Соединитель трубы 130 кирпичный,Публічна картка товару Mizol; детальні параметри перевіряйте за посиланням,,https://mizol.ua/1209-soedunutely-truby-130-kurpuchnyy
Соединитель трубы 90 кирпичный,Соединитель трубы 90 кирпичный,Публічна картка товару Mizol; детальні параметри перевіряйте за посиланням,,https://mizol.ua/1296-soedunutely-truby-90-kurpuchnyy
Соединитель трубы 130 чёрный,Соединитель трубы 130 чёрный,Публічна картка товару Mizol; детальні параметри перевіряйте за посиланням,,https://mizol.ua/68443-soedunutely-truby-130-chernyy
Соединитель трубы 90 чёрный,Соединитель трубы 90 чёрный,Публічна картка товару Mizol; детальні параметри перевіряйте за посиланням,,https://mizol.ua/68480-soedunutely-truby-90-chernyy
Соединитель трубы 130 красный,Соединитель трубы 130 красный,Публічна картка товару Mizol; детальні параметри перевіряйте за посиланням,,https://mizol.ua/19530-soedunutely-truby-130-krasnyy
Соединитель трубы 90 красный,Соединитель трубы 90 красный,Публічна картка товару Mizol; детальні параметри перевіряйте за посиланням,,https://mizol.ua/19531-soedunutely-truby-90-krasnyy
Тройник 100/100/67 130 коричневый,Тройник 100/100/67 130 коричневый,Публічна картка товару Mizol; детальні параметри перевіряйте за посиланням,,https://mizol.ua/1266-troynuk-10010067-130-koruchnevyy
Тройник 100/100/67 130 белый,Тройник 100/100/67 130 белый,Публічна картка товару Mizol; детальні параметри перевіряйте за посиланням,,https://mizol.ua/1265-troynuk-10010067-130-belyy
Тройник 100/100/67 130 графитовый,Тройник 100/100/67 130 графитовый,Публічна картка товару Mizol; детальні параметри перевіряйте за посиланням,,https://mizol.ua/1210-troynuk-10010067-130-grafutovyy
Тройник 100/100/67 130 кирпичный,Тройник 100/100/67 130 кирпичный,Публічна картка товару Mizol; детальні параметри перевіряйте за посиланням,,https://mizol.ua/1211-troynuk-10010067-130-kurpuchnyy
Тройник 100/100/67 130 чёрный,Тройник 100/100/67 130 чёрный,Публічна картка товару Mizol; детальні параметри перевіряйте за посиланням,,https://mizol.ua/68462-troynuk-10010067-130-chernyy
Тройник 100/100/67 130 красный,Тройник 100/100/67 130 красный,Публічна картка товару Mizol; детальні параметри перевіряйте за посиланням,,https://mizol.ua/20180-troynuk-10010067-130-krasnyy
Тройник 100/75/67 90 коричневый,Тройник 100/75/67 90 коричневый,Публічна картка товару Mizol; детальні параметри перевіряйте за посиланням,,https://mizol.ua/1341-troynuk-1007567-90-koruchnevyy
Тройник 100/75/67 90 белый,Тройник 100/75/67 90 белый,Публічна картка товару Mizol; детальні параметри перевіряйте за посиланням,,https://mizol.ua/1340-troynuk-1007567-90-belyy
Тройник 100/75/67 90 графитовый,Тройник 100/75/67 90 графитовый,Публічна картка товару Mizol; детальні параметри перевіряйте за посиланням,,https://mizol.ua/2787-troynuk-1007567-90-grafutovyy
Тройник 75/75/67 90 коричневый,Тройник 75/75/67 90 коричневый,Публічна картка товару Mizol; детальні параметри перевіряйте за посиланням,,https://mizol.ua/1343-troynuk-757567-90-koruchnevyy
Тройник 75/75/67 90 белый,Тройник 75/75/67 90 белый,Публічна картка товару Mizol; детальні параметри перевіряйте за посиланням,,https://mizol.ua/1342-troynuk-757567-90-belyy
Тройник 75/75/67 90 графитовый,Тройник 75/75/67 90 графитовый,Публічна картка товару Mizol; детальні параметри перевіряйте за посиланням,,https://mizol.ua/13837-troynuk-757567-90-grafutovyy
Держатель трубы металл. L100 130 коричневый,Держатель трубы металл. L100 130 коричневый,Публічна картка товару Mizol; детальні параметри перевіряйте за посиланням,,https://mizol.ua/1235-derghately-truby-metall-l100-130-koruchnevyy
Держатель трубы металл. L100 130 белый,Держатель трубы металл. L100 130 белый,Публічна картка товару Mizol; детальні параметри перевіряйте за посиланням,,https://mizol.ua/1234-derghately-truby-metall-l100-130-belyy
Держатель трубы металл. L100 130 графитовый,Держатель трубы металл. L100 130 графитовый,Публічна картка товару Mizol; детальні параметри перевіряйте за посиланням,,https://mizol.ua/1180-derghately-truby-metall-l100-130-grafutovyy
Держатель трубы металл. L100 130 кирпичный,Держатель трубы металл. L100 130 кирпичный,Публічна картка товару Mizol; детальні параметри перевіряйте за посиланням,,https://mizol.ua/1181-derghately-truby-metall-l100-130-kurpuchnyy
Держатель трубы метал. L100 130 чёрный,Держатель трубы метал. L100 130 чёрный,Публічна картка товару Mizol; детальні параметри перевіряйте за посиланням,,https://mizol.ua/67822-derghately-truby-metal-l100-130-chernyy
Держатель трубы металл. L100 130 красный,Держатель трубы металл. L100 130 красный,Публічна картка товару Mizol; детальні параметри перевіряйте за посиланням,,https://mizol.ua/19477-derghately-truby-metall-l100-130-krasnyy
Держатель трубы металл. L100 90 коричневый,Держатель трубы металл. L100 90 коричневый,Публічна картка товару Mizol; детальні параметри перевіряйте за посиланням,,https://mizol.ua/1311-derghately-truby-metall-l100-90-koruchnevyy
Держатель трубы металл. L100 90 белый,Держатель трубы металл. L100 90 белый,Публічна картка товару Mizol; детальні параметри перевіряйте за посиланням,,https://mizol.ua/1310-derghately-truby-metall-l100-90-belyy
Держатель трубы металл. L100 90 графитовый,Держатель трубы металл. L100 90 графитовый,Публічна картка товару Mizol; детальні параметри перевіряйте за посиланням,,https://mizol.ua/9174-derghately-truby-metall-l100-90-grafutovyy
Держатель трубы металл. L100 90 кирпичный,Держатель трубы металл. L100 90 кирпичный,Публічна картка товару Mizol; детальні параметри перевіряйте за посиланням,,https://mizol.ua/1286-derghately-truby-metall-l100-90-kurpuchnyy
Держатель трубы PROFiL метал. L100 75 чёрный,Держатель трубы PROFiL метал. L100 75 чёрный,Публічна картка товару Mizol; детальні параметри перевіряйте за посиланням,,https://mizol.ua/68474-derghately-truby-profil-metal-l100-75-chernyy
Держатель трубы металл. L100 90 красный,Держатель трубы металл. L100 90 красный,Публічна картка товару Mizol; детальні параметри перевіряйте за посиланням,,https://mizol.ua/19478-derghately-truby-metall-l100-90-krasnyy
Держатель трубы металл. L160 130 коричневый,Держатель трубы металл. L160 130 коричневый,Публічна картка товару Mizol; детальні параметри перевіряйте за посиланням,,https://mizol.ua/1237-derghately-truby-metall-l160-130-koruchnevyy
Держатель трубы металл. L160 130 белый,Держатель трубы металл. L160 130 белый,Публічна картка товару Mizol; детальні параметри перевіряйте за посиланням,,https://mizol.ua/1236-derghately-truby-metall-l160-130-belyy
Держатель трубы металл. L160 130 графитовый,Держатель трубы металл. L160 130 графитовый,Публічна картка товару Mizol; детальні параметри перевіряйте за посиланням,,https://mizol.ua/1182-derghately-truby-metall-l160-130-grafutovyy
Держатель трубы металл. L160 130 кирпичный,Держатель трубы металл. L160 130 кирпичный,Публічна картка товару Mizol; детальні параметри перевіряйте за посиланням,,https://mizol.ua/1183-derghately-truby-metall-l160-130-kurpuchnyy
Держатель трубы метал. L160 130 чёрный,Держатель трубы метал. L160 130 чёрный,Публічна картка товару Mizol; детальні параметри перевіряйте за посиланням,,https://mizol.ua/68465-derghately-truby-metal-l160-130-chernyy
Держатель трубы металл. L160 130 красный,Держатель трубы металл. L160 130 красный,Публічна картка товару Mizol; детальні параметри перевіряйте за посиланням,,https://mizol.ua/19479-derghately-truby-metall-l160-130-krasnyy
Держатель трубы металл. L160 90 коричневый,Держатель трубы металл. L160 90 коричневый,Публічна картка товару Mizol; детальні параметри перевіряйте за посиланням,,https://mizol.ua/1313-derghately-truby-metall-l160-90-koruchnevyy
Держатель трубы металл. L160 90 белый,Держатель трубы металл. L160 90 белый,Публічна картка товару Mizol; детальні параметри перевіряйте за посиланням,,https://mizol.ua/1312-derghately-truby-metall-l160-90-belyy
Держатель трубы металл. L160 90 графитовый,Держатель трубы металл. L160 90 графитовый,Публічна картка товару Mizol; детальні параметри перевіряйте за посиланням,,https://mizol.ua/3548-derghately-truby-metall-l160-90-grafutovyy
Держатель трубы металл. L160 90 кирпичный,Держатель трубы металл. L160 90 кирпичный,Публічна картка товару Mizol; детальні параметри перевіряйте за посиланням,,https://mizol.ua/1287-derghately-truby-metall-l160-90-kurpuchnyy
Держатель трубы метал. L160 90 чёрный,Держатель трубы метал. L160 90 чёрный,Публічна картка товару Mizol; детальні параметри перевіряйте за посиланням,,https://mizol.ua/68475-derghately-truby-metal-l160-90-chernyy
Держатель трубы металл. L160 90 красный,Держатель трубы металл. L160 90 красный,Публічна картка товару Mizol; детальні параметри перевіряйте за посиланням,,https://mizol.ua/19480-derghately-truby-metall-l160-90-krasnyy
Держатель трубы металл. L220 130 коричневый,Держатель трубы металл. L220 130 коричневый,Публічна картка товару Mizol; детальні параметри перевіряйте за посиланням,,https://mizol.ua/1239-derghately-truby-metall-l220-130-koruchnevyy
Держатель трубы металл. L220 130 белый,Держатель трубы металл. L220 130 белый,Публічна картка товару Mizol; детальні параметри перевіряйте за посиланням,,https://mizol.ua/1238-derghately-truby-metall-l220-130-belyy
Держатель трубы металл. L220 130 графитовый,Держатель трубы металл. L220 130 графитовый,Публічна картка товару Mizol; детальні параметри перевіряйте за посиланням,,https://mizol.ua/1184-derghately-truby-metall-l220-130-grafutovyy
Держатель трубы металл. L220 130 кирпичный,Держатель трубы металл. L220 130 кирпичный,Публічна картка товару Mizol; детальні параметри перевіряйте за посиланням,,https://mizol.ua/1185-derghately-truby-metall-l220-130-kurpuchnyy
Держатель трубы метал. L220 130 чёрный,Держатель трубы метал. L220 130 чёрный,Публічна картка товару Mizol; детальні параметри перевіряйте за посиланням,,https://mizol.ua/68466-derghately-truby-metal-l220-130-chernyy
Держатель трубы металл. L220 130 красный,Держатель трубы металл. L220 130 красный,Публічна картка товару Mizol; детальні параметри перевіряйте за посиланням,,https://mizol.ua/19481-derghately-truby-metall-l220-130-krasnyy
Держатель трубы Profil метал. L220 90 коричневый,Держатель трубы Profil метал. L220 90 коричневый,Публічна картка товару Mizol; детальні параметри перевіряйте за посиланням,,https://mizol.ua/15079-derghately-truby-profil-metal-l220-90-koruchnevyy
Держатель трубы Profil метал. L220 90 белый,Держатель трубы Profil метал. L220 90 белый,Публічна картка товару Mizol; детальні параметри перевіряйте за посиланням,,https://mizol.ua/15078-derghately-truby-profil-metal-l220-90-belyy
Держатель трубы PROFiL метал. L220 75 графитовый,Держатель трубы PROFiL метал. L220 75 графитовый,Публічна картка товару Mizol; детальні параметри перевіряйте за посиланням,,https://mizol.ua/19276-derghately-truby-profil-metal-l220-75-grafutovyy
Держатель трубы пласт. L100 130 коричневий,Держатель трубы пласт. L100 130 коричневий,Публічна картка товару Mizol; детальні параметри перевіряйте за посиланням,,https://mizol.ua/1231-derghately-truby-plast-l100-130-koruchnevuy
Держатель трубы пласт. L100 130 белый,Держатель трубы пласт. L100 130 белый,Публічна картка товару Mizol; детальні параметри перевіряйте за посиланням,,https://mizol.ua/1230-derghately-truby-plast-l100-130-belyy
Держатель трубы пласт. L100 130 графитовый,Держатель трубы пласт. L100 130 графитовый,Публічна картка товару Mizol; детальні параметри перевіряйте за посиланням,,https://mizol.ua/1179-derghately-truby-plast-l100-130-grafutovyy
Держатель трубы пласт. L100 130 кирпичный,Держатель трубы пласт. L100 130 кирпичный,Публічна картка товару Mizol; детальні параметри перевіряйте за посиланням,,https://mizol.ua/14370-derghately-truby-plast-l100-130-kurpuchnyy
Держатель трубы пласт. L100 130 чёрный,Держатель трубы пласт. L100 130 чёрный,Публічна картка товару Mizol; детальні параметри перевіряйте за посиланням,,https://mizol.ua/68467-derghately-truby-plast-l100-130-chernyy
Держатель трубы пласт. L100 130 красный,Держатель трубы пласт. L100 130 красный,Публічна картка товару Mizol; детальні параметри перевіряйте за посиланням,,https://mizol.ua/20964-derghately-truby-plast-l100-130-krasnyy
Держатель трубы пласт. L100 90 коричневый,Держатель трубы пласт. L100 90 коричневый,Публічна картка товару Mizol; детальні параметри перевіряйте за посиланням,,https://mizol.ua/1307-derghately-truby-plast-l100-90-koruchnevyy
Держатель трубы пласт. L100 90 белый,Держатель трубы пласт. L100 90 белый,Публічна картка товару Mizol; детальні параметри перевіряйте за посиланням,,https://mizol.ua/1306-derghately-truby-plast-l100-90-belyy
Держатель трубы PROFiL пласт. L100 75 графитовый,Держатель трубы PROFiL пласт. L100 75 графитовый,Публічна картка товару Mizol; детальні параметри перевіряйте за посиланням,,https://mizol.ua/4501-derghately-truby-profil-plast-l100-75-grafutovyy
Держатель трубы пласт. L100 90 кирпичный,Держатель трубы пласт. L100 90 кирпичный,Публічна картка товару Mizol; детальні параметри перевіряйте за посиланням,,https://mizol.ua/10125-derghately-truby-plast-l100-90-kurpuchnyy
Держатель трубы пласт. L160 130 коричневый,Держатель трубы пласт. L160 130 коричневый,Публічна картка товару Mizol; детальні параметри перевіряйте за посиланням,,https://mizol.ua/1233-derghately-truby-plast-l160-130-koruchnevyy
Держатель трубы пласт. L160 130 белый,Держатель трубы пласт. L160 130 белый,Публічна картка товару Mizol; детальні параметри перевіряйте за посиланням,,https://mizol.ua/1232-derghately-truby-plast-l160-130-belyy
Держатель трубы пласт. L160 130 графитовый,Держатель трубы пласт. L160 130 графитовый,Публічна картка товару Mizol; детальні параметри перевіряйте за посиланням,,https://mizol.ua/10500-derghately-truby-plast-l160-130-grafutovyy
Держатель трубы пласт. L160 130 кирпичный,Держатель трубы пласт. L160 130 кирпичный,Публічна картка товару Mizol; детальні параметри перевіряйте за посиланням,,https://mizol.ua/7603-derghately-truby-plast-l160-130-kurpuchnyy
Держатель трубы пласт. L160 130 чёрный,Держатель трубы пласт. L160 130 чёрный,Публічна картка товару Mizol; детальні параметри перевіряйте за посиланням,,https://mizol.ua/68468-derghately-truby-plast-l160-130-chernyy
Держатель трубы пласт. L160 130 красный,Держатель трубы пласт. L160 130 красный,Публічна картка товару Mizol; детальні параметри перевіряйте за посиланням,,https://mizol.ua/20965-derghately-truby-plast-l160-130-krasnyy
Держатель трубы пласт. L160 90 коричневый,Держатель трубы пласт. L160 90 коричневый,Публічна картка товару Mizol; детальні параметри перевіряйте за посиланням,,https://mizol.ua/1309-derghately-truby-plast-l160-90-koruchnevyy
Держатель трубы пласт. L160 90 белый,Держатель трубы пласт. L160 90 белый,Публічна картка товару Mizol; детальні параметри перевіряйте за посиланням,,https://mizol.ua/1308-derghately-truby-plast-l160-90-belyy
Держатель трубы пласт. L160 90 графитовый,Держатель трубы пласт. L160 90 графитовый,Публічна картка товару Mizol; детальні параметри перевіряйте за посиланням,,https://mizol.ua/10328-derghately-truby-plast-l160-90-grafutovyy
Держатель трубы пласт. L160 90 кирпичный,Держатель трубы пласт. L160 90 кирпичный,Публічна картка товару Mizol; детальні параметри перевіряйте за посиланням,,https://mizol.ua/14745-derghately-truby-plast-l160-90-kurpuchnyy
Держатель трубы пласт. L160 90 красный,Держатель трубы пласт. L160 90 красный,Публічна картка товару Mizol; детальні параметри перевіряйте за посиланням,,https://mizol.ua/20967-derghately-truby-plast-l160-90-krasnyy
Держатель трубы пласт. L220 130 коричневый,Держатель трубы пласт. L220 130 коричневый,Публічна картка товару Mizol; детальні параметри перевіряйте за посиланням,,https://mizol.ua/11015-derghately-truby-plast-l220-130-koruchnevyy
Держатель трубы пласт. L220 130 белый,Держатель трубы пласт. L220 130 белый,Публічна картка товару Mizol; детальні параметри перевіряйте за посиланням,,https://mizol.ua/11014-derghately-truby-plast-l220-130-belyy
Держатель трубы пласт. L220 130 чёрный,Держатель трубы пласт. L220 130 чёрный,Публічна картка товару Mizol; детальні параметри перевіряйте за посиланням,,https://mizol.ua/68469-derghately-truby-plast-l220-130-chernyy
Держатель трубы пласт. L220 130 красный,Держатель трубы пласт. L220 130 красный,Публічна картка товару Mizol; детальні параметри перевіряйте за посиланням,,https://mizol.ua/20966-derghately-truby-plast-l220-130-krasnyy
Держатель трубы PROFiL для вент. фасадов 90 белый,фасадна панель,Публічна картка товару Mizol; детальні параметри перевіряйте за посиланням,,https://mizol.ua/39122-derghately-truby-profil-dlya-vent-fasadov-90-belyy
Отвод для сбора воды 90 коричневый,Отвод для сбора воды 90 коричневый,Публічна картка товару Mizol; детальні параметри перевіряйте за посиланням,,https://mizol.ua/17315-otvod-dlya-sbora-vody-90-koruchnevyy
Ревизия 130 белая,Ревизия 130 белая,Публічна картка товару Mizol; детальні параметри перевіряйте за посиланням,,https://mizol.ua/1258-revuzuya-130-belaya
Ревизия 130 кирпичная,Ревизия 130 кирпичная,Публічна картка товару Mizol; детальні параметри перевіряйте за посиланням,,https://mizol.ua/1204-revuzuya-130-kurpuchnaya
Ревизия 90 белая,Ревизия 90 белая,Публічна картка товару Mizol; детальні параметри перевіряйте за посиланням,,https://mizol.ua/1334-revuzuya-90-belaya
Колодец сливной 75/100 прямой,Колодец сливной 75/100 прямой,Публічна картка товару Mizol; детальні параметри перевіряйте за посиланням,,https://mizol.ua/1323-kolodec-sluvnoy-75100-pryamoy
Полимер-битумная мембрана SOPREMA MORTERPLAS SBS FP 4.8; 1x8 м,мембрана,Публічна картка товару Mizol; детальні параметри перевіряйте за посиланням,,https://mizol.ua/155713-%09polumer-butumnaya-membrana-soprema-morterplas-sbs-fp-48-1x8-m
"Точечный дренаж HAURATON Recyfix Point 30/30 (300х 300х 300); PР-PЕ (чёрный) с корзиной для мусора; гидрозатвором и чугунной решеткой ""звезда""; кл. В125",дренажний матеріал,Публічна картка товару Mizol; детальні параметри перевіряйте за посиланням,,https://mizol.ua/80005--%09tochechnyy-drenagh-hauraton-recyfix-point-3030-300h-300h-300-pr-pe-chernyy-s-korzunoy-dlya-musora-gudrozatvorom-u-chugunnoy-reshetkoy-zvezda-kl-v125
#Cітка полімерна для затінювання 85% (2*50м),#Cітка полімерна для затінювання 85% (2*50м),Публічна картка товару Mizol; детальні параметри перевіряйте за посиланням,,https://mizol.ua/201349-citka-polimerna-dlya-zatinyuvannya-85-250m
35% (4*50м),35% (4*50м),Публічна картка товару Mizol; детальні параметри перевіряйте за посиланням,,https://mizol.ua/25706-35-450m
Cетка полимерная для затенения 65% (3*50м),Cетка полимерная для затенения 65% (3*50м),Публічна картка товару Mizol; детальні параметри перевіряйте за посиланням,,https://mizol.ua/203708-cetka-polumernaya-dlya-zatenenuya-65-350m
Rockwool Frontrock S 50 мм (1000*600),Rockwool Frontrock S 50 мм (1000*600),Публічна картка товару Mizol; детальні параметри перевіряйте за посиланням,,https://mizol.ua/45398-rockwool-frontrock-s-50-mm-1000600
Агроволокно Greentex p-19 (1;6x100м),Агроволокно Greentex p-19 (1;6x100м),Публічна картка товару Mizol; детальні параметри перевіряйте за посиланням,,https://mizol.ua/30889-agrovolokno-greentex-p-19-16x100m
Агроволокно Greentex p-50 (1.6x5м) чорное,Агроволокно Greentex p-50 (1.6x5м) чорное,Публічна картка товару Mizol; детальні параметри перевіряйте за посиланням,,https://mizol.ua/59211-agrovolokno-greentex-p-50-16x5m-chornoe
Агроволокно Greentex p-50 (3.2x5м),Агроволокно Greentex p-50 (3.2x5м),Публічна картка товару Mizol; детальні параметри перевіряйте за посиланням,,https://mizol.ua/59209-agrovolokno-greentex-p-50-32x5m
Аэратор d110,Аэратор d110,Публічна картка товару Mizol; детальні параметри перевіряйте за посиланням,,https://mizol.ua/11596-aerator-d110
Аэратор d50,Аэратор d50,Публічна картка товару Mizol; детальні параметри перевіряйте за посиланням,,https://mizol.ua/11595-aerator-d50
Аэратор SitaVent из полиуретана; утепленный; с вваренным соединительным ПВХ фартуком; дождеотводом; уплотнительным кольцом и колпачком DN 100; высота 400 мм.,теплоізоляція,Публічна картка товару Mizol; детальні параметри перевіряйте за посиланням,,https://mizol.ua/124923-aerator-sitavent-uz-poluuretana-uteplennyy-s-vvarennym-soedunutelynym-pvh-fartukom-doghdeotvodom-uplotnutelynym-kolycom-u-kolpachkom-dn-100-vysota-400-mm
Аэратор SitaVent из полиуретана; утепленный; с вваренным соединительным ТПО фартуком; дождеотводом; уплотнительным кольцом и колпачком DN 100; высота 400 мм.,теплоізоляція,Публічна картка товару Mizol; детальні параметри перевіряйте за посиланням,,https://mizol.ua/215288-aerator-sitavent-uz-poluuretana-uteplennyy-s-vvarennym-soedunutelynym-tpo-fartukom-doghdeotvodom-uplotnutelynym-kolycom-u-kolpachkom-dn-100-vysota-400-mm
Аэратор SitaVent из полиуретана; утеплённый; с ввареным соединительным Битумным фартуком; дождеотводом; уплотнительным кольцом и колпачком DN 100; высота 400 мм.,теплоізоляція,Публічна картка товару Mizol; детальні параметри перевіряйте за посиланням,,https://mizol.ua/177458-aerator-sitavent-uz-poluuretana-uteplennyy-s-vvarenym-soedunutelynym-butumnym-fartukom-doghdeotvodom-uplotnutelynym-kolycom-u-kolpachkom-dn-100-vysota-400-mm
Балконная воронка SitaMini; вертикальная; из полиуретана; утепленная; с ввареным соединительным Битумным фартуком (300 мм x 300 мм); DN 50/70; с листоуловителем.,теплоізоляція,Публічна картка товару Mizol; детальні параметри перевіряйте за посиланням,,https://mizol.ua/177459-balkonnaya-voronka-sitamini-vertukalynaya-uz-poluuretana-uteplennaya-s-vvarenym-soedunutelynym-butumnym-fartukom-300-mm-x-300-mm--dn-5070-s-lustoulovutelem
Балконная воронка из полиуретана SitaMini вертикальная с битумным фартуком (диаметр 50/70 мм); с листоуловителем.,Балконная воронка из полиуретана SitaMini вертикальная с битумным фартуком (диаметр 50/70 мм); с листоуловителем.,Публічна картка товару Mizol; детальні параметри перевіряйте за посиланням,,https://mizol.ua/125011-balkonnaya-voronka-uz-poluuretana-sitamini--vertukalynaya-s-butumnym-fartukom-duametr-5070-mm-s-lustoulovutelem
Балконная воронка из полиуретана SitaMini угловая с битумным фартуком (диаметр 50 мм); с листоуловителем.,Балконная воронка из полиуретана SitaMini угловая с битумным фартуком (диаметр 50 мм); с листоуловителем.,Публічна картка товару Mizol; детальні параметри перевіряйте за посиланням,,https://mizol.ua/117866-balkonnaya-voronka-uz-poluuretana-sitamini-uglovaya-s-butumnym-fartukom-duametr-50-mm--s-lustoulovutelem
Битумная мембрана IZOBIT MOST; 1х8 м,мембрана,Публічна картка товару Mizol; детальні параметри перевіряйте за посиланням,,https://mizol.ua/248574-butumnaya-membrana-izobit-most-1h8-m
Битумная черепица Armourshield Plus (20) Tile Red Ultra,бітумна черепиця,Публічна картка товару Mizol; детальні параметри перевіряйте за посиланням,,https://mizol.ua/121450-butumnaya-cherepuca-armourshield-plus-20-tile-red-ultra
Битумная черепица Armourshield Plus (27) Dual Brown Ultra,бітумна черепиця,Публічна картка товару Mizol; детальні параметри перевіряйте за посиланням,,https://mizol.ua/121453-butumnaya-cherepuca-armourshield-plus-27-dual-brown-ultra
Битумная черепица Armourshield Plus (36) Sky Blue Ultra,бітумна черепиця,Публічна картка товару Mizol; детальні параметри перевіряйте за посиланням,,https://mizol.ua/121455-butumnaya-cherepuca-armourshield-plus-36-sky-blue-ultra
Битумная черепица Diamant Plus (01) Black,бітумна черепиця,Публічна картка товару Mizol; детальні параметри перевіряйте за посиланням,,https://mizol.ua/78478-butumnaya-cherepuca-diamant-plus-01-black
Битумная черепица Diamant Plus (03) Amazon Green,бітумна черепиця,Публічна картка товару Mizol; детальні параметри перевіряйте за посиланням,,https://mizol.ua/78479-butumnaya-cherepuca-diamant-plus-03-amazon-green
Битумная черепица Diamant Plus (10) Tile Red,бітумна черепиця,Публічна картка товару Mizol; детальні параметри перевіряйте за посиланням,,https://mizol.ua/78480-butumnaya-cherepuca-diamant-plus-10-tile-red
Битумная черепица Diamant Plus (31) Slate,бітумна черепиця,Публічна картка товару Mizol; детальні параметри перевіряйте за посиланням,,https://mizol.ua/76510-butumnaya-cherepuca-diamant-plus-31-slate
Битумная черепица Monarch 4TAB (01) Black,бітумна черепиця,Публічна картка товару Mizol; детальні параметри перевіряйте за посиланням,,https://mizol.ua/78489-butumnaya-cherepuca-monarch-4tab-01-black
Битумная черепица Monarch 4TAB (07) Dual Brown,бітумна черепиця,Публічна картка товару Mizol; детальні параметри перевіряйте за посиланням,,https://mizol.ua/78490-butumnaya-cherepuca-monarch-4tab-07-dual-brown
Битумная черепица Monarch 4TAB (10) Tile Red,бітумна черепиця,Публічна картка товару Mizol; детальні параметри перевіряйте за посиланням,,https://mizol.ua/78491-butumnaya-cherepuca-monarch-4tab-10-tile-red
Битумная черепица Monarch Diamant (01) Black,бітумна черепиця,Публічна картка товару Mizol; детальні параметри перевіряйте за посиланням,,https://mizol.ua/78493-butumnaya-cherepuca-monarch-diamant-01-black
Битумная черепица Monarch Diamant (31) Slate,бітумна черепиця,Публічна картка товару Mizol; детальні параметри перевіряйте за посиланням,,https://mizol.ua/78495-butumnaya-cherepuca-monarch-diamant-31-slate
Битумная черепица Superglass Biber (01) Black,бітумна черепиця,Публічна картка товару Mizol; детальні параметри перевіряйте за посиланням,,https://mizol.ua/78310-butumnaya-cherepuca-superglass-biber-01-black
Битумная черепица Superglass Biber (03) Amazon Green,бітумна черепиця,Публічна картка товару Mizol; детальні параметри перевіряйте за посиланням,,https://mizol.ua/78311-butumnaya-cherepuca-superglass-biber-03-amazon-green
Битумная черепица Superglass Biber (07) Dual Black,бітумна черепиця,Публічна картка товару Mizol; детальні параметри перевіряйте за посиланням,,https://mizol.ua/71699-butumnaya-cherepuca-superglass-biber-07-dual-black
Гвоздь кровельный кольцевой 35 мм. (уп. 5 кг/1),Гвоздь кровельный кольцевой 35 мм. (уп. 5 кг/1),Публічна картка товару Mizol; детальні параметри перевіряйте за посиланням,,https://mizol.ua/69755-gvozdy-krovelynyy-kolycevoy-35-mm-up-5-kg1
Геотекстиль DuPont Typar SF-27 (5.2x200м),геотекстиль,Публічна картка товару Mizol; детальні параметри перевіряйте за посиланням,,https://mizol.ua/27267-geotekstuly-dupont-typar-sf-27-52x200m
Геотекстиль Low&Bonar Tipptex BS 25 (5x100 м),геотекстиль,Публічна картка товару Mizol; детальні параметри перевіряйте за посиланням,,https://mizol.ua/44982-geotekstuly-lowbonar-tipptex-bs-25-5x100-m
Заглушка d110,Заглушка d110,Публічна картка товару Mizol; детальні параметри перевіряйте за посиланням,,https://mizol.ua/11601-zaglushka-d110
Заглушка d110 SN8,Заглушка d110 SN8,Публічна картка товару Mizol; детальні параметри перевіряйте за посиланням,,https://mizol.ua/12164-zaglushka-d110-sn8
Заглушка d160 SN8,Заглушка d160 SN8,Публічна картка товару Mizol; детальні параметри перевіряйте за посиланням,,https://mizol.ua/12163-zaglushka-d160-sn8
Заглушка d32,Заглушка d32,Публічна картка товару Mizol; детальні параметри перевіряйте за посиланням,,https://mizol.ua/16773-zaglushka-d32
Заглушка d50,Заглушка d50,Публічна картка товару Mizol; детальні параметри перевіряйте за посиланням,,https://mizol.ua/11600-zaglushka-d50
Зажим для труб Profil 75,Зажим для труб Profil 75,Публічна картка товару Mizol; детальні параметри перевіряйте за посиланням,,https://mizol.ua/13365-zaghum-dlya-trub-profil-75
Защита от попадания листьев SitaEasy Go,Защита от попадания листьев SitaEasy Go,Публічна картка товару Mizol; детальні параметри перевіряйте за посиланням,,https://mizol.ua/79020-zaschuta-ot-popadanuya-lustyev-sitaeasy-go-
Кинет проходной d315/160,Кинет проходной d315/160,Публічна картка товару Mizol; детальні параметри перевіряйте за посиланням,,https://mizol.ua/17472-kunet-prohodnoy-d315160
Кинет сборный d315/160,Кинет сборный d315/160,Публічна картка товару Mizol; детальні параметри перевіряйте за посиланням,,https://mizol.ua/19057-kunet-sbornyy-d315160
Кинет сборный Profil наружн.канал. 400/200,Кинет сборный Profil наружн.канал. 400/200,Публічна картка товару Mizol; детальні параметри перевіряйте за посиланням,,https://mizol.ua/22870-kunet-sbornyy-profil-narughnkanal-400200
Клей Shingle Stick 310 ml,Клей Shingle Stick 310 ml,Публічна картка товару Mizol; детальні параметри перевіряйте за посиланням,,https://mizol.ua/76514-kley-shingle-stick-310-ml--
Кокосовый блок GrondMeester; 5кг 30х30х14 см (100 торф х 0 чипсы) UNI,Кокосовый блок GrondMeester; 5кг 30х30х14 см (100 торф х 0 чипсы) UNI,Публічна картка товару Mizol; детальні параметри перевіряйте за посиланням,,https://mizol.ua/30346-kokosovyy-blok-grondmeester-5kg-30h30h14-sm-100-torf-h-0-chupsy-uni
Кокосовый блок GrondMeester; в упаковке; 5 кг 30х30х14 см (100 торф х 0 чипсы) UNI,Кокосовый блок GrondMeester; в упаковке; 5 кг 30х30х14 см (100 торф х 0 чипсы) UNI,Публічна картка товару Mizol; детальні параметри перевіряйте за посиланням,,https://mizol.ua/42710-kokosovyy-blok-grondmeester-v-upakovke-5-kg-30h30h14-sm-100-torf-h-0-chupsy-uni
Колено d110/15°,Колено d110/15°,Публічна картка товару Mizol; детальні параметри перевіряйте за посиланням,,https://mizol.ua/12298-koleno-d11015-
Колено d110/15° SN8,Колено d110/15° SN8,Публічна картка товару Mizol; детальні параметри перевіряйте за посиланням,,https://mizol.ua/17807-koleno-d11015--sn8
Колено d110/30°,Колено d110/30°,Публічна картка товару Mizol; детальні параметри перевіряйте за посиланням,,https://mizol.ua/16267-koleno-d11030-
Колено d110/30° SN8,Колено d110/30° SN8,Публічна картка товару Mizol; детальні параметри перевіряйте за посиланням,,https://mizol.ua/12390-koleno-d11030--sn8
Колено d110/45°,Колено d110/45°,Публічна картка товару Mizol; детальні параметри перевіряйте за посиланням,,https://mizol.ua/11592-koleno-d11045-
Колено d110/45° SN8,Колено d110/45° SN8,Публічна картка товару Mizol; детальні параметри перевіряйте за посиланням,,https://mizol.ua/12159-koleno-d11045--sn8
Колено d110/67°,Колено d110/67°,Публічна картка товару Mizol; детальні параметри перевіряйте за посиланням,,https://mizol.ua/11593-koleno-d11067-
Колено d110/67° SN8,Колено d110/67° SN8,Публічна картка товару Mizol; детальні параметри перевіряйте за посиланням,,https://mizol.ua/16777-koleno-d11067--sn8
Колено d110/87°,Колено d110/87°,Публічна картка товару Mizol; детальні параметри перевіряйте за посиланням,,https://mizol.ua/11594-koleno-d11087-
Колено d110/87° SN8,Колено d110/87° SN8,Публічна картка товару Mizol; детальні параметри перевіряйте за посиланням,,https://mizol.ua/12589-koleno-d11087--sn8
Колено d160/15° SN8,Колено d160/15° SN8,Публічна картка товару Mizol; детальні параметри перевіряйте за посиланням,,https://mizol.ua/17353-koleno-d16015--sn8
Колено d160/30° SN8,Колено d160/30° SN8,Публічна картка товару Mizol; детальні параметри перевіряйте за посиланням,,https://mizol.ua/18935-koleno-d16030--sn8
Колено d160/45° SN8,Колено d160/45° SN8,Публічна картка товару Mizol; детальні параметри перевіряйте за посиланням,,https://mizol.ua/12158-koleno-d16045--sn8
Колено d160/67° SN8,Колено d160/67° SN8,Публічна картка товару Mizol; детальні параметри перевіряйте за посиланням,,https://mizol.ua/16922-koleno-d16067--sn8
Колено d160/87° SN8,Колено d160/87° SN8,Публічна картка товару Mizol; детальні параметри перевіряйте за посиланням,,https://mizol.ua/12863-koleno-d16087--sn8
Колено d200/45° SN8,Колено d200/45° SN8,Публічна картка товару Mizol; детальні параметри перевіряйте за посиланням,,https://mizol.ua/14439-koleno-d20045--sn8
Колено d32/45°,Колено d32/45°,Публічна картка товару Mizol; детальні параметри перевіряйте за посиланням,,https://mizol.ua/14141-koleno-d3245-
Колено d32/90°,Колено d32/90°,Публічна картка товару Mizol; детальні параметри перевіряйте за посиланням,,https://mizol.ua/14142-koleno-d3290-
Колено d50/30°,Колено d50/30°,Публічна картка товару Mizol; детальні параметри перевіряйте за посиланням,,https://mizol.ua/11588-koleno-d5030-
Колено d50/45°,Колено d50/45°,Публічна картка товару Mizol; детальні параметри перевіряйте за посиланням,,https://mizol.ua/11589-koleno-d5045-
Колено d50/87°,Колено d50/87°,Публічна картка товару Mizol; детальні параметри перевіряйте за посиланням,,https://mizol.ua/11591-koleno-d5087-
Комплект VarioTerm; PREMIUM ELEGANCKIE; All In One; угловой; матовый черный; AEPRNYGS0224C/FK(PEX),Комплект VarioTerm; PREMIUM ELEGANCKIE; All In One; угловой; матовый черный; AEPRNYGS0224C/FK(PEX),Публічна картка товару Mizol; детальні параметри перевіряйте за посиланням,,https://mizol.ua/150028-komplekt-varioterm-premium-eleganckie-all-in-one-uglovoy-matovyy-chernyy-aeprnygs0224cfkpex
Комплект аксессуаров 2: глухие заглушки (2 шт.); вертик. выпуск; корзина для крупного мусора и гидрозатвор,Комплект аксессуаров 2: глухие заглушки (2 шт.); вертик. выпуск; корзина для крупного мусора и гидрозатвор,Публічна картка товару Mizol; детальні параметри перевіряйте за посиланням,,https://mizol.ua/28520-komplekt-aksessuarov-2%3A-gluhue-zaglushku-2-sht-vertuk-vypusk-korzuna-dlya-krupnogo-musora-u-gudrozatvor
Крестовина d110/110/110/45°,Крестовина d110/110/110/45°,Публічна картка товару Mizol; детальні параметри перевіряйте за посиланням,,https://mizol.ua/12861-krestovuna-d11011011045-
Крестовина d110/110/110/67°,Крестовина d110/110/110/67°,Публічна картка товару Mizol; детальні параметри перевіряйте за посиланням,,https://mizol.ua/15902-krestovuna-d11011011067-
Крестовина d110/110/110/90°,Крестовина d110/110/110/90°,Публічна картка товару Mizol; детальні параметри перевіряйте за посиланням,,https://mizol.ua/12297-krestovuna-d11011011090-
Крестовина d110/50/50/45°,Крестовина d110/50/50/45°,Публічна картка товару Mizol; детальні параметри перевіряйте за посиланням,,https://mizol.ua/12862-krestovuna-d110505045-
Крестовина d110/50/50/90°,Крестовина d110/50/50/90°,Публічна картка товару Mizol; детальні параметри перевіряйте за посиланням,,https://mizol.ua/48634-krestovuna-d110505090-
Крестовина d50/50/50/45°,Крестовина d50/50/50/45°,Публічна картка товару Mizol; детальні параметри перевіряйте за посиланням,,https://mizol.ua/15988-krestovuna-d50505045-
Крестовина d50/50/50/90°,Крестовина d50/50/50/90°,Публічна картка товару Mizol; детальні параметри перевіряйте за посиланням,,https://mizol.ua/15989-krestovuna-d50505090-
Крестовина двухплоскостная d110/50/110/90° правая,Крестовина двухплоскостная d110/50/110/90° правая,Публічна картка товару Mizol; детальні параметри перевіряйте за посиланням,,https://mizol.ua/12295-krestovuna-dvuhploskostnaya-d1105011090--pravaya
Кровельная воронка из полиуретана SitaStandard вертикальная; с ПВХ-фартуком (диаметр 160 мм),Кровельная воронка из полиуретана SitaStandard вертикальная; с ПВХ-фартуком (диаметр 160 мм),Публічна картка товару Mizol; детальні параметри перевіряйте за посиланням,,https://mizol.ua/69723-krovelynaya-voronka-uz-poluuretana-sitastandard-vertukalynaya-s-pvh-fartukom-duametr-160-mm
Кровельная воронка из полиуретана SitaTrendy с ТПО Flagon EP/S фартуком (диаметр 110 мм),Кровельная воронка из полиуретана SitaTrendy с ТПО Flagon EP/S фартуком (диаметр 110 мм),Публічна картка товару Mizol; детальні параметри перевіряйте за посиланням,,https://mizol.ua/129733-krovelynaya-voronka-uz-poluuretana-sitatrendy-s-tpo-flagon-eps-fartukom-duametr-110-mm
Кровельная воронка из полиуретана SitaTrendy угловая с битумным фартуком и системой обогрева (диаметр 75 мм),Кровельная воронка из полиуретана SitaTrendy угловая с битумным фартуком и системой обогрева (диаметр 75 мм),Публічна картка товару Mizol; детальні параметри перевіряйте за посиланням,,https://mizol.ua/208396-krovelynaya-voronka-uz-poluuretana-sitatrendy-uglovaya-s--butumnym-fartukom-u-sustemoy-obogreva-duametr-75-mm
Кровельная воронка из полиуретана SitaTrendy угловая с ПВХ-фартуком и системой обогрева (диаметр 75 мм),Кровельная воронка из полиуретана SitaTrendy угловая с ПВХ-фартуком и системой обогрева (диаметр 75 мм),Публічна картка товару Mizol; детальні параметри перевіряйте за посиланням,,https://mizol.ua/87798-krovelynaya-voronka-uz-poluuretana-sitatrendy-uglovaya-s-pvh-fartukom-u-sustemoy-obogreva-duametr-75-mm
Кровельная опора под солнечные панели SOPRASOLAR FIX EVO с ПВХ-фартухом,Кровельная опора под солнечные панели SOPRASOLAR FIX EVO с ПВХ-фартухом,Публічна картка товару Mizol; детальні параметри перевіряйте за посиланням,,https://mizol.ua/147864-krovelynaya-opora-pod-solnechnye-panelu-soprasolar-fix-evo-s-pvh-fartuhom%09
Кровельная опора под солнечные панели SOPRASOLAR FIX EVO с ТПО-фартухом,Кровельная опора под солнечные панели SOPRASOLAR FIX EVO с ТПО-фартухом,Публічна картка товару Mizol; детальні параметри перевіряйте за посиланням,,https://mizol.ua/147865-krovelynaya-opora-pod-solnechnye-panelu-soprasolar-fix-evo-s-tpo-fartuhom%09
Лента коньковая M'ROUL 300х5000 мм коричневый,Лента коньковая M'ROUL 300х5000 мм коричневый,Публічна картка товару Mizol; детальні параметри перевіряйте за посиланням,,https://mizol.ua/44584-lenta-konykovaya-mroul-300h5000-mm-koruchnevyy
Лоток HAURATON TOP 90 (134х 95х 1000); PE-PP (серый) с решеткой РЕ-РР щелевой (продольная щель); кл. А15; 1 м.п.,Лоток HAURATON TOP 90 (134х 95х 1000); PE-PP (серый) с решеткой РЕ-РР щелевой (продольная щель); кл. А15; 1 м.п.,Публічна картка товару Mizol; детальні параметри перевіряйте за посиланням,,https://mizol.ua/16076-lotok-hauraton-top-90-134h-95h-1000-pe-pp-seryy-s-reshetkoy-re-rr-schelevoy-prodolynaya-schely-kl-a15-1-mp
Люк пластиковый 315мм,Люк пластиковый 315мм,Публічна картка товару Mizol; детальні параметри перевіряйте за посиланням,,https://mizol.ua/22869-lyuk-plastukovyy-315mm
Люк чугунный 315мм с трубой-телескопом 0;5м; кл.А (5 тонн),Люк чугунный 315мм с трубой-телескопом 0;5м; кл.А (5 тонн),Публічна картка товару Mizol; детальні параметри перевіряйте за посиланням,,https://mizol.ua/17476-lyuk-chugunnyy-315mm-s-truboy-teleskopom-05m-kla-5-tonn
Мат из мин.вати Paroc Pro Wired Mat 660 50*5000*1000,Мат из мин.вати Paroc Pro Wired Mat 660 50*5000*1000,Публічна картка товару Mizol; детальні параметри перевіряйте за посиланням,,https://mizol.ua/209616-mat-uz-munvatu-paroc-pro-wired-mat-660-5050001000
Муфта d110,Муфта d110,Публічна картка товару Mizol; детальні параметри перевіряйте за посиланням,,https://mizol.ua/11583-mufta-d110
Муфта d110 SN8,Муфта d110 SN8,Публічна картка товару Mizol; детальні параметри перевіряйте за посиланням,,https://mizol.ua/12160-mufta-d110-sn8
Муфта d110 компенсаційна (ремонтна),Муфта d110 компенсаційна (ремонтна),Публічна картка товару Mizol; детальні параметри перевіряйте за посиланням,,https://mizol.ua/12293-mufta-d110-kompensaciyna-remontna
Муфта d160 SN8,Муфта d160 SN8,Публічна картка товару Mizol; детальні параметри перевіряйте за посиланням,,https://mizol.ua/12588-mufta-d160-sn8
Муфта d200 SN8,Муфта d200 SN8,Публічна картка товару Mizol; детальні параметри перевіряйте за посиланням,,https://mizol.ua/16432-mufta-d200-sn8
Муфта d32,Муфта d32,Публічна картка товару Mizol; детальні параметри перевіряйте за посиланням,,https://mizol.ua/16770-mufta-d32
Муфта d50,Муфта d50,Публічна картка товару Mizol; детальні параметри перевіряйте за посиланням,,https://mizol.ua/11582-mufta-d50
Панель ASKO NEO винчестер без перфорации 3м; 0.915 м2,Панель ASKO NEO винчестер без перфорации 3м; 0.915 м2,Публічна картка товару Mizol; детальні параметри перевіряйте за посиланням,,https://mizol.ua/261721-panely-asko-neo-vunchester-bez-perforacuu-3m-0915-m2
Панель ASKO NEO красное дерево перфорированная 3м; 0.915 м2,Панель ASKO NEO красное дерево перфорированная 3м; 0.915 м2,Публічна картка товару Mizol; детальні параметри перевіряйте за посиланням,,https://mizol.ua/261692-panely-asko-neo-krasnoe-derevo-perforurovannaya-3m-0915-m2
Панель ASKO NEO красное дерево тик перфорированная 3м; 0.915 м2,Панель ASKO NEO красное дерево тик перфорированная 3м; 0.915 м2,Публічна картка товару Mizol; детальні параметри перевіряйте за посиланням,,https://mizol.ua/261696-panely-asko-neo-krasnoe-derevo-tuk-perforurovannaya-3m-0915-m2
Панель VOX Fronto MAX SXP-06 “Дуб“ 2;95 м 0;7375 м2,Панель VOX Fronto MAX SXP-06 “Дуб“ 2;95 м 0;7375 м2,Публічна картка товару Mizol; детальні параметри перевіряйте за посиланням,,https://mizol.ua/291088-panely-vox-fronto-max-sxp-06-%E2%80%9Cdub%E2%80%9C-295-m-07375-m2
Панель VOX Fronto MAX SXP-06 “Орех“ 2;95 м 0;7375 м2,Панель VOX Fronto MAX SXP-06 “Орех“ 2;95 м 0;7375 м2,Публічна картка товару Mizol; детальні параметри перевіряйте за посиланням,,https://mizol.ua/291089-panely-vox-fronto-max-sxp-06-%E2%80%9Coreh%E2%80%9C-295-m-07375-m2
Панель VOX Fronto MAX SXPU-06 “Дуб Вінчестер“ 2;95 м 0;7375 м2,Панель VOX Fronto MAX SXPU-06 “Дуб Вінчестер“ 2;95 м 0;7375 м2,Публічна картка товару Mizol; детальні параметри перевіряйте за посиланням,,https://mizol.ua/291090-panely-vox-fronto-max-sxpu-06-%E2%80%9Cdub-vinchester%E2%80%9C-295-m-07375-m2
Панель VOX INFRATOP Белий 3 м,Панель VOX INFRATOP Белий 3 м,Публічна картка товару Mizol; детальні параметри перевіряйте за посиланням,,https://mizol.ua/64510-panely-vox-infratop-beluy-3-m
Панель айДахо белая без перфорации 2;7м; 0;81 м2,Панель айДахо белая без перфорации 2;7м; 0;81 м2,Публічна картка товару Mizol; детальні параметри перевіряйте за посиланням,,https://mizol.ua/36124-panely-aydaho-belaya-bez-perforacuu-27m-081-m2
Панель айДахо белая перфорированная 2;7м; 0;81м2,Панель айДахо белая перфорированная 2;7м; 0;81м2,Публічна картка товару Mizol; детальні параметри перевіряйте за посиланням,,https://mizol.ua/36073-panely-aydaho-belaya-perforurovannaya-27m-081m2
Панель айДахо графит без перфорации 2;7м; 0;81м2,Панель айДахо графит без перфорации 2;7м; 0;81м2,Публічна картка товару Mizol; детальні параметри перевіряйте за посиланням,,https://mizol.ua/159698-panely-aydaho-grafut-bez-perforacuu-27m-081m2
Панель айДахо коричневая без перфорации 2;7м; 0;81 м2,Панель айДахо коричневая без перфорации 2;7м; 0;81 м2,Публічна картка товару Mizol; детальні параметри перевіряйте за посиланням,,https://mizol.ua/36125-panely-aydaho-koruchnevaya-bez-perforacuu-27m-081-m2
Панель айДахо коричневая перфорированная 2;7м; 0;81 м2,Панель айДахо коричневая перфорированная 2;7м; 0;81 м2,Публічна картка товару Mizol; детальні параметри перевіряйте за посиланням,,https://mizol.ua/36126-panely-aydaho-koruchnevaya-perforurovannaya-27m-081-m2
Панель Бежевый ASKO NEO без перфорации 3;5х0;305 м,Панель Бежевый ASKO NEO без перфорации 3;5х0;305 м,Публічна картка товару Mizol; детальні параметри перевіряйте за посиланням,,https://mizol.ua/67706-panely-beghevyy-asko-neo-bez-perforacuu-35h0305-m
Панель Винчестер ASKO NEO без перфорации 3;5х0;305 м,Панель Винчестер ASKO NEO без перфорации 3;5х0;305 м,Публічна картка товару Mizol; детальні параметри перевіряйте за посиланням,,https://mizol.ua/67755-panely-vunchester-asko-neo-bez-perforacuu-35h0305-m-
Панель Красное дерево ASKO NEO без перфорации 3;5х0;305 м,Панель Красное дерево ASKO NEO без перфорации 3;5х0;305 м,Публічна картка товару Mizol; детальні параметри перевіряйте за посиланням,,https://mizol.ua/67720-panely-krasnoe-derevo-asko-neo-bez-perforacuu-35h0305-m-
Панель Красное дерево ASKO NEO перфорированный 3;5х0;305 м,Панель Красное дерево ASKO NEO перфорированный 3;5х0;305 м,Публічна картка товару Mizol; детальні параметри перевіряйте за посиланням,,https://mizol.ua/67721-panely-krasnoe-derevo-asko-neo-perforurovannyy-35h0305-m-
Панель Красное дерево Тик ASKO NEO без перфорации 3;5х0;305 м,Панель Красное дерево Тик ASKO NEO без перфорации 3;5х0;305 м,Публічна картка товару Mizol; детальні параметри перевіряйте за посиланням,,https://mizol.ua/67722-panely-krasnoe-derevo-tuk-asko-neo-bez-perforacuu-35h0305-m
Панель Красное дерево Тик ASKO NEO перфорированный 3;5х0;305 м,Панель Красное дерево Тик ASKO NEO перфорированный 3;5х0;305 м,Публічна картка товару Mizol; детальні параметри перевіряйте за посиланням,,https://mizol.ua/67723-panely-krasnoe-derevo-tuk-asko-neo-perforurovannyy-35h0305-m-
Панель Софит VOX Infratop SVPU-09 Дуб 2;7м,Панель Софит VOX Infratop SVPU-09 Дуб 2;7м,Публічна картка товару Mizol; детальні параметри перевіряйте за посиланням,,https://mizol.ua/239887-panely-sofut-vox-infratop-svpu-09-dub-27m
Панель фасадна KERRAFRONT CLASSIC FS-202 Claystone 1;98 м2,фасадна панель,Публічна картка товару Mizol; детальні параметри перевіряйте за посиланням,,https://mizol.ua/88612-panely-fasadna-kerrafront-classic-fs-202-claystone-198-m2
Панель фасадная KERRAFRONT CLASSIC FS-201 Anthracite 1;08 м2,фасадна панель,Публічна картка товару Mizol; детальні параметри перевіряйте за посиланням,,https://mizol.ua/88607-panely-fasadnaya-kerrafront-classic-fs-201-anthracite-108-m2
Панель фасадная KERRAFRONT CLASSIC FS-201 Claystone 1;08 м2,фасадна панель,Публічна картка товару Mizol; детальні параметри перевіряйте за посиланням,,https://mizol.ua/88603-panely-fasadnaya-kerrafront-classic-fs-201-claystone-108-m2
Панель фасадная KERRAFRONT CLASSIC FS-201 Creme 1;08 м2,фасадна панель,Публічна картка товару Mizol; детальні параметри перевіряйте за посиланням,,https://mizol.ua/88600-panely-fasadnaya-kerrafront-classic-fs-201-creme-108-m2
Панель фасадная KERRAFRONT CLASSIC FS-201 Quartz Grey 1;08 м2,фасадна панель,Публічна картка товару Mizol; детальні параметри перевіряйте за посиланням,,https://mizol.ua/88606-panely-fasadnaya-kerrafront-classic-fs-201-quartz-grey-108-m2
Панель фасадная KERRAFRONT CLASSIC FS-201 White 1;08 м2,фасадна панель,Публічна картка товару Mizol; детальні параметри перевіряйте за посиланням,,https://mizol.ua/88599-panely-fasadnaya-kerrafront-classic-fs-201-white-108-m2
Панель фасадная KERRAFRONT CLASSIC FS-202 Anthracite 1;98 м2,фасадна панель,Публічна картка товару Mizol; детальні параметри перевіряйте за посиланням,,https://mizol.ua/88616-panely-fasadnaya-kerrafront-classic-fs-202-anthracite-198-m2
Панель фасадная KERRAFRONT CLASSIC FS-202 Beige 1;98 м2,фасадна панель,Публічна картка товару Mizol; детальні параметри перевіряйте за посиланням,,https://mizol.ua/88610-panely-fasadnaya-kerrafront-classic-fs-202-beige-198-m2
Панель фасадная KERRAFRONT CLASSIC FS-202 Creme 1;98 м2,фасадна панель,Публічна картка товару Mizol; детальні параметри перевіряйте за посиланням,,https://mizol.ua/88609-panely-fasadnaya-kerrafront-classic-fs-202-creme-198-m2
Панель фасадная KERRAFRONT CLASSIC FS-202 Grey 1;98 м2,фасадна панель,Публічна картка товару Mizol; детальні параметри перевіряйте за посиланням,,https://mizol.ua/88614-panely-fasadnaya-kerrafront-classic-fs-202-grey-198-m2
Панель фасадная KERRAFRONT CLASSIC FS-202 Light Grey 1;98 м2,фасадна панель,Публічна картка товару Mizol; детальні параметри перевіряйте за посиланням,,https://mizol.ua/88611-panely-fasadnaya-kerrafront-classic-fs-202-light-grey-198-m2
Панель фасадная KERRAFRONT CLASSIC FS-202 Olive 1;98 м2,фасадна панель,Публічна картка товару Mizol; детальні параметри перевіряйте за посиланням,,https://mizol.ua/88613-panely-fasadnaya-kerrafront-classic-fs-202-olive-198-m2
Панель фасадная KERRAFRONT CLASSIC FS-202 Quartz Grey 1;98 м2,фасадна панель,Публічна картка товару Mizol; детальні параметри перевіряйте за посиланням,,https://mizol.ua/88615-panely-fasadnaya-kerrafront-classic-fs-202-quartz-grey-198-m2
Панель фасадная KERRAFRONT CLASSIC FS-202 White 1;98 м2,фасадна панель,Публічна картка товару Mizol; детальні параметри перевіряйте за посиланням,,https://mizol.ua/88608-panely-fasadnaya-kerrafront-classic-fs-202-white-198-m2
Панель фасадная KERRAFRONT MW FS-302 Anthracite 1;992 м2,фасадна панель,Публічна картка товару Mizol; детальні параметри перевіряйте за посиланням,,https://mizol.ua/88629-panely-fasadnaya-kerrafront-mw-fs-302-anthracite-1992-m2
Панель фасадная KERRAFRONT MW FS-302 Beige 1;992 м2,фасадна панель,Публічна картка товару Mizol; детальні параметри перевіряйте за посиланням,,https://mizol.ua/88625-panely-fasadnaya-kerrafront-mw-fs-302-beige-1992-m2
Панель фасадная KERRAFRONT MW FS-302 Quartz Grey 1;992 м2,фасадна панель,Публічна картка товару Mizol; детальні параметри перевіряйте за посиланням,,https://mizol.ua/88628-panely-fasadnaya-kerrafront-mw-fs-302-quartz-grey-1992-m2
Переход с чугуна на пластик d110,Переход с чугуна на пластик d110,Публічна картка товару Mizol; детальні параметри перевіряйте за посиланням,,https://mizol.ua/14286-perehod-s-chuguna-na-plastuk-d110
Переход с чугуна на пластик d50,Переход с чугуна на пластик d50,Публічна картка товару Mizol; детальні параметри перевіряйте за посиланням,,https://mizol.ua/14285-perehod-s-chuguna-na-plastuk-d50
Планка ASKO NEO J черная 3м,Планка ASKO NEO J черная 3м,Публічна картка товару Mizol; детальні параметри перевіряйте за посиланням,,https://mizol.ua/261734-planka-asko-neo-j-chernaya-3m
"Планка FaSiding Standard/BlockHouse ""околооконная"" ""Коричневый""","Планка FaSiding Standard/BlockHouse ""околооконная"" ""Коричневый""",Публічна картка товару Mizol; детальні параметри перевіряйте за посиланням,,https://mizol.ua/58472-planka-fasiding-standardblockhouse-okolookonnaya-koruchnevyy
"Планка FaSiding Standard/BlockHouse ""угол внешний"" ""Коричневый""","Планка FaSiding Standard/BlockHouse ""угол внешний"" ""Коричневый""",Публічна картка товару Mizol; детальні параметри перевіряйте за посиланням,,https://mizol.ua/58473-planka-fasiding-standardblockhouse-ugol-vneshnuy-koruchnevyy
"Планка FaSiding Standard/BlockHouse ""фаска"" ""коричневая""","Планка FaSiding Standard/BlockHouse ""фаска"" ""коричневая""",Публічна картка товару Mizol; детальні параметри перевіряйте за посиланням,,https://mizol.ua/59370-planka-fasiding-standardblockhouse-faska-koruchnevaya
"Планка FaSiding Standard/BlockHouse ""фаска"" ""Хлопок""","Планка FaSiding Standard/BlockHouse ""фаска"" ""Хлопок""",Публічна картка товару Mizol; детальні параметри перевіряйте за посиланням,,https://mizol.ua/55864-planka-fasiding-standardblockhouse-faska-hlopok
"Планка FaSiding Standard/BlockHouse ""финишная"" ""Коричневый""","Планка FaSiding Standard/BlockHouse ""финишная"" ""Коричневый""",Публічна картка товару Mizol; детальні параметри перевіряйте за посиланням,,https://mizol.ua/58449-planka-fasiding-standardblockhouse-funushnaya-koruchnevyy
Планка FaSiding WoodHouse “фаска“ “белая“; 3.05м,Планка FaSiding WoodHouse “фаска“ “белая“; 3.05м,Публічна картка товару Mizol; детальні параметри перевіряйте за посиланням,,https://mizol.ua/60658-planka-fasiding-woodhouse-%E2%80%9Cfaska%E2%80%9C-%E2%80%9Cbelaya%E2%80%9C-305m
Планка J Бежевый ASKO NEO 3;8 м,Планка J Бежевый ASKO NEO 3;8 м,Публічна картка товару Mizol; детальні параметри перевіряйте за посиланням,,https://mizol.ua/67727-planka-j-beghevyy-asko-neo-38-m-
Планка J Красное дерево ASKO NEO 3;8 м,Планка J Красное дерево ASKO NEO 3;8 м,Публічна картка товару Mizol; детальні параметри перевіряйте за посиланням,,https://mizol.ua/67734-planka-j-krasnoe-derevo-asko-neo-38-m-
Планка J Красное дерево Тик ASKO NEO 3;8 м,Планка J Красное дерево Тик ASKO NEO 3;8 м,Публічна картка товару Mizol; детальні параметри перевіряйте за посиланням,,https://mizol.ua/67735-planka-j-krasnoe-derevo-tuk-asko-neo-38-m-
Планка J Яблоня ASKO NEO 3;8 м,Планка J Яблоня ASKO NEO 3;8 м,Публічна картка товару Mizol; детальні параметри перевіряйте за посиланням,,https://mizol.ua/67736-planka-j-yablonya-asko-neo-38-m-
Планка J-trim KERRAFRONT FS-251 Claystone 3 м,Планка J-trim KERRAFRONT FS-251 Claystone 3 м,Публічна картка товару Mizol; детальні параметри перевіряйте за посиланням,,https://mizol.ua/78373-planka-j-trim-kerrafront-fs-251-claystone-3-m
Планка J-trim KERRAFRONT FS-251 Creme 3 м,Планка J-trim KERRAFRONT FS-251 Creme 3 м,Публічна картка товару Mizol; детальні параметри перевіряйте за посиланням,,https://mizol.ua/76727-planka-j-trim-kerrafront-fs-251-creme-3-m
Планка J-trim KERRAFRONT FS-251 Grey 3 м,Планка J-trim KERRAFRONT FS-251 Grey 3 м,Публічна картка товару Mizol; детальні параметри перевіряйте за посиланням,,https://mizol.ua/78375-planka-j-trim-kerrafront-fs-251-grey-3-m
Планка J-trim KERRAFRONT FS-251 Olive 3 м,Планка J-trim KERRAFRONT FS-251 Olive 3 м,Публічна картка товару Mizol; детальні параметри перевіряйте за посиланням,,https://mizol.ua/78374-planka-j-trim-kerrafront-fs-251-olive-3-m
"Планка VOX ""внешний угол"" ""белая""","Планка VOX ""внешний угол"" ""белая""",Публічна картка товару Mizol; детальні параметри перевіряйте за посиланням,,https://mizol.ua/23580-planka-vox-vneshnuy-ugol-belaya
"Планка VOX ""фаска"" ""белая""","Планка VOX ""фаска"" ""белая""",Публічна картка товару Mizol; детальні параметри перевіряйте за посиланням,,https://mizol.ua/46082-planka-vox-faska-belaya
Планка VOX “J-Trim“ SVPU-15 “Дуб Вінчестер“ 3;05 м,Планка VOX “J-Trim“ SVPU-15 “Дуб Вінчестер“ 3;05 м,Публічна картка товару Mizol; детальні параметри перевіряйте за посиланням,,https://mizol.ua/291101-planka-vox-%E2%80%9Cj-trim%E2%80%9C-svpu-15-%E2%80%9Cdub-vinchester%E2%80%9C-305-m
Планка VOX “з'єднувальна“ SVP-18 “Дуб“ 3;05 м,Планка VOX “з'єднувальна“ SVP-18 “Дуб“ 3;05 м,Публічна картка товару Mizol; детальні параметри перевіряйте за посиланням,,https://mizol.ua/291103-planka-vox-%E2%80%9Czednuvalyna%E2%80%9C-svp-18-%E2%80%9Cdub%E2%80%9C-305-m
Планка VOX “з'єднувальна“ SVPU-18 “Дуб Вінчестер“ 3;05 м,Планка VOX “з'єднувальна“ SVPU-18 “Дуб Вінчестер“ 3;05 м,Публічна картка товару Mizol; детальні параметри перевіряйте за посиланням,,https://mizol.ua/291107-planka-vox-%E2%80%9Czednuvalyna%E2%80%9C-svpu-18-%E2%80%9Cdub-vinchester%E2%80%9C-305-m
Планка VOX “зовнішній кут“ SVP-12 “Дуб“ 3;05 м,Планка VOX “зовнішній кут“ SVP-12 “Дуб“ 3;05 м,Публічна картка товару Mizol; детальні параметри перевіряйте за посиланням,,https://mizol.ua/291109-planka-vox-%E2%80%9Czovnishniy-kut%E2%80%9C-svp-12-%E2%80%9Cdub%E2%80%9C-305-m
Планка VOX “зовнішній кут“ SVPU-12 “Дуб Вінчестер“ 3;05 м,Планка VOX “зовнішній кут“ SVPU-12 “Дуб Вінчестер“ 3;05 м,Публічна картка товару Mizol; детальні параметри перевіряйте за посиланням,,https://mizol.ua/291113-planka-vox-%E2%80%9Czovnishniy-kut%E2%80%9C-svpu-12-%E2%80%9Cdub-vinchester%E2%80%9C-305-m
Планка VOX “зовнішній кут“ SVPU-12 “Дуб Медовий“ 3;05 м,Планка VOX “зовнішній кут“ SVPU-12 “Дуб Медовий“ 3;05 м,Публічна картка товару Mizol; детальні параметри перевіряйте за посиланням,,https://mizol.ua/291114-planka-vox-%E2%80%9Czovnishniy-kut%E2%80%9C-svpu-12-%E2%80%9Cdub-medovuy%E2%80%9C-305-m
Планка VOX “фінішна“ SVP-14 “Дуб золотий“ 3;05 м,Планка VOX “фінішна“ SVP-14 “Дуб золотий“ 3;05 м,Публічна картка товару Mizol; детальні параметри перевіряйте за посиланням,,https://mizol.ua/291116-planka-vox-%E2%80%9Cfinishna%E2%80%9C-svp-14-%E2%80%9Cdub-zolotuy%E2%80%9C-305-m
Планка VOX “фінішна“ SVP-14 “Дуб“ 3;05 м,Планка VOX “фінішна“ SVP-14 “Дуб“ 3;05 м,Публічна картка товару Mizol; детальні параметри перевіряйте за посиланням,,https://mizol.ua/291115-planka-vox-%E2%80%9Cfinishna%E2%80%9C-svp-14-%E2%80%9Cdub%E2%80%9C-305-m
Планка VOX “фінішна“ SVPU-14 “Дуб Вінчестер“ 3;05 м,Планка VOX “фінішна“ SVPU-14 “Дуб Вінчестер“ 3;05 м,Публічна картка товару Mizol; детальні параметри перевіряйте за посиланням,,https://mizol.ua/291119-planka-vox-%E2%80%9Cfinishna%E2%80%9C-svpu-14-%E2%80%9Cdub-vinchester%E2%80%9C-305-m
Планка VOX “фінішна“ SVPU-14 “Дуб Медовий“ 3;05 м,Планка VOX “фінішна“ SVPU-14 “Дуб Медовий“ 3;05 м,Публічна картка товару Mizol; детальні параметри перевіряйте за посиланням,,https://mizol.ua/291120-planka-vox-%E2%80%9Cfinishna%E2%80%9C-svpu-14-%E2%80%9Cdub-medovuy%E2%80%9C-305-m
Планка вентиляционная KERRAFRONT FS-262 Beige 3 м,Планка вентиляционная KERRAFRONT FS-262 Beige 3 м,Публічна картка товару Mizol; детальні параметри перевіряйте за посиланням,,https://mizol.ua/78417-planka-ventulyacuonnaya-kerrafront-fs-262-beige-3-m
Планка вентиляционная KERRAFRONT FS-262 Claystone 3 м,Планка вентиляционная KERRAFRONT FS-262 Claystone 3 м,Публічна картка товару Mizol; детальні параметри перевіряйте за посиланням,,https://mizol.ua/78419-planka-ventulyacuonnaya-kerrafront-fs-262-claystone-3-m
Планка вентиляционная KERRAFRONT FS-262 Creme 3 м,Планка вентиляционная KERRAFRONT FS-262 Creme 3 м,Публічна картка товару Mizol; детальні параметри перевіряйте за посиланням,,https://mizol.ua/78416-planka-ventulyacuonnaya-kerrafront-fs-262-creme-3-m
Планка вентиляционная KERRAFRONT FS-262 Ivory 3 м,Планка вентиляционная KERRAFRONT FS-262 Ivory 3 м,Публічна картка товару Mizol; детальні параметри перевіряйте за посиланням,,https://mizol.ua/78424-planka-ventulyacuonnaya-kerrafront-fs-262-ivory-3-m
Планка вентиляционная KERRAFRONT FS-262 Light Grey 3 м,Планка вентиляционная KERRAFRONT FS-262 Light Grey 3 м,Публічна картка товару Mizol; детальні параметри перевіряйте за посиланням,,https://mizol.ua/78418-planka-ventulyacuonnaya-kerrafront-fs-262-light-grey-3-m
Планка вентиляционная KERRAFRONT FS-262 Mastic 3 м,Планка вентиляционная KERRAFRONT FS-262 Mastic 3 м,Публічна картка товару Mizol; детальні параметри перевіряйте за посиланням,,https://mizol.ua/78422-planka-ventulyacuonnaya-kerrafront-fs-262-mastic-3-m
Планка вентиляционная KERRAFRONT FS-262 Olive 3 м,Планка вентиляционная KERRAFRONT FS-262 Olive 3 м,Публічна картка товару Mizol; детальні параметри перевіряйте за посиланням,,https://mizol.ua/78420-planka-ventulyacuonnaya-kerrafront-fs-262-olive-3-m
Планка вентиляционная KERRAFRONT FS-262 Quartz Grey 3 м,Планка вентиляционная KERRAFRONT FS-262 Quartz Grey 3 м,Публічна картка товару Mizol; детальні параметри перевіряйте за посиланням,,https://mizol.ua/78421-planka-ventulyacuonnaya-kerrafront-fs-262-quartz-grey-3-m
Планка вентиляционная KERRAFRONT FS-262 White 3 м,Планка вентиляционная KERRAFRONT FS-262 White 3 м,Публічна картка товару Mizol; детальні параметри перевіряйте за посиланням,,https://mizol.ua/78415-planka-ventulyacuonnaya-kerrafront-fs-262-white-3-m
Планка Н Красное дерево ASKO NEO 3;8 м,Планка Н Красное дерево ASKO NEO 3;8 м,Публічна картка товару Mizol; детальні параметри перевіряйте за посиланням,,https://mizol.ua/67745-planka-n-krasnoe-derevo-asko-neo-38-m-
Планка Н Красное дерево Тик ASKO NEO 3;8 м,Планка Н Красное дерево Тик ASKO NEO 3;8 м,Публічна картка товару Mizol; детальні параметри перевіряйте за посиланням,,https://mizol.ua/67746-planka-n-krasnoe-derevo-tuk-asko-neo-38-m-
Планка Н Яблоня ASKO NEO 3;8 м,Планка Н Яблоня ASKO NEO 3;8 м,Публічна картка товару Mizol; детальні параметри перевіряйте за посиланням,,https://mizol.ua/67747-planka-n-yablonya-asko-neo-38-m-
Планка соединительная KERRAFRONT FS-282 Anthracite 3 м,Планка соединительная KERRAFRONT FS-282 Anthracite 3 м,Публічна картка товару Mizol; детальні параметри перевіряйте за посиланням,,https://mizol.ua/71517-planka-soedunutelynaya-kerrafront-fs-282-anthracite-3-m
Планка соединительная KERRAFRONT FS-282 Beige 3 м,Планка соединительная KERRAFRONT FS-282 Beige 3 м,Публічна картка товару Mizol; детальні параметри перевіряйте за посиланням,,https://mizol.ua/78407-planka-soedunutelynaya-kerrafront-fs-282-beige-3-m
Планка соединительная KERRAFRONT FS-282 Claystone 3 м,Планка соединительная KERRAFRONT FS-282 Claystone 3 м,Публічна картка товару Mizol; детальні параметри перевіряйте за посиланням,,https://mizol.ua/78409-planka-soedunutelynaya-kerrafront-fs-282-claystone-3-m
Планка соединительная KERRAFRONT FS-282 Creme 3 м,Планка соединительная KERRAFRONT FS-282 Creme 3 м,Публічна картка товару Mizol; детальні параметри перевіряйте за посиланням,,https://mizol.ua/61036-planka-soedunutelynaya-kerrafront-fs-282-creme-3-m
Планка соединительная KERRAFRONT FS-282 Grey 3 м,Планка соединительная KERRAFRONT FS-282 Grey 3 м,Публічна картка товару Mizol; детальні параметри перевіряйте за посиланням,,https://mizol.ua/78411-planka-soedunutelynaya-kerrafront-fs-282-grey-3-m
Планка соединительная KERRAFRONT FS-282 Ivory 3 м,Планка соединительная KERRAFRONT FS-282 Ivory 3 м,Публічна картка товару Mizol; детальні параметри перевіряйте за посиланням,,https://mizol.ua/128931-planka-soedunutelynaya-kerrafront-fs-282-ivory-3-m
Планка соединительная KERRAFRONT FS-282 Mastic 3 м,Планка соединительная KERRAFRONT FS-282 Mastic 3 м,Публічна картка товару Mizol; детальні параметри перевіряйте за посиланням,,https://mizol.ua/78413-planka-soedunutelynaya-kerrafront-fs-282-mastic-3-m
Планка соединительная KERRAFRONT FS-282 Olive 3 м,Планка соединительная KERRAFRONT FS-282 Olive 3 м,Публічна картка товару Mizol; детальні параметри перевіряйте за посиланням,,https://mizol.ua/78410-planka-soedunutelynaya-kerrafront-fs-282-olive-3-m
Планка соединительная KERRAFRONT FS-282 Pearl Grey 3 м,Планка соединительная KERRAFRONT FS-282 Pearl Grey 3 м,Публічна картка товару Mizol; детальні параметри перевіряйте за посиланням,,https://mizol.ua/72199-planka-soedunutelynaya-kerrafront-fs-282-pearl-grey-3-m
Планка соединительная KERRAFRONT FS-282 Quartz Grey 3 м,Планка соединительная KERRAFRONT FS-282 Quartz Grey 3 м,Публічна картка товару Mizol; детальні параметри перевіряйте за посиланням,,https://mizol.ua/78412-planka-soedunutelynaya-kerrafront-fs-282-quartz-grey-3-m
Планка финишная KERRAFRONT FS-252 Anthracite 3 м,Планка финишная KERRAFRONT FS-252 Anthracite 3 м,Публічна картка товару Mizol; детальні параметри перевіряйте за посиланням,,https://mizol.ua/68800-planka-funushnaya-kerrafront-fs-252-anthracite-3-m
Планка финишная KERRAFRONT FS-252 Beige 3 м,Планка финишная KERRAFRONT FS-252 Beige 3 м,Публічна картка товару Mizol; детальні параметри перевіряйте за посиланням,,https://mizol.ua/78431-planka-funushnaya-kerrafront-fs-252-beige-3-m
Планка финишная KERRAFRONT FS-252 Creme 3 м,Планка финишная KERRAFRONT FS-252 Creme 3 м,Публічна картка товару Mizol; детальні параметри перевіряйте за посиланням,,https://mizol.ua/78430-planka-funushnaya-kerrafront-fs-252-creme-3-m
Планка финишная KERRAFRONT FS-252 Ivory 3 м,Планка финишная KERRAFRONT FS-252 Ivory 3 м,Публічна картка товару Mizol; детальні параметри перевіряйте за посиланням,,https://mizol.ua/78427-planka-funushnaya-kerrafront-fs-252-ivory-3-m
Планка финишная KERRAFRONT FS-252 Light Grey 3 м,Планка финишная KERRAFRONT FS-252 Light Grey 3 м,Публічна картка товару Mizol; детальні параметри перевіряйте за посиланням,,https://mizol.ua/71502-planka-funushnaya-kerrafront-fs-252-light-grey-3-m
Планка финишная KERRAFRONT FS-252 Mastic 3 м,Планка финишная KERRAFRONT FS-252 Mastic 3 м,Публічна картка товару Mizol; детальні параметри перевіряйте за посиланням,,https://mizol.ua/78429-planka-funushnaya-kerrafront-fs-252-mastic-3-m
Планка финишная KERRAFRONT FS-252 Olive 3 м,Планка финишная KERRAFRONT FS-252 Olive 3 м,Публічна картка товару Mizol; детальні параметри перевіряйте за посиланням,,https://mizol.ua/78433-planka-funushnaya-kerrafront-fs-252-olive-3-m
Планка финишная KERRAFRONT FS-252 Quartz Grey 3 м,Планка финишная KERRAFRONT FS-252 Quartz Grey 3 м,Публічна картка товару Mizol; детальні параметри перевіряйте за посиланням,,https://mizol.ua/78434-planka-funushnaya-kerrafront-fs-252-quartz-grey-3-m
Пленка мульчирующая SOTRAFA серебряно-черная (25мкм); 1;2*1000м,Пленка мульчирующая SOTRAFA серебряно-черная (25мкм); 1;2*1000м,Публічна картка товару Mizol; детальні параметри перевіряйте за посиланням,,https://mizol.ua/54985-plenka-mulychuruyuschaya-sotrafa-serebryano-chernaya-25mkm-121000m
Плёнка мульчирующая SOTRAFA чёрная (30х25 см) (30 мкм) перфорирована 1;2*1000м,Плёнка мульчирующая SOTRAFA чёрная (30х25 см) (30 мкм) перфорирована 1;2*1000м,Публічна картка товару Mizol; детальні параметри перевіряйте за посиланням,,https://mizol.ua/54982-plenka-mulychuruyuschaya-sotrafa-chernaya-30h25-sm-30-mkm-perforurovana-121000m
Плёнка тепличная (прозрачная) SOTRAFA ASTER PLUS (150 мкм) 16 м,Плёнка тепличная (прозрачная) SOTRAFA ASTER PLUS (150 мкм) 16 м,Публічна картка товару Mizol; детальні параметри перевіряйте за посиланням,,https://mizol.ua/67860-plenka-tepluchnaya-prozrachnaya-sotrafa-aster-plus-150-mkm-16-m
Плёнка тепличная (прозрачная) SOTRAFA TRC (150 мкм) з AK+IR+EVA 16 м,Плёнка тепличная (прозрачная) SOTRAFA TRC (150 мкм) з AK+IR+EVA 16 м,Публічна картка товару Mizol; детальні параметри перевіряйте за посиланням,,https://mizol.ua/66965-plenka-tepluchnaya-prozrachnaya-sotrafa-trc-150-mkm-z-akireva-16-m
Плёнка тепличная (рассеивающая) SOTRAFA TRC з AK+IR+EVA (150мкм) 16 м,Плёнка тепличная (рассеивающая) SOTRAFA TRC з AK+IR+EVA (150мкм) 16 м,Публічна картка товару Mizol; детальні параметри перевіряйте за посиланням,,https://mizol.ua/56228-plenka-tepluchnaya-rasseuvayuschaya-sotrafa-trc-z-akireva-150mkm-16-m
Подпорный элемент SitaTrendy,Подпорный элемент SitaTrendy,Публічна картка товару Mizol; детальні параметри перевіряйте за посиланням,,https://mizol.ua/114848-podpornyy-element-sitatrendy
Полімер-бітумна мембрана IZOBIT BAZA 4 DUO; 1х7.5 м,мембрана,Публічна картка товару Mizol; детальні параметри перевіряйте за посиланням,,https://mizol.ua/218391-polimer-bitumna-membrana-izobit-baza-4-duo-1h75-m
Полімер-бітумна мембрана IZOBIT POWER cool white 53,мембрана,Публічна картка товару Mizol; детальні параметри перевіряйте за посиланням,,https://mizol.ua/288889-polimer-bitumna-membrana-izobit-power-cool-white-53
Полімер-бітумна мембрана IZOBUD ALU W-PET/SBS; 1х20 м,мембрана,Публічна картка товару Mizol; детальні параметри перевіряйте за посиланням,,https://mizol.ua/283393-polimer-bitumna-membrana-izobud-alu-w-petsbs-1h20-m
Полімер-бітумна мембрана IZOBUD W-PET/SBS,мембрана,Публічна картка товару Mizol; детальні параметри перевіряйте за посиланням,,https://mizol.ua/224379-polimer-bitumna-membrana-izobud-w-petsbs
Поликарбонатный шифер TOMO Plex бронзовый текстурированный 2000*1045*1;1 мм трапеция,Поликарбонатный шифер TOMO Plex бронзовый текстурированный 2000*1045*1;1 мм трапеция,Публічна картка товару Mizol; детальні параметри перевіряйте за посиланням,,https://mizol.ua/229539-polukarbonatnyy-shufer-tomo-plex-bronzovyy-tekstururovannyy-2000104511-mm-trapecuya
Полимер-битумная мембрана DACHBIT 20 250 S4 SBS; 1х7.5 м,мембрана,Публічна картка товару Mizol; детальні параметри перевіряйте за посиланням,,https://mizol.ua/218298-polumer-butumnaya-membrana-dachbit-20-250-s4-sbs-1h75-m
Полимер-битумная мембрана IZOBIT GARDEN 52; 1х5 м,мембрана,Публічна картка товару Mizol; детальні параметри перевіряйте за посиланням,,https://mizol.ua/218385-polumer-butumnaya-membrana-izobit-garden-52-1h5-m
Полимер-битумная мембрана IZOBIT GOLD 25 250 S52 SBS; 1х5 м,мембрана,Публічна картка товару Mizol; детальні параметри перевіряйте за посиланням,,https://mizol.ua/218381-polumer-butumnaya-membrana-izobit-gold-25-250-s52-sbs-1h5-m
Полимер-битумная мембрана IZOBIT GOLD 25 250 S56 SBS; 1х5 м,мембрана,Публічна картка товару Mizol; детальні параметри перевіряйте за посиланням,,https://mizol.ua/218383-polumer-butumnaya-membrana-izobit-gold-25-250-s56-sbs-1h5-m
Полимер-битумная мембрана IZOBIT POWER cool white 42,мембрана,Публічна картка товару Mizol; детальні параметри перевіряйте за посиланням,,https://mizol.ua/288888-polumer-butumnaya-membrana-izobit-power-cool-white-42
Полимер-битумная мембрана IZOBIT SUPER P-PYE 250 S 4 SBS 1х7;5,мембрана,Публічна картка товару Mizol; детальні параметри перевіряйте за посиланням,,https://mizol.ua/253352-polumer-butumnaya-membrana-izobit-super-p-pye-250-s-4-sbs-1h75
Полимер-битумная мембрана IZOBIT SUPER STICK PV; 1х10 м,мембрана,Публічна картка товару Mizol; детальні параметри перевіряйте за посиланням,,https://mizol.ua/218300-polumer-butumnaya-membrana-izobit-super-stick-pv-1h10-m
Полимер-битумная мембрана SOPREMA MAMUT PV 3; SBS; 1х15м,мембрана,Публічна картка товару Mizol; детальні параметри перевіряйте за посиланням,,https://mizol.ua/216176-polumer-butumnaya-membrana-soprema-mamut-pv-3-sbs-1h15m
Полимер-битумная мембрана SOPREMA MORTERPLAS SBS FP 4; 1x10 м,мембрана,Публічна картка товару Mizol; детальні параметри перевіряйте за посиланням,,https://mizol.ua/154204-polumer-butumnaya-membrana-soprema-morterplas-sbs-fp-4-1x10-m
Полимер-битумная мембрана SOPREMA MORTERPLAS SBS FP 4.8; 1x8 м,мембрана,Публічна картка товару Mizol; детальні параметри перевіряйте за посиланням,,https://mizol.ua/155712-polumer-butumnaya-membrana-soprema-morterplas-sbs-fp-48-1x8-m%09
Полимер-битумная мембрана SOPREMA MORTERPLAS SBS FPV 4 MIN; 1x10 м,мембрана,Публічна картка товару Mizol; детальні параметри перевіряйте за посиланням,,https://mizol.ua/154206-polumer-butumnaya-membrana-soprema-morterplas-sbs-fpv-4-min-1x10-m%09
Полимер-битумная мембрана SOPREMA MORTERPLAS SBS FPV 5 MIN; 1x8 м,мембрана,Публічна картка товару Mizol; детальні параметри перевіряйте за посиланням,,https://mizol.ua/154208-polumer-butumnaya-membrana-soprema-morterplas-sbs-fpv-5-min-1x8-m%09
Полимер-битумная мембрана SOPREMA MORTERPLAS SBS FPV 5 MIN; 1x8 м,мембрана,Публічна картка товару Mizol; детальні параметри перевіряйте за посиланням,,https://mizol.ua/154207-polumer-butumnaya-membrana-soprema-morterplas-sbs-fpv-5-min-1x8-m%09
Полимер-битумная мембрана SOPREMA MORTERPLAS SBS FV 3; 1x13 м,мембрана,Публічна картка товару Mizol; детальні параметри перевіряйте за посиланням,,https://mizol.ua/154203-polumer-butumnaya-membrana-soprema-morterplas-sbs-fv-3-1x13-m%09
Полимер-битумная мембрана SOPREMA MORTERPLAS SBS GARDEN MIN; 1x8 м,мембрана,Публічна картка товару Mizol; детальні параметри перевіряйте за посиланням,,https://mizol.ua/154215-polumer-butumnaya-membrana-soprema-morterplas-sbs-garden-min-1x8-m%09
Полимер-битумная мембрана SOPREMA MORTERPLAS SBS PARKING; 1x8 м,мембрана,Публічна картка товару Mizol; детальні параметри перевіряйте за посиланням,,https://mizol.ua/154217-polumer-butumnaya-membrana-soprema-morterplas-sbs-parking-1x8-m%09
Полимер-битумная мембрана SOPREMA Resisto PV 4 AR; SBS; 1х10м,мембрана,Публічна картка товару Mizol; детальні параметри перевіряйте за посиланням,,https://mizol.ua/209629-polumer-butumnaya-membrana-soprema-resisto-pv-4-ar%3B-sbs-1h10m
Полимер-битумная мембрана SOPREMA SOPRALENE ELITE FM 5 D-TOX; 1x8 м,мембрана,Публічна картка товару Mizol; детальні параметри перевіряйте за посиланням,,https://mizol.ua/155710-polumer-butumnaya-membrana-soprema-sopralene-elite-fm-5-d-tox-1x8-m%09
Полимер-битумная пароизоляция SOPREMA MAMUT VAP; 1x13 м,Полимер-битумная пароизоляция SOPREMA MAMUT VAP; 1x13 м,Публічна картка товару Mizol; детальні параметри перевіряйте за посиланням,,https://mizol.ua/155686-polumer-butumnaya-parouzolyacuya-soprema-mamut-vap-1x13-m%09
Прокладка між трубою-телескопом та під'ємною трубою; для кінету d315,Прокладка між трубою-телескопом та під'ємною трубою; для кінету d315,Публічна картка товару Mizol; детальні параметри перевіряйте за посиланням,,https://mizol.ua/46981-prokladka-migh-truboyu-teleskopom-ta-pidemnoyu-truboyu-dlya-kinetu--d315
Проходка кровельная для плоских крыш антрацит ES,Проходка кровельная для плоских крыш антрацит ES,Публічна картка товару Mizol; детальні параметри перевіряйте за посиланням,,https://mizol.ua/245684-prohodka-krovelynaya-dlya-ploskuh-krysh-antracut-es
Ревізія d110 SN8,Ревізія d110 SN8,Публічна картка товару Mizol; детальні параметри перевіряйте за посиланням,,https://mizol.ua/14456-reviziya-d110-sn8
Ревізія d160 SN8,Ревізія d160 SN8,Публічна картка товару Mizol; детальні параметри перевіряйте за посиланням,,https://mizol.ua/12161-reviziya-d160-sn8
Ревизия d110; ПП,Ревизия d110; ПП,Публічна картка товару Mizol; детальні параметри перевіряйте за посиланням,,https://mizol.ua/11598-revuzuya-d110-pp
Ревизия d50; ПП,Ревизия d50; ПП,Публічна картка товару Mizol; детальні параметри перевіряйте за посиланням,,https://mizol.ua/11597-revuzuya-d50-pp
Редукция d110/50,Редукция d110/50,Публічна картка товару Mizol; детальні параметри перевіряйте за посиланням,,https://mizol.ua/11599-redukcuya-d11050
Редукция d160/110 SN8,Редукция d160/110 SN8,Публічна картка товару Mizol; детальні параметри перевіряйте за посиланням,,https://mizol.ua/12162-redukcuya-d160110-sn8
Редукция d32/50,Редукция d32/50,Публічна картка товару Mizol; детальні параметри перевіряйте за посиланням,,https://mizol.ua/14140-redukcuya-d3250
Самоклеющаяся битумная мембрана SOPREMA EDILSTICK 2 мм PP/RAND; 1x15 м,мембрана,Публічна картка товару Mizol; детальні параметри перевіряйте за посиланням,,https://mizol.ua/154219-samokleyuschayasya-butumnaya-membrana-soprema-edilstick-2-mm-pprand-1x15-m
Сетка полимерная Королла зеленая (1х30 м),Сетка полимерная Королла зеленая (1х30 м),Публічна картка товару Mizol; детальні параметри перевіряйте за посиланням,,https://mizol.ua/11479-setka-polumernaya-korolla-zelenaya-1h30-m
Сетка полимерная Ранч-1 зеленая (2х50 м),Сетка полимерная Ранч-1 зеленая (2х50 м),Публічна картка товару Mizol; детальні параметри перевіряйте за посиланням,,https://mizol.ua/11463-setka-polumernaya-ranch-1-zelenaya-2h50-m
Соединитель панели KERRAFRONT CLASSIC J-201 Anthracite 0;18 м,Соединитель панели KERRAFRONT CLASSIC J-201 Anthracite 0;18 м,Публічна картка товару Mizol; детальні параметри перевіряйте за посиланням,,https://mizol.ua/71496-soedunutely-panelu-kerrafront-classic-j-201-anthracite-018-m
Соединитель панели KERRAFRONT CLASSIC J-201 Beige 0;18 м,Соединитель панели KERRAFRONT CLASSIC J-201 Beige 0;18 м,Публічна картка товару Mizol; детальні параметри перевіряйте за посиланням,,https://mizol.ua/78406-soedunutely-panelu-kerrafront-classic-j-201-beige-018-m
Соединитель панели KERRAFRONT CLASSIC J-201 Claystone 0;18 м,Соединитель панели KERRAFRONT CLASSIC J-201 Claystone 0;18 м,Публічна картка товару Mizol; детальні параметри перевіряйте за посиланням,,https://mizol.ua/78402-soedunutely-panelu-kerrafront-classic-j-201-claystone-018-m
Соединитель панели KERRAFRONT CLASSIC J-201 Creme 0;18 м,Соединитель панели KERRAFRONT CLASSIC J-201 Creme 0;18 м,Публічна картка товару Mizol; детальні параметри перевіряйте за посиланням,,https://mizol.ua/78404-soedunutely-panelu-kerrafront-classic-j-201-creme-018-m
Соединитель панели KERRAFRONT CLASSIC J-201 Grey 0;18 м,Соединитель панели KERRAFRONT CLASSIC J-201 Grey 0;18 м,Публічна картка товару Mizol; детальні параметри перевіряйте за посиланням,,https://mizol.ua/78401-soedunutely-panelu-kerrafront-classic-j-201-grey-018-m
Соединитель панели KERRAFRONT CLASSIC J-201 Light Grey 0;18 м,Соединитель панели KERRAFRONT CLASSIC J-201 Light Grey 0;18 м,Публічна картка товару Mizol; детальні параметри перевіряйте за посиланням,,https://mizol.ua/78405-soedunutely-panelu-kerrafront-classic-j-201-light-grey-018-m
Соединитель панели KERRAFRONT CLASSIC J-201 Olive 0;18 м,Соединитель панели KERRAFRONT CLASSIC J-201 Olive 0;18 м,Публічна картка товару Mizol; детальні параметри перевіряйте за посиланням,,https://mizol.ua/78403-soedunutely-panelu-kerrafront-classic-j-201-olive-018-m
Соединитель панели KERRAFRONT CLASSIC J-201 Quartz Grey 0;18 м,Соединитель панели KERRAFRONT CLASSIC J-201 Quartz Grey 0;18 м,Публічна картка товару Mizol; детальні параметри перевіряйте за посиланням,,https://mizol.ua/78400-soedunutely-panelu-kerrafront-classic-j-201-quartz-grey-018-m
Соединитель панели KERRAFRONT CLASSIC J-202 Beige 0;322 м,Соединитель панели KERRAFRONT CLASSIC J-202 Beige 0;322 м,Публічна картка товару Mizol; детальні параметри перевіряйте за посиланням,,https://mizol.ua/78398-soedunutely-panelu-kerrafront-classic-j-202-beige-0322-m
Соединитель панели KERRAFRONT CLASSIC J-202 Claystone 0;322 м,Соединитель панели KERRAFRONT CLASSIC J-202 Claystone 0;322 м,Публічна картка товару Mizol; детальні параметри перевіряйте за посиланням,,https://mizol.ua/78396-soedunutely-panelu-kerrafront-classic-j-202-claystone-0322-m
Соединитель панели KERRAFRONT CLASSIC J-202 Creme 0;322 м,Соединитель панели KERRAFRONT CLASSIC J-202 Creme 0;322 м,Публічна картка товару Mizol; детальні параметри перевіряйте за посиланням,,https://mizol.ua/78394-soedunutely-panelu-kerrafront-classic-j-202-creme-0322-m
Соединитель панели KERRAFRONT CLASSIC J-202 Grey 0;322 м,Соединитель панели KERRAFRONT CLASSIC J-202 Grey 0;322 м,Публічна картка товару Mizol; детальні параметри перевіряйте за посиланням,,https://mizol.ua/78392-soedunutely-panelu-kerrafront-classic-j-202-grey-0322-m
Соединитель панели KERRAFRONT CLASSIC J-202 Olive 0;322 м,Соединитель панели KERRAFRONT CLASSIC J-202 Olive 0;322 м,Публічна картка товару Mizol; детальні параметри перевіряйте за посиланням,,https://mizol.ua/78393-soedunutely-panelu-kerrafront-classic-j-202-olive-0322-m
Соединитель панели KERRAFRONT CLASSIC J-202 Quartz Grey 0;322 м,Соединитель панели KERRAFRONT CLASSIC J-202 Quartz Grey 0;322 м,Публічна картка товару Mizol; детальні параметри перевіряйте за посиланням,,https://mizol.ua/78391-soedunutely-panelu-kerrafront-classic-j-202-quartz-grey-0322-m
Соединитель панели KERRAFRONT CLASSIC J-202 White 0;322 м,Соединитель панели KERRAFRONT CLASSIC J-202 White 0;322 м,Публічна картка товару Mizol; детальні параметри перевіряйте за посиланням,,https://mizol.ua/78397-soedunutely-panelu-kerrafront-classic-j-202-white-0322-m
Соединитель панели KERRAFRONT MW J-302 Anthracite 0;322 м,Соединитель панели KERRAFRONT MW J-302 Anthracite 0;322 м,Публічна картка товару Mizol; детальні параметри перевіряйте за посиланням,,https://mizol.ua/78386-soedunutely-panelu-kerrafront-mw-j-302-anthracite-0322-m
Соединитель панели KERRAFRONT MW J-302 Beige 0;322 м,Соединитель панели KERRAFRONT MW J-302 Beige 0;322 м,Публічна картка товару Mizol; детальні параметри перевіряйте за посиланням,,https://mizol.ua/78385-soedunutely-panelu-kerrafront-mw-j-302-beige-0322-m
Соединитель панели KERRAFRONT MW J-302 Claystone 0;322 м,Соединитель панели KERRAFRONT MW J-302 Claystone 0;322 м,Публічна картка товару Mizol; детальні параметри перевіряйте за посиланням,,https://mizol.ua/78383-soedunutely-panelu-kerrafront-mw-j-302-claystone-0322-m
Соединитель панели KERRAFRONT MW J-302 Quartz Grey 0;322 м,Соединитель панели KERRAFRONT MW J-302 Quartz Grey 0;322 м,Публічна картка товару Mizol; детальні параметри перевіряйте за посиланням,,https://mizol.ua/78380-soedunutely-panelu-kerrafront-mw-j-302-quartz-grey-0322-m
Соединитель панели KERRAFRONT MW J-302 White 0;322 м,Соединитель панели KERRAFRONT MW J-302 White 0;322 м,Публічна картка товару Mizol; детальні параметри перевіряйте за посиланням,,https://mizol.ua/78384-soedunutely-panelu-kerrafront-mw-j-302-white-0322-m
Стальной панельный радиатор PURMO Ventil Compact 22 300х 2000,Стальной панельный радиатор PURMO Ventil Compact 22 300х 2000,Публічна картка товару Mizol; детальні параметри перевіряйте за посиланням,,https://mizol.ua/23412-stalynoy-panelynyy-raduator-purmo-ventil-compact-22-300h-2000
Стальной радиатор IDMAR Compact 22 500x 1000,Стальной радиатор IDMAR Compact 22 500x 1000,Публічна картка товару Mizol; детальні параметри перевіряйте за посиланням,,https://mizol.ua/124906-stalynoy-raduator-idmar-compact-22-500x-1000
Стальной радиатор IDMAR Compact 22 500x 1200,Стальной радиатор IDMAR Compact 22 500x 1200,Публічна картка товару Mizol; детальні параметри перевіряйте за посиланням,,https://mizol.ua/124945-stalynoy-raduator-idmar-compact-22-500x-1200
Стальной радиатор IDMAR Compact 22 500x 1200,Стальной радиатор IDMAR Compact 22 500x 1200,Публічна картка товару Mizol; детальні параметри перевіряйте за посиланням,,https://mizol.ua/124943-stalynoy-raduator-idmar-compact-22-500x-1200
Стальной радиатор IDMAR Compact 22 500x 1400,Стальной радиатор IDMAR Compact 22 500x 1400,Публічна картка товару Mizol; детальні параметри перевіряйте за посиланням,,https://mizol.ua/124946-stalynoy-raduator-idmar-compact-22-500x-1400
Стальной радиатор IDMAR Compact 22 500x 1400,Стальной радиатор IDMAR Compact 22 500x 1400,Публічна картка товару Mizol; детальні параметри перевіряйте за посиланням,,https://mizol.ua/124944-stalynoy-raduator-idmar-compact-22-500x-1400
Стальной радиатор IDMAR Compact 22 500x 500,Стальной радиатор IDMAR Compact 22 500x 500,Публічна картка товару Mizol; детальні параметри перевіряйте за посиланням,,https://mizol.ua/125058-stalynoy-raduator-idmar-compact-22-500x-500
Стальной радиатор IDMAR Compact 22 500x 800,Стальной радиатор IDMAR Compact 22 500x 800,Публічна картка товару Mizol; детальні параметри перевіряйте за посиланням,,https://mizol.ua/125061-stalynoy-raduator-idmar-compact-22-500x-800
Стальной радиатор IDMAR Ventil Compact 22 300x 1000,Стальной радиатор IDMAR Ventil Compact 22 300x 1000,Публічна картка товару Mizol; детальні параметри перевіряйте за посиланням,,https://mizol.ua/125091-stalynoy-raduator-idmar-ventil-compact-22-300x-1000
Стальной радиатор IDMAR Ventil Compact 22 300x 1200,Стальной радиатор IDMAR Ventil Compact 22 300x 1200,Публічна картка товару Mizol; детальні параметри перевіряйте за посиланням,,https://mizol.ua/125092-stalynoy-raduator-idmar-ventil-compact-22-300x-1200
Стальной радиатор IDMAR Ventil Compact 22 300x 1400,Стальной радиатор IDMAR Ventil Compact 22 300x 1400,Публічна картка товару Mizol; детальні параметри перевіряйте за посиланням,,https://mizol.ua/125093-stalynoy-raduator-idmar-ventil-compact-22-300x-1400
Стальной радиатор IDMAR Ventil Compact 22 300x 1600,Стальной радиатор IDMAR Ventil Compact 22 300x 1600,Публічна картка товару Mizol; детальні параметри перевіряйте за посиланням,,https://mizol.ua/125094-stalynoy-raduator-idmar-ventil-compact-22-300x-1600
Стальной радиатор IDMAR Ventil Compact 22 300x 1800,Стальной радиатор IDMAR Ventil Compact 22 300x 1800,Публічна картка товару Mizol; детальні параметри перевіряйте за посиланням,,https://mizol.ua/125095-stalynoy-raduator-idmar-ventil-compact-22-300x-1800
Стальной радиатор IDMAR Ventil Compact 22 500x 1000,Стальной радиатор IDMAR Ventil Compact 22 500x 1000,Публічна картка товару Mizol; детальні параметри перевіряйте за посиланням,,https://mizol.ua/125103-stalynoy-raduator-idmar-ventil-compact-22-500x-1000
Стальной радиатор IDMAR Ventil Compact 22 500x 1100,Стальной радиатор IDMAR Ventil Compact 22 500x 1100,Публічна картка товару Mizol; детальні параметри перевіряйте за посиланням,,https://mizol.ua/125104-stalynoy-raduator-idmar-ventil-compact-22-500x-1100
Стальной радиатор IDMAR Ventil Compact 22 500x 1200,Стальной радиатор IDMAR Ventil Compact 22 500x 1200,Публічна картка товару Mizol; детальні параметри перевіряйте за посиланням,,https://mizol.ua/125105-stalynoy-raduator-idmar-ventil-compact-22-500x-1200
Стальной радиатор IDMAR Ventil Compact 22 500x 1400,Стальной радиатор IDMAR Ventil Compact 22 500x 1400,Публічна картка товару Mizol; детальні параметри перевіряйте за посиланням,,https://mizol.ua/125106-stalynoy-raduator-idmar-ventil-compact-22-500x-1400
Стальной радиатор IDMAR Ventil Compact 22 500x 1600,Стальной радиатор IDMAR Ventil Compact 22 500x 1600,Публічна картка товару Mizol; детальні параметри перевіряйте за посиланням,,https://mizol.ua/125107-stalynoy-raduator-idmar-ventil-compact-22-500x-1600
Стальной радиатор IDMAR Ventil Compact 22 500x 1800,Стальной радиатор IDMAR Ventil Compact 22 500x 1800,Публічна картка товару Mizol; детальні параметри перевіряйте за посиланням,,https://mizol.ua/125108-stalynoy-raduator-idmar-ventil-compact-22-500x-1800
Стальной радиатор IDMAR Ventil Compact 22 500x 500,Стальной радиатор IDMAR Ventil Compact 22 500x 500,Публічна картка товару Mizol; детальні параметри перевіряйте за посиланням,,https://mizol.ua/125111-stalynoy-raduator-idmar-ventil-compact-22-500x-500
Стальной радиатор IDMAR Ventil Compact 22 500x 600,Стальной радиатор IDMAR Ventil Compact 22 500x 600,Публічна картка товару Mizol; детальні параметри перевіряйте за посиланням,,https://mizol.ua/125112-stalynoy-raduator-idmar-ventil-compact-22-500x-600
Стальной радиатор IDMAR Ventil Compact 22 500x 700,Стальной радиатор IDMAR Ventil Compact 22 500x 700,Публічна картка товару Mizol; детальні параметри перевіряйте за посиланням,,https://mizol.ua/125113-stalynoy-raduator-idmar-ventil-compact-22-500x-700
Стальной радиатор IDMAR Ventil Compact 22 500x 800,Стальной радиатор IDMAR Ventil Compact 22 500x 800,Публічна картка товару Mizol; детальні параметри перевіряйте за посиланням,,https://mizol.ua/125114-stalynoy-raduator-idmar-ventil-compact-22-500x-800
Стальной радиатор IDMAR Ventil Compact 22 500x 900,Стальной радиатор IDMAR Ventil Compact 22 500x 900,Публічна картка товару Mizol; детальні параметри перевіряйте за посиланням,,https://mizol.ua/125115-stalynoy-raduator-idmar-ventil-compact-22-500x-900
Стальной радиатор PURMO Compact 11 300x 1200,Стальной радиатор PURMO Compact 11 300x 1200,Публічна картка товару Mizol; детальні параметри перевіряйте за посиланням,,https://mizol.ua/22217-stalynoy-raduator-purmo-compact-11-300x-1200
Стальной радиатор PURMO Compact 11 300x 1400,Стальной радиатор PURMO Compact 11 300x 1400,Публічна картка товару Mizol; детальні параметри перевіряйте за посиланням,,https://mizol.ua/22561-stalynoy-raduator-purmo-compact-11-300x-1400
Стальной радиатор PURMO Compact 11 300x 1600,Стальной радиатор PURMO Compact 11 300x 1600,Публічна картка товару Mizol; детальні параметри перевіряйте за посиланням,,https://mizol.ua/26186-stalynoy-raduator-purmo-compact-11-300x-1600
Стальной радиатор PURMO Compact 11 300x 800,Стальной радиатор PURMO Compact 11 300x 800,Публічна картка товару Mizol; детальні параметри перевіряйте за посиланням,,https://mizol.ua/24878-stalynoy-raduator-purmo-compact-11-300x-800
Стальной радиатор PURMO Compact 22 300x 1000,Стальной радиатор PURMO Compact 22 300x 1000,Публічна картка товару Mizol; детальні параметри перевіряйте за посиланням,,https://mizol.ua/20973-stalynoy-raduator-purmo-compact-22-300x-1000
Стальной радиатор PURMO Compact 22 500x 1000,Стальной радиатор PURMO Compact 22 500x 1000,Публічна картка товару Mizol; детальні параметри перевіряйте за посиланням,,https://mizol.ua/20926-stalynoy-raduator-purmo-compact-22-500x-1000
Стальной радиатор PURMO Compact 22 500x 1100,Стальной радиатор PURMO Compact 22 500x 1100,Публічна картка товару Mizol; детальні параметри перевіряйте за посиланням,,https://mizol.ua/20927-stalynoy-raduator-purmo-compact-22-500x-1100
Стальной радиатор PURMO Compact 22 500x 400,Стальной радиатор PURMO Compact 22 500x 400,Публічна картка товару Mizol; детальні параметри перевіряйте за посиланням,,https://mizol.ua/20911-stalynoy-raduator-purmo-compact-22-500x-400
Стальной радиатор PURMO Compact 22 500x 600,Стальной радиатор PURMO Compact 22 500x 600,Публічна картка товару Mizol; детальні параметри перевіряйте за посиланням,,https://mizol.ua/20922-stalynoy-raduator-purmo-compact-22-500x-600
Стальной радиатор PURMO Compact 22 500x 700,Стальной радиатор PURMO Compact 22 500x 700,Публічна картка товару Mizol; детальні параметри перевіряйте за посиланням,,https://mizol.ua/20923-stalynoy-raduator-purmo-compact-22-500x-700
Стальной радиатор PURMO Higiene 10 500x 2600,Стальной радиатор PURMO Higiene 10 500x 2600,Публічна картка товару Mizol; детальні параметри перевіряйте за посиланням,,https://mizol.ua/26239-stalynoy-raduator-purmo-higiene-10-500x-2600
Стальной радиатор PURMO Hygiene 20 600x 2000,Стальной радиатор PURMO Hygiene 20 600x 2000,Публічна картка товару Mizol; детальні параметри перевіряйте за посиланням,,https://mizol.ua/60931-stalynoy-raduator-purmo-hygiene-20-600x-2000
Стальной радиатор PURMO Ventil Compact 11 500x 1000,Стальной радиатор PURMO Ventil Compact 11 500x 1000,Публічна картка товару Mizol; детальні параметри перевіряйте за посиланням,,https://mizol.ua/21920-stalynoy-raduator-purmo-ventil-compact-11-500x-1000
Стальной радиатор PURMO Ventil Compact 11 500x 500,Стальной радиатор PURMO Ventil Compact 11 500x 500,Публічна картка товару Mizol; детальні параметри перевіряйте за посиланням,,https://mizol.ua/21464-stalynoy-raduator-purmo-ventil-compact-11-500x-500
Стальной радиатор PURMO Ventil Compact 22 300x 1000,Стальной радиатор PURMO Ventil Compact 22 300x 1000,Публічна картка товару Mizol; детальні параметри перевіряйте за посиланням,,https://mizol.ua/20907-stalynoy-raduator-purmo-ventil-compact-22-300x-1000
Стальной радиатор PURMO Ventil Compact 22 300x 1100,Стальной радиатор PURMO Ventil Compact 22 300x 1100,Публічна картка товару Mizol; детальні параметри перевіряйте за посиланням,,https://mizol.ua/21195-stalynoy-raduator-purmo-ventil-compact-22-300x-1100
Стальной радиатор PURMO Ventil Compact 22 300x 1400,Стальной радиатор PURMO Ventil Compact 22 300x 1400,Публічна картка товару Mizol; детальні параметри перевіряйте за посиланням,,https://mizol.ua/20909-stalynoy-raduator-purmo-ventil-compact-22-300x-1400
Стальной радиатор PURMO Ventil Compact 22 600x 1000,Стальной радиатор PURMO Ventil Compact 22 600x 1000,Публічна картка товару Mizol; детальні параметри перевіряйте за посиланням,,https://mizol.ua/21800-stalynoy-raduator-purmo-ventil-compact-22-600x-1000
Стальной радиатор PURMO Ventil Compact 22 600x 1400,Стальной радиатор PURMO Ventil Compact 22 600x 1400,Публічна картка товару Mizol; детальні параметри перевіряйте за посиланням,,https://mizol.ua/21268-stalynoy-raduator-purmo-ventil-compact-22-600x-1400
Стальной радиатор PURMO Ventil Compact 22 600x 600,Стальной радиатор PURMO Ventil Compact 22 600x 600,Публічна картка товару Mizol; детальні параметри перевіряйте за посиланням,,https://mizol.ua/21267-stalynoy-raduator-purmo-ventil-compact-22-600x-600
Стальной радиатор PURMO Ventil Compact 22 600x 800,Стальной радиатор PURMO Ventil Compact 22 600x 800,Публічна картка товару Mizol; детальні параметри перевіряйте за посиланням,,https://mizol.ua/20984-stalynoy-raduator-purmo-ventil-compact-22-600x-800
Стальной радиатор PURMO Ventil Compact 22 900x 600,Стальной радиатор PURMO Ventil Compact 22 900x 600,Публічна картка товару Mizol; детальні параметри перевіряйте за посиланням,,https://mizol.ua/20986-stalynoy-raduator-purmo-ventil-compact-22-900x-600
Супердиффузійна мембрана Євробарьер Q160 Stick,мембрана,Публічна картка товару Mizol; детальні параметри перевіряйте за посиланням,,https://mizol.ua/245340-superduffuziyna-membrana-evrobaryer-q160-stick
Супердиффузионная мембрана Евробарьер Solar,мембрана,Публічна картка товару Mizol; детальні параметри перевіряйте за посиланням,,https://mizol.ua/64910-superduffuzuonnaya-membrana-evrobaryer-solar
Теплоізоляція ПЕ для труб EcoLine R C-15/6 (blue),ізоляція,Публічна картка товару Mizol; детальні параметри перевіряйте за посиланням,,https://mizol.ua/71193-teploizolyaciya-pe-dlya-trub-ecoline-r-c-156-blue
Теплоізоляція ПЕ для труб EcoLine R C-18/6 (blue),ізоляція,Публічна картка товару Mizol; детальні параметри перевіряйте за посиланням,,https://mizol.ua/52474-teploizolyaciya-pe-dlya-trub-ecoline-r-c-186-blue
Теплоізоляція ПЕ для труб Thermasmart PRO S-42/30,ізоляція,Публічна картка товару Mizol; детальні параметри перевіряйте за посиланням,,https://mizol.ua/65711-teploizolyaciya-pe-dlya-trub-thermasmart-pro-s-4230
Теплоизоляция каучуковая для труб Eurobatex 19-018,Теплоизоляция каучуковая для труб Eurobatex 19-018,Публічна картка товару Mizol; детальні параметри перевіряйте за посиланням,,https://mizol.ua/2002-teplouzolyacuya-kauchukovaya-dlya-trub-eurobatex-19-018
Теплоизоляция каучуковая для труб Eurobatex 19-042,Теплоизоляция каучуковая для труб Eurobatex 19-042,Публічна картка товару Mizol; детальні параметри перевіряйте за посиланням,,https://mizol.ua/2006-teplouzolyacuya-kauchukovaya-dlya-trub-eurobatex-19-042
Теплоизоляция каучуковая для труб Eurobatex 19-064,Теплоизоляция каучуковая для труб Eurobatex 19-064,Публічна картка товару Mizol; детальні параметри перевіряйте за посиланням,,https://mizol.ua/2010-teplouzolyacuya-kauchukovaya-dlya-trub-eurobatex-19-064
Теплоизоляция каучуковая для труб Eurobatex 19-127,Теплоизоляция каучуковая для труб Eurobatex 19-127,Публічна картка товару Mizol; детальні параметри перевіряйте за посиланням,,https://mizol.ua/19036-teplouzolyacuya-kauchukovaya-dlya-trub-eurobatex-19-127
Теплоизоляция каучуковая для труб Eurobatex 19-139,Теплоизоляция каучуковая для труб Eurobatex 19-139,Публічна картка товару Mizol; детальні параметри перевіряйте за посиланням,,https://mizol.ua/20841-teplouzolyacuya-kauchukovaya-dlya-trub-eurobatex-19-139
Теплоизоляция каучуковая для труб Eurobatex 25-035,Теплоизоляция каучуковая для труб Eurobatex 25-035,Публічна картка товару Mizol; детальні параметри перевіряйте за посиланням,,https://mizol.ua/2017-teplouzolyacuya-kauchukovaya-dlya-trub-eurobatex-25-035
Теплоизоляция каучуковая для труб Eurobatex 25-060,Теплоизоляция каучуковая для труб Eurobatex 25-060,Публічна картка товару Mizol; детальні параметри перевіряйте за посиланням,,https://mizol.ua/3207-teplouzolyacuya-kauchukovaya-dlya-trub-eurobatex-25-060
Теплоизоляция каучуковая для труб Eurobatex 25-108,Теплоизоляция каучуковая для труб Eurobatex 25-108,Публічна картка товару Mizol; детальні параметри перевіряйте за посиланням,,https://mizol.ua/26401-teplouzolyacuya-kauchukovaya-dlya-trub-eurobatex-25-108
Теплоизоляция каучуковая для труб Eurobatex 25-140,Теплоизоляция каучуковая для труб Eurobatex 25-140,Публічна картка товару Mizol; детальні параметри перевіряйте за посиланням,,https://mizol.ua/23805-teplouzolyacuya-kauchukovaya-dlya-trub-eurobatex-25-140
Теплоизоляция каучуковая для труб Eurobatex 25-160,Теплоизоляция каучуковая для труб Eurobatex 25-160,Публічна картка товару Mizol; детальні параметри перевіряйте за посиланням,,https://mizol.ua/26402-teplouzolyacuya-kauchukovaya-dlya-trub-eurobatex-25-160
Теплоизоляция каучуковая для труб Eurobatex 32-022,Теплоизоляция каучуковая для труб Eurobatex 32-022,Публічна картка товару Mizol; детальні параметри перевіряйте за посиланням,,https://mizol.ua/10403-teplouzolyacuya-kauchukovaya-dlya-trub-eurobatex-32-022
Теплоизоляция каучуковая для труб Eurobatex 32-028,Теплоизоляция каучуковая для труб Eurobatex 32-028,Публічна картка товару Mizol; детальні параметри перевіряйте за посиланням,,https://mizol.ua/16048-teplouzolyacuya-kauchukovaya-dlya-trub-eurobatex-32-028
Теплоизоляция каучуковая для труб Eurobatex 32-035,Теплоизоляция каучуковая для труб Eurobatex 32-035,Публічна картка товару Mizol; детальні параметри перевіряйте за посиланням,,https://mizol.ua/10672-teplouzolyacuya-kauchukovaya-dlya-trub-eurobatex-32-035
Теплоизоляция каучуковая для труб Eurobatex 32-042,Теплоизоляция каучуковая для труб Eurobatex 32-042,Публічна картка товару Mizol; детальні параметри перевіряйте за посиланням,,https://mizol.ua/10404-teplouzolyacuya-kauchukovaya-dlya-trub-eurobatex-32-042
Теплоизоляция каучуковая для труб Eurobatex 32-048,Теплоизоляция каучуковая для труб Eurobatex 32-048,Публічна картка товару Mizol; детальні параметри перевіряйте за посиланням,,https://mizol.ua/10406-teplouzolyacuya-kauchukovaya-dlya-trub-eurobatex-32-048
Теплоизоляция каучуковая для труб Eurobatex 32-054,Теплоизоляция каучуковая для труб Eurobatex 32-054,Публічна картка товару Mizol; детальні параметри перевіряйте за посиланням,,https://mizol.ua/19580-teplouzolyacuya-kauchukovaya-dlya-trub-eurobatex-32-054
Теплоизоляция каучуковая для труб Eurobatex 32-060,Теплоизоляция каучуковая для труб Eurobatex 32-060,Публічна картка товару Mizol; детальні параметри перевіряйте за посиланням,,https://mizol.ua/2024-teplouzolyacuya-kauchukovaya-dlya-trub-eurobatex-32-060
Теплоизоляция каучуковая для труб Eurobatex 32-070,Теплоизоляция каучуковая для труб Eurobatex 32-070,Публічна картка товару Mizol; детальні параметри перевіряйте за посиланням,,https://mizol.ua/3208-teplouzolyacuya-kauchukovaya-dlya-trub-eurobatex-32-070
Теплоизоляция каучуковая для труб Eurobatex 32-076,Теплоизоляция каучуковая для труб Eurobatex 32-076,Публічна картка товару Mizol; детальні параметри перевіряйте за посиланням,,https://mizol.ua/4316-teplouzolyacuya-kauchukovaya-dlya-trub-eurobatex-32-076
Теплоизоляция каучуковая для труб Eurobatex 32-090,Теплоизоляция каучуковая для труб Eurobatex 32-090,Публічна картка товару Mizol; детальні параметри перевіряйте за посиланням,,https://mizol.ua/4837-teplouzolyacuya-kauchukovaya-dlya-trub-eurobatex-32-090
Теплоизоляция каучуковая для труб Eurobatex 32-102,Теплоизоляция каучуковая для труб Eurobatex 32-102,Публічна картка товару Mizol; детальні параметри перевіряйте за посиланням,,https://mizol.ua/44486-teplouzolyacuya-kauchukovaya-dlya-trub-eurobatex-32-102
Теплоизоляция каучуковая для труб Eurobatex 32-114,Теплоизоляция каучуковая для труб Eurobatex 32-114,Публічна картка товару Mizol; детальні параметри перевіряйте за посиланням,,https://mizol.ua/4314-teplouzolyacuya-kauchukovaya-dlya-trub-eurobatex-32-114
Теплоизоляция каучуковая для труб Eurobatex 32-133,Теплоизоляция каучуковая для труб Eurobatex 32-133,Публічна картка товару Mizol; детальні параметри перевіряйте за посиланням,,https://mizol.ua/10195-teplouzolyacuya-kauchukovaya-dlya-trub-eurobatex-32-133
Теплоизоляция каучуковая для труб Eurobatex 32-139,Теплоизоляция каучуковая для труб Eurobatex 32-139,Публічна картка товару Mizol; детальні параметри перевіряйте за посиланням,,https://mizol.ua/4315-teplouzolyacuya-kauchukovaya-dlya-trub-eurobatex-32-139
Теплоизоляция каучуковая для труб Eurobatex 32-160,Теплоизоляция каучуковая для труб Eurobatex 32-160,Публічна картка товару Mizol; детальні параметри перевіряйте за посиланням,,https://mizol.ua/23806-teplouzolyacuya-kauchukovaya-dlya-trub-eurobatex-32-160
Теплоизоляция каучуковая для труб Eurobatex 6-018,Теплоизоляция каучуковая для труб Eurobatex 6-018,Публічна картка товару Mizol; детальні параметри перевіряйте за посиланням,,https://mizol.ua/2027-teplouzolyacuya-kauchukovaya-dlya-trub-eurobatex-6-018
Теплоизоляция каучуковая для труб Eurobatex 6-022,Теплоизоляция каучуковая для труб Eurobatex 6-022,Публічна картка товару Mizol; детальні параметри перевіряйте за посиланням,,https://mizol.ua/2028-teplouzolyacuya-kauchukovaya-dlya-trub-eurobatex-6-022
Теплоизоляция каучуковая для труб Eurobatex AT 13-018,Теплоизоляция каучуковая для труб Eurobatex AT 13-018,Публічна картка товару Mizol; детальні параметри перевіряйте за посиланням,,https://mizol.ua/9526-teplouzolyacuya-kauchukovaya-dlya-trub-eurobatex-at-13-018
Теплоизоляция каучуковая для труб Eurobatex AT 13-035,Теплоизоляция каучуковая для труб Eurobatex AT 13-035,Публічна картка товару Mizol; детальні параметри перевіряйте за посиланням,,https://mizol.ua/7887-teplouzolyacuya-kauchukovaya-dlya-trub-eurobatex-at-13-035
Теплоизоляция каучуковая для труб Eurobatex AT 13-042,Теплоизоляция каучуковая для труб Eurobatex AT 13-042,Публічна картка товару Mizol; детальні параметри перевіряйте за посиланням,,https://mizol.ua/45303-teplouzolyacuya-kauchukovaya-dlya-trub-eurobatex-at-13-042
Теплоизоляция каучуковая для труб Eurobatex AT 13-054,Теплоизоляция каучуковая для труб Eurobatex AT 13-054,Публічна картка товару Mizol; детальні параметри перевіряйте за посиланням,,https://mizol.ua/11946-teplouzolyacuya-kauchukovaya-dlya-trub-eurobatex-at-13-054
Теплоизоляция каучуковая для труб Eurobatex AT 13-060,Теплоизоляция каучуковая для труб Eurobatex AT 13-060,Публічна картка товару Mizol; детальні параметри перевіряйте за посиланням,,https://mizol.ua/7605-teplouzolyacuya-kauchukovaya-dlya-trub-eurobatex-at-13-060
Теплоизоляция каучуковая для труб Eurobatex AT 13-064,Теплоизоляция каучуковая для труб Eurobatex AT 13-064,Публічна картка товару Mizol; детальні параметри перевіряйте за посиланням,,https://mizol.ua/59758-teplouzolyacuya-kauchukovaya-dlya-trub-eurobatex-at-13-064
Теплоизоляция каучуковая для труб Eurobatex AT 13-076,Теплоизоляция каучуковая для труб Eurobatex AT 13-076,Публічна картка товару Mizol; детальні параметри перевіряйте за посиланням,,https://mizol.ua/7606-teplouzolyacuya-kauchukovaya-dlya-trub-eurobatex-at-13-076
Теплоизоляция каучуковая для труб Eurobatex AT 13-089,Теплоизоляция каучуковая для труб Eurobatex AT 13-089,Публічна картка товару Mizol; детальні параметри перевіряйте за посиланням,,https://mizol.ua/3212-teplouzolyacuya-kauchukovaya-dlya-trub-eurobatex-at-13-089
Теплоизоляция каучуковая для труб Eurobatex AT 19-016,Теплоизоляция каучуковая для труб Eurobatex AT 19-016,Публічна картка товару Mizol; детальні параметри перевіряйте за посиланням,,https://mizol.ua/21439-teplouzolyacuya-kauchukovaya-dlya-trub-eurobatex-at-19-016
Теплоизоляция каучуковая для труб Eurobatex AT 19-048,Теплоизоляция каучуковая для труб Eurobatex AT 19-048,Публічна картка товару Mizol; детальні параметри перевіряйте за посиланням,,https://mizol.ua/3214-teplouzolyacuya-kauchukovaya-dlya-trub-eurobatex-at-19-048
Теплоизоляция каучуковая для труб Eurobatex Isoltec 13-022,Теплоизоляция каучуковая для труб Eurobatex Isoltec 13-022,Публічна картка товару Mizol; детальні параметри перевіряйте за посиланням,,https://mizol.ua/67223-teplouzolyacuya-kauchukovaya-dlya-trub-eurobatex-isoltec-13-022
Теплоизоляция каучуковая для труб Eurobatex Isoltec 13-035,Теплоизоляция каучуковая для труб Eurobatex Isoltec 13-035,Публічна картка товару Mizol; детальні параметри перевіряйте за посиланням,,https://mizol.ua/67222-teplouzolyacuya-kauchukovaya-dlya-trub-eurobatex-isoltec-13-035
Теплоизоляция каучуковая для труб Eurobatex Isoltec 13-042,Теплоизоляция каучуковая для труб Eurobatex Isoltec 13-042,Публічна картка товару Mizol; детальні параметри перевіряйте за посиланням,,https://mizol.ua/67221-teplouzolyacuya-kauchukovaya-dlya-trub-eurobatex-isoltec-13-042
Теплоизоляция каучуковая для труб Eurobatex Isoltec 13-048,Теплоизоляция каучуковая для труб Eurobatex Isoltec 13-048,Публічна картка товару Mizol; детальні параметри перевіряйте за посиланням,,https://mizol.ua/67220-teplouzolyacuya-kauchukovaya-dlya-trub-eurobatex-isoltec-13-048
Теплоизоляция каучуковая для труб Eurobatex Isoltec 13-060,Теплоизоляция каучуковая для труб Eurobatex Isoltec 13-060,Публічна картка товару Mizol; детальні параметри перевіряйте за посиланням,,https://mizol.ua/67219-teplouzolyacuya-kauchukovaya-dlya-trub-eurobatex-isoltec-13-060
Теплоизоляция каучуковая для труб Eurobatex Isoltec 13-076,Теплоизоляция каучуковая для труб Eurobatex Isoltec 13-076,Публічна картка товару Mizol; детальні параметри перевіряйте за посиланням,,https://mizol.ua/67218-teplouzolyacuya-kauchukovaya-dlya-trub-eurobatex-isoltec-13-076
Теплоизоляция каучуковая для труб Eurobatex Isoltec 13-090,Теплоизоляция каучуковая для труб Eurobatex Isoltec 13-090,Публічна картка товару Mizol; детальні параметри перевіряйте за посиланням,,https://mizol.ua/67217-teplouzolyacuya-kauchukovaya-dlya-trub-eurobatex-isoltec-13-090
Теплоизоляция каучуковая листовая Eurobatex 10мм,Теплоизоляция каучуковая листовая Eurobatex 10мм,Публічна картка товару Mizol; детальні параметри перевіряйте за посиланням,,https://mizol.ua/60136-teplouzolyacuya-kauchukovaya-lustovaya-eurobatex-10mm
Теплоизоляция каучуковая листовая Eurobatex 25мм; самоклеящаяся,Теплоизоляция каучуковая листовая Eurobatex 25мм; самоклеящаяся,Публічна картка товару Mizol; детальні параметри перевіряйте за посиланням,,https://mizol.ua/2013-teplouzolyacuya-kauchukovaya-lustovaya-eurobatex-25mm--samokleyaschayasya
Теплоизоляция каучуковая листовая Eurobatex 32мм; самоклеящаяся,Теплоизоляция каучуковая листовая Eurobatex 32мм; самоклеящаяся,Публічна картка товару Mizol; детальні параметри перевіряйте за посиланням,,https://mizol.ua/7885-teplouzolyacuya-kauchukovaya-lustovaya-eurobatex-32mm--samokleyaschayasya
Теплоизоляция каучуковая листовая Eurobatex 6мм,Теплоизоляция каучуковая листовая Eurobatex 6мм,Публічна картка товару Mizol; детальні параметри перевіряйте за посиланням,,https://mizol.ua/2025-teplouzolyacuya-kauchukovaya-lustovaya-eurobatex-6mm
Теплоизоляция каучуковая листовая с покрытием Eurobatex Triplex 13мм; самоклеящаяся,Теплоизоляция каучуковая листовая с покрытием Eurobatex Triplex 13мм; самоклеящаяся,Публічна картка товару Mizol; детальні параметри перевіряйте за посиланням,,https://mizol.ua/45939-teplouzolyacuya-kauchukovaya-lustovaya-s-pokrytuem-eurobatex-triplex-13mm-samokleyaschayasya
Теплоизоляция каучуковая листовая с покрытием Eurobatex Triplex 19мм; самоклеящаяся,Теплоизоляция каучуковая листовая с покрытием Eurobatex Triplex 19мм; самоклеящаяся,Публічна картка товару Mizol; детальні параметри перевіряйте за посиланням,,https://mizol.ua/23044-teplouzolyacuya-kauchukovaya-lustovaya-s-pokrytuem-eurobatex-triplex-19mm-samokleyaschayasya
Теплоизоляция каучуковая листовая с покрытием Eurobatex Triplex 6мм; самоклеящаяся,Теплоизоляция каучуковая листовая с покрытием Eurobatex Triplex 6мм; самоклеящаяся,Публічна картка товару Mizol; детальні параметри перевіряйте за посиланням,,https://mizol.ua/46072-teplouzolyacuya-kauchukovaya-lustovaya-s-pokrytuem-eurobatex-triplex-6mm-samokleyaschayasya
Теплоизоляция каучуковая листовая с покрытием Eurobatex Triplex32мм; самоклеящаяся,Теплоизоляция каучуковая листовая с покрытием Eurobatex Triplex32мм; самоклеящаяся,Публічна картка товару Mizol; детальні параметри перевіряйте за посиланням,,https://mizol.ua/55658-teplouzolyacuya-kauchukovaya-lustovaya-s-pokrytuem-eurobatex-triplex32mm-samokleyaschayasya
Теплоизоляция ПЭ для труб EcoLine G E-48/9,Теплоизоляция ПЭ для труб EcoLine G E-48/9,Публічна картка товару Mizol; детальні параметри перевіряйте за посиланням,,https://mizol.ua/48627-teplouzolyacuya-pe-dlya-trub-ecoline-g-e-489
Теплоизоляция ПЭ для труб EcoLine R 22/6 (10м),Теплоизоляция ПЭ для труб EcoLine R 22/6 (10м),Публічна картка товару Mizol; детальні параметри перевіряйте за посиланням,,https://mizol.ua/50520-teplouzolyacuya-pe-dlya-trub-ecoline-r-226-10m
Теплоизоляция ПЭ для труб EcoLine R 28/6 (10м),Теплоизоляция ПЭ для труб EcoLine R 28/6 (10м),Публічна картка товару Mizol; детальні параметри перевіряйте за посиланням,,https://mizol.ua/50521-teplouzolyacuya-pe-dlya-trub-ecoline-r-286-10m
Теплоизоляция ПЭ для труб EcoLine R C-18/6,Теплоизоляция ПЭ для труб EcoLine R C-18/6,Публічна картка товару Mizol; детальні параметри перевіряйте за посиланням,,https://mizol.ua/48614-teplouzolyacuya-pe-dlya-trub-ecoline-r-c-186
Теплоизоляция ПЭ для труб Thermacompact S E-15,Теплоизоляция ПЭ для труб Thermacompact S E-15,Публічна картка товару Mizol; детальні параметри перевіряйте за посиланням,,https://mizol.ua/2616-teplouzolyacuya-pe-dlya-trub-thermacompact-s-e-15
Теплоизоляция ПЭ для труб Thermacompact S J-15/13,Теплоизоляция ПЭ для труб Thermacompact S J-15/13,Публічна картка товару Mizol; детальні параметри перевіряйте за посиланням,,https://mizol.ua/13301-teplouzolyacuya-pe-dlya-trub-thermacompact-s-j-1513
Теплоизоляция ПЭ для труб Thermacompact S J-18/13,Теплоизоляция ПЭ для труб Thermacompact S J-18/13,Публічна картка товару Mizol; детальні параметри перевіряйте за посиланням,,https://mizol.ua/13302-teplouzolyacuya-pe-dlya-trub-thermacompact-s-j-1813
Теплоизоляция ПЭ для труб Thermacompact S J-28/13,Теплоизоляция ПЭ для труб Thermacompact S J-28/13,Публічна картка товару Mizol; детальні параметри перевіряйте за посиланням,,https://mizol.ua/16303-teplouzolyacuya-pe-dlya-trub-thermacompact-s-j-2813
Теплоизоляция ПЭ для труб Thermacompact S J-35/13,Теплоизоляция ПЭ для труб Thermacompact S J-35/13,Публічна картка товару Mizol; детальні параметри перевіряйте за посиланням,,https://mizol.ua/78868-teplouzolyacuya-pe-dlya-trub-thermacompact-s-j-3513
Теплоизоляция ПЭ для труб Thermacompact S J-42,Теплоизоляция ПЭ для труб Thermacompact S J-42,Публічна картка товару Mizol; детальні параметри перевіряйте за посиланням,,https://mizol.ua/55663-teplouzolyacuya-pe-dlya-trub-thermacompact-s-j-42
Теплоизоляция ПЭ для труб Thermaflex FRZ C-15/6,Теплоизоляция ПЭ для труб Thermaflex FRZ C-15/6,Публічна картка товару Mizol; детальні параметри перевіряйте за посиланням,,https://mizol.ua/2622-teplouzolyacuya-pe-dlya-trub-thermaflex-frz-c-156
Теплоизоляция ПЭ для труб Thermaflex FRZ E-15/9,Теплоизоляция ПЭ для труб Thermaflex FRZ E-15/9,Публічна картка товару Mizol; детальні параметри перевіряйте за посиланням,,https://mizol.ua/2628-teplouzolyacuya-pe-dlya-trub-thermaflex-frz-e-159
Теплоизоляция ПЭ для труб Thermaflex FRZ E-57/9,Теплоизоляция ПЭ для труб Thermaflex FRZ E-57/9,Публічна картка товару Mizol; детальні параметри перевіряйте за посиланням,,https://mizol.ua/2636-teplouzolyacuya-pe-dlya-trub-thermaflex-frz-e-579
Теплоизоляция ПЭ для труб Thermaflex FRZ J-114/13,Теплоизоляция ПЭ для труб Thermaflex FRZ J-114/13,Публічна картка товару Mizol; детальні параметри перевіряйте за посиланням,,https://mizol.ua/71985-teplouzolyacuya-pe-dlya-trub-thermaflex-frz-j-11413
Теплоизоляция ПЭ для труб Thermaflex FRZ J-15/13,Теплоизоляция ПЭ для труб Thermaflex FRZ J-15/13,Публічна картка товару Mizol; детальні параметри перевіряйте за посиланням,,https://mizol.ua/2643-teplouzolyacuya-pe-dlya-trub-thermaflex-frz-j-1513
Теплоизоляция ПЭ для труб Thermaflex FRZ J-28/13,Теплоизоляция ПЭ для труб Thermaflex FRZ J-28/13,Публічна картка товару Mizol; детальні параметри перевіряйте за посиланням,,https://mizol.ua/47902-teplouzolyacuya-pe-dlya-trub-thermaflex-frz-j-2813
Теплоизоляция ПЭ для труб Thermaflex FRZ J-42/13,Теплоизоляция ПЭ для труб Thermaflex FRZ J-42/13,Публічна картка товару Mizol; детальні параметри перевіряйте за посиланням,,https://mizol.ua/47900-teplouzolyacuya-pe-dlya-trub-thermaflex-frz-j-4213
Теплоизоляция ПЭ для труб Thermaflex FRZ J-57/13,Теплоизоляция ПЭ для труб Thermaflex FRZ J-57/13,Публічна картка товару Mizol; детальні параметри перевіряйте за посиланням,,https://mizol.ua/2651-teplouzolyacuya-pe-dlya-trub-thermaflex-frz-j-5713
Теплоизоляция ПЭ для труб Thermaflex FRZ J-63/13,Теплоизоляция ПЭ для труб Thermaflex FRZ J-63/13,Публічна картка товару Mizol; детальні параметри перевіряйте за посиланням,,https://mizol.ua/2653-teplouzolyacuya-pe-dlya-trub-thermaflex-frz-j-6313
Теплоизоляция ПЭ для труб Thermaflex FRZ J-63/13,Теплоизоляция ПЭ для труб Thermaflex FRZ J-63/13,Публічна картка товару Mizol; детальні параметри перевіряйте за посиланням,,https://mizol.ua/68833-teplouzolyacuya-pe-dlya-trub-thermaflex-frz-j-6313
Теплоизоляция ПЭ для труб Thermaflex FRZ J-70/13,Теплоизоляция ПЭ для труб Thermaflex FRZ J-70/13,Публічна картка товару Mizol; детальні параметри перевіряйте за посиланням,,https://mizol.ua/2654-teplouzolyacuya-pe-dlya-trub-thermaflex-frz-j-7013
Теплоизоляция ПЭ для труб Thermaflex FRZ J-76/13,Теплоизоляция ПЭ для труб Thermaflex FRZ J-76/13,Публічна картка товару Mizol; детальні параметри перевіряйте за посиланням,,https://mizol.ua/47896-teplouzolyacuya-pe-dlya-trub-thermaflex-frz-j-7613
Теплоизоляция ПЭ для труб Thermaflex FRZ N-102/20,Теплоизоляция ПЭ для труб Thermaflex FRZ N-102/20,Публічна картка товару Mizol; детальні параметри перевіряйте за посиланням,,https://mizol.ua/2657-teplouzolyacuya-pe-dlya-trub-thermaflex-frz-n-10220
Теплоизоляция ПЭ для труб Thermaflex FRZ N-108/20,Теплоизоляция ПЭ для труб Thermaflex FRZ N-108/20,Публічна картка товару Mizol; детальні параметри перевіряйте за посиланням,,https://mizol.ua/2658-teplouzolyacuya-pe-dlya-trub-thermaflex-frz-n-10820
Теплоизоляция ПЭ для труб Thermaflex FRZ N-114/20,Теплоизоляция ПЭ для труб Thermaflex FRZ N-114/20,Публічна картка товару Mizol; детальні параметри перевіряйте за посиланням,,https://mizol.ua/2659-teplouzolyacuya-pe-dlya-trub-thermaflex-frz-n-11420
Теплоизоляция ПЭ для труб Thermaflex FRZ N-15/20,Теплоизоляция ПЭ для труб Thermaflex FRZ N-15/20,Публічна картка товару Mizol; детальні параметри перевіряйте за посиланням,,https://mizol.ua/2660-teplouzolyacuya-pe-dlya-trub-thermaflex-frz-n-1520
Теплоизоляция ПЭ для труб Thermaflex FRZ N-28/20,Теплоизоляция ПЭ для труб Thermaflex FRZ N-28/20,Публічна картка товару Mizol; детальні параметри перевіряйте за посиланням,,https://mizol.ua/2663-teplouzolyacuya-pe-dlya-trub-thermaflex-frz-n-2820
Теплоизоляция ПЭ для труб Thermaflex FRZ N-35/20,Теплоизоляция ПЭ для труб Thermaflex FRZ N-35/20,Публічна картка товару Mizol; детальні параметри перевіряйте за посиланням,,https://mizol.ua/2664-teplouzolyacuya-pe-dlya-trub-thermaflex-frz-n-3520
Теплоизоляция ПЭ для труб Thermaflex FRZ N-42/20,Теплоизоляция ПЭ для труб Thermaflex FRZ N-42/20,Публічна картка товару Mizol; детальні параметри перевіряйте за посиланням,,https://mizol.ua/2665-teplouzolyacuya-pe-dlya-trub-thermaflex-frz-n-4220
Теплоизоляция ПЭ для труб Thermaflex FRZ N-54/20,Теплоизоляция ПЭ для труб Thermaflex FRZ N-54/20,Публічна картка товару Mizol; детальні параметри перевіряйте за посиланням,,https://mizol.ua/2667-teplouzolyacuya-pe-dlya-trub-thermaflex-frz-n-5420
Теплоизоляция ПЭ для труб Thermaflex FRZ N-57/20,Теплоизоляция ПЭ для труб Thermaflex FRZ N-57/20,Публічна картка товару Mizol; детальні параметри перевіряйте за посиланням,,https://mizol.ua/2668-teplouzolyacuya-pe-dlya-trub-thermaflex-frz-n-5720
Теплоизоляция ПЭ для труб Thermaflex FRZ N-63/20,Теплоизоляция ПЭ для труб Thermaflex FRZ N-63/20,Публічна картка товару Mizol; детальні параметри перевіряйте за посиланням,,https://mizol.ua/2670-teplouzolyacuya-pe-dlya-trub-thermaflex-frz-n-6320
Теплоизоляция ПЭ для труб Thermaflex FRZ N-70/20,Теплоизоляция ПЭ для труб Thermaflex FRZ N-70/20,Публічна картка товару Mizol; детальні параметри перевіряйте за посиланням,,https://mizol.ua/2671-teplouzolyacuya-pe-dlya-trub-thermaflex-frz-n-7020
Теплоизоляция ПЭ для труб Thermaflex FRZ N-76/20,Теплоизоляция ПЭ для труб Thermaflex FRZ N-76/20,Публічна картка товару Mizol; детальні параметри перевіряйте за посиланням,,https://mizol.ua/2672-teplouzolyacuya-pe-dlya-trub-thermaflex-frz-n-7620
Теплоизоляция ПЭ для труб Thermaflex FRZ P-102/25,Теплоизоляция ПЭ для труб Thermaflex FRZ P-102/25,Публічна картка товару Mizol; детальні параметри перевіряйте за посиланням,,https://mizol.ua/2674-teplouzolyacuya-pe-dlya-trub-thermaflex-frz-p-10225
Теплоизоляция ПЭ для труб Thermaflex FRZ P-114/25,Теплоизоляция ПЭ для труб Thermaflex FRZ P-114/25,Публічна картка товару Mizol; детальні параметри перевіряйте за посиланням,,https://mizol.ua/2676-teplouzolyacuya-pe-dlya-trub-thermaflex-frz-p-11425
Теплоизоляция ПЭ для труб Thermaflex FRZ P-18/25,Теплоизоляция ПЭ для труб Thermaflex FRZ P-18/25,Публічна картка товару Mizol; детальні параметри перевіряйте за посиланням,,https://mizol.ua/3396-teplouzolyacuya-pe-dlya-trub-thermaflex-frz-p-1825
Теплоизоляция ПЭ для труб Thermaflex FRZ P-22/25,Теплоизоляция ПЭ для труб Thermaflex FRZ P-22/25,Публічна картка товару Mizol; детальні параметри перевіряйте за посиланням,,https://mizol.ua/2678-teplouzolyacuya-pe-dlya-trub-thermaflex-frz-p-2225
Теплоизоляция ПЭ для труб Thermaflex FRZ P-28/25,Теплоизоляция ПЭ для труб Thermaflex FRZ P-28/25,Публічна картка товару Mizol; детальні параметри перевіряйте за посиланням,,https://mizol.ua/2679-teplouzolyacuya-pe-dlya-trub-thermaflex-frz-p-2825
Теплоизоляция ПЭ для труб Thermaflex FRZ P-54/25,Теплоизоляция ПЭ для труб Thermaflex FRZ P-54/25,Публічна картка товару Mizol; детальні параметри перевіряйте за посиланням,,https://mizol.ua/2683-teplouzolyacuya-pe-dlya-trub-thermaflex-frz-p-5425
Теплоизоляция ПЭ для труб Thermaflex FRZ P-57/25,Теплоизоляция ПЭ для труб Thermaflex FRZ P-57/25,Публічна картка товару Mizol; детальні параметри перевіряйте за посиланням,,https://mizol.ua/2684-teplouzolyacuya-pe-dlya-trub-thermaflex-frz-p-5725
Теплоизоляция ПЭ для труб Thermaflex FRZ P-60/25,Теплоизоляция ПЭ для труб Thermaflex FRZ P-60/25,Публічна картка товару Mizol; детальні параметри перевіряйте за посиланням,,https://mizol.ua/2685-teplouzolyacuya-pe-dlya-trub-thermaflex-frz-p-6025
Теплоизоляция ПЭ для труб Thermaflex FRZ P-63/25,Теплоизоляция ПЭ для труб Thermaflex FRZ P-63/25,Публічна картка товару Mizol; детальні параметри перевіряйте за посиланням,,https://mizol.ua/68839-teplouzolyacuya-pe-dlya-trub-thermaflex-frz-p-6325
Теплоизоляция ПЭ для труб Thermaflex FRZ P-76/25,Теплоизоляция ПЭ для труб Thermaflex FRZ P-76/25,Публічна картка товару Mizol; детальні параметри перевіряйте за посиланням,,https://mizol.ua/19368-teplouzolyacuya-pe-dlya-trub-thermaflex-frz-p-7625
Теплоизоляция ПЭ для труб Thermaflex FRZ P-89/25,Теплоизоляция ПЭ для труб Thermaflex FRZ P-89/25,Публічна картка товару Mizol; детальні параметри перевіряйте за посиланням,,https://mizol.ua/2688-teplouzolyacuya-pe-dlya-trub-thermaflex-frz-p-8925
Теплоизоляция ПЭ для труб Thermaflex FRZ S-114,Теплоизоляция ПЭ для труб Thermaflex FRZ S-114,Публічна картка товару Mizol; детальні параметри перевіряйте за посиланням,,https://mizol.ua/2690-teplouzolyacuya-pe-dlya-trub-thermaflex-frz-s-114
Теплоизоляция ПЭ для труб Thermaflex FRZ S-22,Теплоизоляция ПЭ для труб Thermaflex FRZ S-22,Публічна картка товару Mizol; детальні параметри перевіряйте за посиланням,,https://mizol.ua/3397-teplouzolyacuya-pe-dlya-trub-thermaflex-frz-s-22
Теплоизоляция ПЭ для труб Thermaflex FRZ S-28,Теплоизоляция ПЭ для труб Thermaflex FRZ S-28,Публічна картка товару Mizol; детальні параметри перевіряйте за посиланням,,https://mizol.ua/3398-teplouzolyacuya-pe-dlya-trub-thermaflex-frz-s-28
Теплоизоляция ПЭ для труб Thermaflex FRZ S-89,Теплоизоляция ПЭ для труб Thermaflex FRZ S-89,Публічна картка товару Mizol; детальні параметри перевіряйте за посиланням,,https://mizol.ua/3399-teplouzolyacuya-pe-dlya-trub-thermaflex-frz-s-89
Теплоизоляция ПЭ для труб Thermasmart PRO E-18/9,Теплоизоляция ПЭ для труб Thermasmart PRO E-18/9,Публічна картка товару Mizol; детальні параметри перевіряйте за посиланням,,https://mizol.ua/78850-teplouzolyacuya-pe-dlya-trub-thermasmart-pro-e-189
Теплоизоляция ПЭ для труб Thermasmart PRO E-22/9,Теплоизоляция ПЭ для труб Thermasmart PRO E-22/9,Публічна картка товару Mizol; детальні параметри перевіряйте за посиланням,,https://mizol.ua/82085-teplouzolyacuya-pe-dlya-trub-thermasmart-pro-e-229
Теплоизоляция ПЭ для труб Thermasmart PRO E-28/9,Теплоизоляция ПЭ для труб Thermasmart PRO E-28/9,Публічна картка товару Mizol; детальні параметри перевіряйте за посиланням,,https://mizol.ua/82086-teplouzolyacuya-pe-dlya-trub-thermasmart-pro-e-289
Теплоизоляция ПЭ для труб Thermasmart PRO E-35/9,Теплоизоляция ПЭ для труб Thermasmart PRO E-35/9,Публічна картка товару Mizol; детальні параметри перевіряйте за посиланням,,https://mizol.ua/82087-teplouzolyacuya-pe-dlya-trub-thermasmart-pro-e-359
Теплоизоляция ПЭ для труб Thermasmart PRO J-102/13,Теплоизоляция ПЭ для труб Thermasmart PRO J-102/13,Публічна картка товару Mizol; детальні параметри перевіряйте за посиланням,,https://mizol.ua/59751-teplouzolyacuya-pe-dlya-trub-thermasmart-pro-j-10213
Теплоизоляция ПЭ для труб Thermasmart PRO J-18/13,Теплоизоляция ПЭ для труб Thermasmart PRO J-18/13,Публічна картка товару Mizol; детальні параметри перевіряйте за посиланням,,https://mizol.ua/67871-teplouzolyacuya-pe-dlya-trub-thermasmart-pro-j-1813
Теплоизоляция ПЭ для труб Thermasmart PRO N-102/20,Теплоизоляция ПЭ для труб Thermasmart PRO N-102/20,Публічна картка товару Mizol; детальні параметри перевіряйте за посиланням,,https://mizol.ua/73851-teplouzolyacuya-pe-dlya-trub-thermasmart-pro-n-10220
Теплоизоляция ПЭ для труб Thermasmart PRO N-114/20,Теплоизоляция ПЭ для труб Thermasmart PRO N-114/20,Публічна картка товару Mizol; детальні параметри перевіряйте за посиланням,,https://mizol.ua/68836-teplouzolyacuya-pe-dlya-trub-thermasmart-pro-n-11420
Теплоизоляция ПЭ для труб Thermasmart PRO N-18/20,Теплоизоляция ПЭ для труб Thermasmart PRO N-18/20,Публічна картка товару Mizol; детальні параметри перевіряйте за посиланням,,https://mizol.ua/73845-teplouzolyacuya-pe-dlya-trub-thermasmart-pro-n-1820
Теплоизоляция ПЭ для труб Thermasmart PRO N-35/20,Теплоизоляция ПЭ для труб Thermasmart PRO N-35/20,Публічна картка товару Mizol; детальні параметри перевіряйте за посиланням,,https://mizol.ua/73846-teplouzolyacuya-pe-dlya-trub-thermasmart-pro-n-3520
Теплоизоляция ПЭ для труб Thermasmart PRO N-42/20,Теплоизоляция ПЭ для труб Thermasmart PRO N-42/20,Публічна картка товару Mizol; детальні параметри перевіряйте за посиланням,,https://mizol.ua/73848-teplouzolyacuya-pe-dlya-trub-thermasmart-pro-n-4220
Теплоизоляция ПЭ для труб Thermasmart PRO N-54/20,Теплоизоляция ПЭ для труб Thermasmart PRO N-54/20,Публічна картка товару Mizol; детальні параметри перевіряйте за посиланням,,https://mizol.ua/73849-teplouzolyacuya-pe-dlya-trub-thermasmart-pro-n-5420
Теплоизоляция ПЭ для труб Thermasmart PRO N-63/20,Теплоизоляция ПЭ для труб Thermasmart PRO N-63/20,Публічна картка товару Mizol; детальні параметри перевіряйте за посиланням,,https://mizol.ua/73850-teplouzolyacuya-pe-dlya-trub-thermasmart-pro-n-6320
Теплоизоляция ПЭ для труб Thermasmart PRO N-89/20,Теплоизоляция ПЭ для труб Thermasmart PRO N-89/20,Публічна картка товару Mizol; детальні параметри перевіряйте за посиланням,,https://mizol.ua/68835-teplouzolyacuya-pe-dlya-trub-thermasmart-pro-n-8920
Теплоизоляция ПЭ для труб Thermasmart PRO S-22/30,Теплоизоляция ПЭ для труб Thermasmart PRO S-22/30,Публічна картка товару Mizol; детальні параметри перевіряйте за посиланням,,https://mizol.ua/65709-teplouzolyacuya-pe-dlya-trub-thermasmart-pro-s-2230
Теплоизоляция ПЭ для труб Thermasmart PRO S-28/30,Теплоизоляция ПЭ для труб Thermasmart PRO S-28/30,Публічна картка товару Mizol; детальні параметри перевіряйте за посиланням,,https://mizol.ua/65710-teplouzolyacuya-pe-dlya-trub-thermasmart-pro-s-2830
Теплоизоляция ПЭ для труб Thermasmart PRO S-54/30,Теплоизоляция ПЭ для труб Thermasmart PRO S-54/30,Публічна картка товару Mizol; детальні параметри перевіряйте за посиланням,,https://mizol.ua/65712-teplouzolyacuya-pe-dlya-trub-thermasmart-pro-s-5430
Теплоизоляция ПЭ для труб Thermasmart PRO S-63/30,Теплоизоляция ПЭ для труб Thermasmart PRO S-63/30,Публічна картка товару Mizol; детальні параметри перевіряйте за посиланням,,https://mizol.ua/68834-teplouzolyacuya-pe-dlya-trub-thermasmart-pro-s-6330
Теплоизоляция ПЭ для труб Thermasmart PRO S-63/30,Теплоизоляция ПЭ для труб Thermasmart PRO S-63/30,Публічна картка товару Mizol; детальні параметри перевіряйте за посиланням,,https://mizol.ua/65713-teplouzolyacuya-pe-dlya-trub-thermasmart-pro-s-6330
Теплоизоляция ПЭ листовая ThermaSmart PRO 10мм,Теплоизоляция ПЭ листовая ThermaSmart PRO 10мм,Публічна картка товару Mizol; детальні параметри перевіряйте за посиланням,,https://mizol.ua/71459-teplouzolyacuya-pe-lustovaya-thermasmart-pro-10mm
Теплоизоляция ПЭ листовая ThermaSmart PRO 19мм,Теплоизоляция ПЭ листовая ThermaSmart PRO 19мм,Публічна картка товару Mizol; детальні параметри перевіряйте за посиланням,,https://mizol.ua/71460-teplouzolyacuya-pe-lustovaya-thermasmart-pro-19mm
Террасная/балконная воронка из полиуретана SitaCompact угловая с ПВХ-фартуком (диаметр 75 мм),Террасная/балконная воронка из полиуретана SitaCompact угловая с ПВХ-фартуком (диаметр 75 мм),Публічна картка товару Mizol; детальні параметри перевіряйте за посиланням,,https://mizol.ua/112581-terrasnayabalkonnaya-voronka-uz-poluuretana-sitacompact-uglovaya-s-pvh-fartukom-duametr-75-mm
ТПО-мембрана Soprema Flagon EP/PR 1.2 мм; армированная; с УФ; 2;10х25 м,мембрана,Публічна картка товару Mizol; детальні параметри перевіряйте за посиланням,,https://mizol.ua/236802-tpo-membrana-soprema-flagon-eppr-12-mm-armurovannaya-s-uf-210h25-m
ТПО-мембрана Soprema Flagon EP/PR 1.5 мм; армированная; с УФ; 2;10х20 м,мембрана,Публічна картка товару Mizol; детальні параметри перевіряйте за посиланням,,https://mizol.ua/236801-tpo-membrana-soprema-flagon-eppr-15-mm-armurovannaya-s-uf-210h20-m
Трійник d110/110/45°,Трійник d110/110/45°,Публічна картка товару Mizol; детальні параметри перевіряйте за посиланням,,https://mizol.ua/11579-triynuk-d11011045-
Трійник d110/110/45° SN8,Трійник d110/110/45° SN8,Публічна картка товару Mizol; детальні параметри перевіряйте за посиланням,,https://mizol.ua/12389-triynuk-d11011045--sn8
Трійник d110/110/67° SN8,Трійник d110/110/67° SN8,Публічна картка товару Mizol; детальні параметри перевіряйте за посиланням,,https://mizol.ua/56183-triynuk-d11011067--sn8
Трійник d110/110/87°,Трійник d110/110/87°,Публічна картка товару Mizol; детальні параметри перевіряйте за посиланням,,https://mizol.ua/11581-triynuk-d11011087-
Трійник d110/110/87° SN8,Трійник d110/110/87° SN8,Публічна картка товару Mizol; детальні параметри перевіряйте за посиланням,,https://mizol.ua/12157-triynuk-d11011087--sn8
Трійник d110/50/45°,Трійник d110/50/45°,Публічна картка товару Mizol; детальні параметри перевіряйте за посиланням,,https://mizol.ua/11576-triynuk-d1105045-
Трійник d110/50/87°,Трійник d110/50/87°,Публічна картка товару Mizol; детальні параметри перевіряйте за посиланням,,https://mizol.ua/11578-triynuk-d1105087-
Трійник d160/110/45° SN8,Трійник d160/110/45° SN8,Публічна картка товару Mizol; детальні параметри перевіряйте за посиланням,,https://mizol.ua/12154-triynuk-d16011045--sn8
Трійник d160/110/87° SN8,Трійник d160/110/87° SN8,Публічна картка товару Mizol; детальні параметри перевіряйте за посиланням,,https://mizol.ua/12864-triynuk-d16011087--sn8
Трійник d160/160/45° SN8,Трійник d160/160/45° SN8,Публічна картка товару Mizol; детальні параметри перевіряйте за посиланням,,https://mizol.ua/12155-triynuk-d16016045--sn8
Трійник d160/160/87° SN8,Трійник d160/160/87° SN8,Публічна картка товару Mizol; детальні параметри перевіряйте за посиланням,,https://mizol.ua/12156-triynuk-d16016087--sn8
Трійник d32/32/45°,Трійник d32/32/45°,Публічна картка товару Mizol; детальні параметри перевіряйте за посиланням,,https://mizol.ua/14143-triynuk-d323245-
Трійник d32/32/87°,Трійник d32/32/87°,Публічна картка товару Mizol; детальні параметри перевіряйте за посиланням,,https://mizol.ua/16769-triynuk-d323287-
Трійник d50/50/45°,Трійник d50/50/45°,Публічна картка товару Mizol; детальні параметри перевіряйте за посиланням,,https://mizol.ua/11573-triynuk-d505045-
Трійник d50/50/87°,Трійник d50/50/87°,Публічна картка товару Mizol; детальні параметри перевіряйте за посиланням,,https://mizol.ua/11575-triynuk-d505087-
Труба d110 x 2;7 x 1000,труба,Публічна картка товару Mizol; детальні параметри перевіряйте за посиланням,,https://mizol.ua/11568-truba-d110-x-27-x-1000
Труба d110 x 2;7 x 2000,труба,Публічна картка товару Mizol; детальні параметри перевіряйте за посиланням,,https://mizol.ua/11567-truba-d110-x-27-x-2000
Труба d110 x 2;7 x 250,труба,Публічна картка товару Mizol; детальні параметри перевіряйте за посиланням,,https://mizol.ua/11572-truba-d110-x-27-x-250
Труба d110 x 2;7 x 3000,труба,Публічна картка товару Mizol; детальні параметри перевіряйте за посиланням,,https://mizol.ua/11566-truba-d110-x-27-x-3000
Труба d110 x 2;7 x 315,труба,Публічна картка товару Mizol; детальні параметри перевіряйте за посиланням,,https://mizol.ua/11571-truba-d110-x-27-x-315
Труба d110 x 2;7 x 500,труба,Публічна картка товару Mizol; детальні параметри перевіряйте за посиланням,,https://mizol.ua/11570-truba-d110-x-27-x-500
Труба d110 x 3;2 x 1000 SN8,труба,Публічна картка товару Mizol; детальні параметри перевіряйте за посиланням,,https://mizol.ua/12147-truba-d110-x-32-x-1000-sn8
Труба d110 x 3;2 x 2000 SN8,труба,Публічна картка товару Mizol; детальні параметри перевіряйте за посиланням,,https://mizol.ua/12146-truba-d110-x-32-x-2000-sn8
Труба d110 x 3;2 x 3000 SN8,труба,Публічна картка товару Mizol; детальні параметри перевіряйте за посиланням,,https://mizol.ua/12145-truba-d110-x-32-x-3000-sn8
Труба d110 x 3;2 x 6000 SN8,труба,Публічна картка товару Mizol; детальні параметри перевіряйте за посиланням,,https://mizol.ua/12144-truba-d110-x-32-x-6000-sn8
Труба d160 x 3;2 x 2000 SN2,труба,Публічна картка товару Mizol; детальні параметри перевіряйте за посиланням,,https://mizol.ua/12741-truba-d160-x-32-x-2000-sn2
Труба d160 x 3;2 x3000 SN2,труба,Публічна картка товару Mizol; детальні параметри перевіряйте за посиланням,,https://mizol.ua/16924-truba-d160-x-32-x3000-sn2
Труба d160 x 4;7 x 1000 SN8,труба,Публічна картка товару Mizol; детальні параметри перевіряйте за посиланням,,https://mizol.ua/12584-truba-d160-x-47-x-1000-sn8
Труба d160 x 4;7 x 2000 SN8,труба,Публічна картка товару Mizol; детальні параметри перевіряйте за посиланням,,https://mizol.ua/12585-truba-d160-x-47-x-2000-sn8
Труба d160 x 4;7 x 3000 SN8,труба,Публічна картка товару Mizol; детальні параметри перевіряйте за посиланням,,https://mizol.ua/12586-truba-d160-x-47-x-3000-sn8
Труба d160 х 3;2 х 1000 SN2,труба,Публічна картка товару Mizol; детальні параметри перевіряйте за посиланням,,https://mizol.ua/13418-truba-d160-h-32-h-1000-sn2
Труба d160 х 3;2 х 500 SN2,труба,Публічна картка товару Mizol; детальні параметри перевіряйте за посиланням,,https://mizol.ua/39894-truba-d160-h-32-h-500-sn2
Труба d200 x 3;9 x 1000 SN2,труба,Публічна картка товару Mizol; детальні параметри перевіряйте за посиланням,,https://mizol.ua/22952-truba-d200-x-39-x-1000-sn2
Труба d200 x 3;9 x 2000 SN2,труба,Публічна картка товару Mizol; детальні параметри перевіряйте за посиланням,,https://mizol.ua/17167-truba-d200-x-39-x-2000-sn2
Труба d200 x 3;9 x 3000 SN2,труба,Публічна картка товару Mizol; детальні параметри перевіряйте за посиланням,,https://mizol.ua/17166-truba-d200-x-39-x-3000-sn2
Труба d32 x 1;8 x 250,труба,Публічна картка товару Mizol; детальні параметри перевіряйте за посиланням,,https://mizol.ua/17748-truba-d32-x-18-x-250
Труба d32 x 1;8 x 315,труба,Публічна картка товару Mizol; детальні параметри перевіряйте за посиланням,,https://mizol.ua/17749-truba-d32-x-18-x-315
Труба d32 x 1;8 x 500,труба,Публічна картка товару Mizol; детальні параметри перевіряйте за посиланням,,https://mizol.ua/14138-truba-d32-x-18-x-500
Труба d50 x 1;8 x 1000,труба,Публічна картка товару Mizol; детальні параметри перевіряйте за посиланням,,https://mizol.ua/11559-truba-d50-x-18-x-1000
Труба d50 x 1;8 x 2000,труба,Публічна картка товару Mizol; детальні параметри перевіряйте за посиланням,,https://mizol.ua/11558-truba-d50-x-18-x-2000
Труба d50 x 1;8 x 250,труба,Публічна картка товару Mizol; детальні параметри перевіряйте за посиланням,,https://mizol.ua/11563-truba-d50-x-18-x-250
Труба d50 x 1;8 x 315,труба,Публічна картка товару Mizol; детальні параметри перевіряйте за посиланням,,https://mizol.ua/11562-truba-d50-x-18-x-315
Труба d50 x 1;8 x 500,труба,Публічна картка товару Mizol; детальні параметри перевіряйте за посиланням,,https://mizol.ua/11561-truba-d50-x-18-x-500
Труба водосточная 3м Regenau 100 белая,водостічна система,Публічна картка товару Mizol; детальні параметри перевіряйте за посиланням,,https://mizol.ua/166046-truba-vodostochnaya-3m-regenau-100-belaya
Труба водосточная 3м Regenau 80 графит,водостічна система,Публічна картка товару Mizol; детальні параметри перевіряйте за посиланням,,https://mizol.ua/166044-truba-vodostochnaya-3m-regenau-80-grafut
Труба подъемная (для кинета) гофрированная d315х1000мм,труба,Публічна картка товару Mizol; детальні параметри перевіряйте за посиланням,,https://mizol.ua/17473-truba-podyemnaya-dlya-kuneta-gofrurovannaya-d315h1000mm
Угол универсальный KERRAFRONT FS-222 Anthracite 3 м,Угол универсальный KERRAFRONT FS-222 Anthracite 3 м,Публічна картка товару Mizol; детальні параметри перевіряйте за посиланням,,https://mizol.ua/68801-ugol-unuversalynyy-kerrafront-fs-222-anthracite-3-m
Угол универсальный KERRAFRONT FS-222 Beige 3 м,Угол универсальный KERRAFRONT FS-222 Beige 3 м,Публічна картка товару Mizol; детальні параметри перевіряйте за посиланням,,https://mizol.ua/78371-ugol-unuversalynyy-kerrafront-fs-222-beige-3-m
Угол универсальный KERRAFRONT FS-222 Creme 3 м,Угол универсальный KERRAFRONT FS-222 Creme 3 м,Публічна картка товару Mizol; детальні параметри перевіряйте за посиланням,,https://mizol.ua/63707-ugol-unuversalynyy-kerrafront-fs-222-creme-3-m
Угол универсальный KERRAFRONT FS-222 Grey 3 м,Угол универсальный KERRAFRONT FS-222 Grey 3 м,Публічна картка товару Mizol; детальні параметри перевіряйте за посиланням,,https://mizol.ua/78367-ugol-unuversalynyy-kerrafront-fs-222-grey-3-m
Угол универсальный KERRAFRONT FS-222 Ivory 3 м,Угол универсальный KERRAFRONT FS-222 Ivory 3 м,Публічна картка товару Mizol; детальні параметри перевіряйте за посиланням,,https://mizol.ua/78372-ugol-unuversalynyy-kerrafront-fs-222-ivory-3-m
Угол универсальный KERRAFRONT FS-222 Light Grey 3 м,Угол универсальный KERRAFRONT FS-222 Light Grey 3 м,Публічна картка товару Mizol; детальні параметри перевіряйте за посиланням,,https://mizol.ua/68766-ugol-unuversalynyy-kerrafront-fs-222-light-grey-3-m
Угол универсальный KERRAFRONT FS-222 Mastic 3 м,Угол универсальный KERRAFRONT FS-222 Mastic 3 м,Публічна картка товару Mizol; детальні параметри перевіряйте за посиланням,,https://mizol.ua/78369-ugol-unuversalynyy-kerrafront-fs-222-mastic-3-m
Угол универсальный KERRAFRONT FS-222 Olive 3 м,Угол универсальный KERRAFRONT FS-222 Olive 3 м,Публічна картка товару Mizol; детальні параметри перевіряйте за посиланням,,https://mizol.ua/78366-ugol-unuversalynyy-kerrafront-fs-222-olive-3-m
Угол универсальный KERRAFRONT FS-222 Pearl Grey 3 м,Угол универсальный KERRAFRONT FS-222 Pearl Grey 3 м,Публічна картка товару Mizol; детальні параметри перевіряйте за посиланням,,https://mizol.ua/72200-ugol-unuversalynyy-kerrafront-fs-222-pearl-grey-3-m
Угол универсальный KERRAFRONT FS-222 Quartz Grey 3 м,Угол универсальный KERRAFRONT FS-222 Quartz Grey 3 м,Публічна картка товару Mizol; детальні параметри перевіряйте за посиланням,,https://mizol.ua/78368-ugol-unuversalynyy-kerrafront-fs-222-quartz-grey-3-m
Утеплитель Isover EKO 100 мм (9;6 кв.м/рул. 24 уп/пал),теплоізоляція,Публічна картка товару Mizol; детальні параметри перевіряйте за посиланням,,https://mizol.ua/155664-uteplutely-isover-eko-100-mm-96-kvmrul-24-uppal
Утеплитель ISOVER RIO Plus 50+50 (16.8 м.кв./уп. 30 уп./пал.),теплоізоляція,Публічна картка товару Mizol; детальні параметри перевіряйте за посиланням,,https://mizol.ua/154183-uteplutely-isover-rio-plus-5050-168-mkvup-30-uppal
Хомут (держатель) для труб d110; пластиковий,Хомут (держатель) для труб d110; пластиковий,Публічна картка товару Mizol; детальні параметри перевіряйте за посиланням,,https://mizol.ua/11603-homut-derghately-dlya-trub-d110-plastukovuy
Хомут (держатель) для труб d32; пластиковий,Хомут (держатель) для труб d32; пластиковий,Публічна картка товару Mizol; детальні параметри перевіряйте за посиланням,,https://mizol.ua/18860-homut-derghately-dlya-trub-d32-plastukovuy
Хомут (держатель) для труб d50; пластиковий,Хомут (держатель) для труб d50; пластиковий,Публічна картка товару Mizol; детальні параметри перевіряйте за посиланням,,https://mizol.ua/11602-homut-derghately-dlya-trub-d50-plastukovuy
Цементно-стружкова плита ArmoPlit 1550х1250х8мм,Цементно-стружкова плита ArmoPlit 1550х1250х8мм,Публічна картка товару Mizol; детальні параметри перевіряйте за посиланням,,https://mizol.ua/205381-cementno-strughkova-pluta-armoplit-1550h1250h8mm
Цилиндр из мин.ваты Paroc Hvac Section с покрытием AluCoat 018/30,Цилиндр из мин.ваты Paroc Hvac Section с покрытием AluCoat 018/30,Публічна картка товару Mizol; детальні параметри перевіряйте за посиланням,,https://mizol.ua/12640-culundr-uz-munvaty-paroc-hvac-section-s-pokrytuem-alucoat-01830
Цилиндр из мин.ваты Paroc Hvac Section с покрытием AluCoat 042/20,Цилиндр из мин.ваты Paroc Hvac Section с покрытием AluCoat 042/20,Публічна картка товару Mizol; детальні параметри перевіряйте за посиланням,,https://mizol.ua/11534-culundr-uz-munvaty-paroc-hvac-section-s-pokrytuem-alucoat-04220
Цилиндр из мин.ваты Paroc Hvac Section с покрытием AluCoat 057/30,Цилиндр из мин.ваты Paroc Hvac Section с покрытием AluCoat 057/30,Публічна картка товару Mizol; детальні параметри перевіряйте за посиланням,,https://mizol.ua/15002-culundr-uz-munvaty-paroc-hvac-section-s-pokrytuem-alucoat-05730
Цилиндр из мин.ваты Paroc Hvac Section с покрытием AluCoat 076/50,Цилиндр из мин.ваты Paroc Hvac Section с покрытием AluCoat 076/50,Публічна картка товару Mizol; детальні параметри перевіряйте за посиланням,,https://mizol.ua/11359-culundr-uz-munvaty-paroc-hvac-section-s-pokrytuem-alucoat-07650
Цилиндрический фартух для труб ПВХ Flagon диаметром 80 мм,Цилиндрический фартух для труб ПВХ Flagon диаметром 80 мм,Публічна картка товару Mizol; детальні параметри перевіряйте за посиланням,,https://mizol.ua/45239-culundrucheskuy-fartuh-dlya-trub-pvh-flagon-duametrom-80-mm
Чердачная лестница Oman Alu Profi Extra (130x55) H280,Чердачная лестница Oman Alu Profi Extra (130x55) H280,Публічна картка товару Mizol; детальні параметри перевіряйте за посиланням,,https://mizol.ua/47937-cherdachnaya-lestnuca-oman-alu-profi-extra-130x55-h280
Чердачная лестница Oman Alu Profi Extra (130x60) H280,Чердачная лестница Oman Alu Profi Extra (130x60) H280,Публічна картка товару Mizol; детальні параметри перевіряйте за посиланням,,https://mizol.ua/3744-cherdachnaya-lestnuca-oman-alu-profi-extra-130x60-h280
Чердачная лестница Oman Alu Profi Extra (140x55) H280,Чердачная лестница Oman Alu Profi Extra (140x55) H280,Публічна картка товару Mizol; детальні параметри перевіряйте за посиланням,,https://mizol.ua/47938-cherdachnaya-lestnuca-oman-alu-profi-extra-140x55-h280
Чердачная лестница Oman Alu Profi Extra (140x60) H280,Чердачная лестница Oman Alu Profi Extra (140x60) H280,Публічна картка товару Mizol; детальні параметри перевіряйте за посиланням,,https://mizol.ua/47939-cherdachnaya-lestnuca-oman-alu-profi-extra-140x60-h280
Чердачная лестница Oman Alu Profi Extra (140x70) H280,Чердачная лестница Oman Alu Profi Extra (140x70) H280,Публічна картка товару Mizol; детальні параметри перевіряйте за посиланням,,https://mizol.ua/47940-cherdachnaya-lestnuca-oman-alu-profi-extra-140x70-h280
Чердачная лестница Oman Extra (110x55) H280,Чердачная лестница Oman Extra (110x55) H280,Публічна картка товару Mizol; детальні параметри перевіряйте за посиланням,,https://mizol.ua/47943-cherdachnaya-lestnuca-oman-extra-110x55-h280
Чердачная лестница Oman Extra (110x60) H280,Чердачная лестница Oman Extra (110x60) H280,Публічна картка товару Mizol; детальні параметри перевіряйте за посиланням,,https://mizol.ua/47944-cherdachnaya-lestnuca-oman-extra-110x60-h280
Чердачная лестница Oman Extra (110x70) H280,Чердачная лестница Oman Extra (110x70) H280,Публічна картка товару Mizol; детальні параметри перевіряйте за посиланням,,https://mizol.ua/19713-cherdachnaya-lestnuca-oman-extra-110x70-h280
Чердачная лестница Oman Extra (120x55) H280,Чердачная лестница Oman Extra (120x55) H280,Публічна картка товару Mizol; детальні параметри перевіряйте за посиланням,,https://mizol.ua/47945-cherdachnaya-lestnuca-oman-extra-120x55-h280
Чердачная лестница Oman Extra (120x60) H280,Чердачная лестница Oman Extra (120x60) H280,Публічна картка товару Mizol; детальні параметри перевіряйте за посиланням,,https://mizol.ua/495-cherdachnaya-lestnuca-oman-extra-120x60-h280
Чердачная лестница Oman Extra (130x55) H280,Чердачная лестница Oman Extra (130x55) H280,Публічна картка товару Mizol; детальні параметри перевіряйте за посиланням,,https://mizol.ua/47946-cherdachnaya-lestnuca-oman-extra-130x55-h280
Чердачная лестница Oman Extra (130x60) H280,Чердачная лестница Oman Extra (130x60) H280,Публічна картка товару Mizol; детальні параметри перевіряйте за посиланням,,https://mizol.ua/47947-cherdachnaya-lestnuca-oman-extra-130x60-h280
Чердачная лестница Oman Extra (130x70) H280,Чердачная лестница Oman Extra (130x70) H280,Публічна картка товару Mizol; детальні параметри перевіряйте за посиланням,,https://mizol.ua/47948-cherdachnaya-lestnuca-oman-extra-130x70-h280
Чердачная лестница Oman Extra (140x55) H280,Чердачная лестница Oman Extra (140x55) H280,Публічна картка товару Mizol; детальні параметри перевіряйте за посиланням,,https://mizol.ua/47949-cherdachnaya-lestnuca-oman-extra-140x55-h280
Чердачная лестница Oman Extra (140x60) H280,Чердачная лестница Oman Extra (140x60) H280,Публічна картка товару Mizol; детальні параметри перевіряйте за посиланням,,https://mizol.ua/47950-cherdachnaya-lestnuca-oman-extra-140x60-h280
Чердачная лестница Oman Extra (140x70) H280,Чердачная лестница Oman Extra (140x70) H280,Публічна картка товару Mizol; детальні параметри перевіряйте за посиланням,,https://mizol.ua/47951-cherdachnaya-lestnuca-oman-extra-140x70-h280
Чердачная лестница Oman Flex Polar (120x70) H290,Чердачная лестница Oman Flex Polar (120x70) H290,Публічна картка товару Mizol; детальні параметри перевіряйте за посиланням,,https://mizol.ua/52187-cherdachnaya-lestnuca-oman-flex-polar-120x70-h290
Чердачная лестница Oman Flex Termo (100x60)H290,Чердачная лестница Oman Flex Termo (100x60)H290,Публічна картка товару Mizol; детальні параметри перевіряйте за посиланням,,https://mizol.ua/3756-cherdachnaya-lestnuca-oman-flex-termo-100x60h290
Чердачная лестница Oman Flex Termo (100x70) H290,Чердачная лестница Oman Flex Termo (100x70) H290,Публічна картка товару Mizol; детальні параметри перевіряйте за посиланням,,https://mizol.ua/45898-cherdachnaya-lestnuca-oman-flex-termo-100x70-h290
Чердачная лестница Oman Flex Termo (70x70) H290,Чердачная лестница Oman Flex Termo (70x70) H290,Публічна картка товару Mizol; детальні параметри перевіряйте за посиланням,,https://mizol.ua/514-cherdachnaya-lestnuca-oman-flex-termo-70x70-h290
Чердачная лестница Oman Flex Termo Metal Box (120x70) H290,Чердачная лестница Oman Flex Termo Metal Box (120x70) H290,Публічна картка товару Mizol; детальні параметри перевіряйте за посиланням,,https://mizol.ua/506-cherdachnaya-lestnuca-oman-flex-termo-metal-box-120x70-h290
Чердачная лестница Oman Flex Termo Metal Box (80x70) H290,Чердачная лестница Oman Flex Termo Metal Box (80x70) H290,Публічна картка товару Mizol; детальні параметри перевіряйте за посиланням,,https://mizol.ua/508-cherdachnaya-lestnuca-oman-flex-termo-metal-box-80x70-h290
Чердачная лестница Oman Komfort (120x70) H280,Чердачная лестница Oman Komfort (120x70) H280,Публічна картка товару Mizol; детальні параметри перевіряйте за посиланням,,https://mizol.ua/87399-cherdachnaya-lestnuca-oman-komfort-120x70-h280
Чердачная лестница Oman Long Extra (120x60) H335,Чердачная лестница Oman Long Extra (120x60) H335,Публічна картка товару Mizol; детальні параметри перевіряйте за посиланням,,https://mizol.ua/48082-cherdachnaya-lestnuca-oman-long-extra-120x60-h335
Чердачная лестница Oman Long Extra (120x70) H335,Чердачная лестница Oman Long Extra (120x70) H335,Публічна картка товару Mizol; детальні параметри перевіряйте за посиланням,,https://mizol.ua/87398-cherdachnaya-lestnuca-oman-long-extra-120x70-h335
Чердачная лестница Oman Long Flex Termo (80x70) H310,Чердачная лестница Oman Long Flex Termo (80x70) H310,Публічна картка товару Mizol; детальні параметри перевіряйте за посиланням,,https://mizol.ua/48087-cherdachnaya-lestnuca-oman-long-flex-termo-80x70-h310
Чердачная лестница Oman Long Termo PS (120x55) H330,Чердачная лестница Oman Long Termo PS (120x55) H330,Публічна картка товару Mizol; детальні параметри перевіряйте за посиланням,,https://mizol.ua/281439-cherdachnaya-lestnuca-oman-long-termo-ps-120x55-h330
Чердачная лестница Oman Maxi (120x70) H280,Чердачная лестница Oman Maxi (120x70) H280,Публічна картка товару Mizol; детальні параметри перевіряйте за посиланням,,https://mizol.ua/48014-cherdachnaya-lestnuca-oman-maxi-120x70-h280
Чердачная лестница Oman Mini Extra (80x60)H260,Чердачная лестница Oman Mini Extra (80x60)H260,Публічна картка товару Mizol; детальні параметри перевіряйте за посиланням,,https://mizol.ua/48018-cherdachnaya-lestnuca-oman-mini-extra-80x60h260
Чердачная лестница Oman Mini Extra (80x70)H260,Чердачная лестница Oman Mini Extra (80x70)H260,Публічна картка товару Mizol; детальні параметри перевіряйте за посиланням,,https://mizol.ua/37591-cherdachnaya-lestnuca-oman-mini-extra-80x70h260
Чердачная лестница Oman Mini Extra (90x60) H265,Чердачная лестница Oman Mini Extra (90x60) H265,Публічна картка товару Mizol; детальні параметри перевіряйте за посиланням,,https://mizol.ua/48020-cherdachnaya-lestnuca-oman-mini-extra-90x60-h265
Чердачная лестница Oman Mini Extra (90x70) H265,Чердачная лестница Oman Mini Extra (90x70) H265,Публічна картка товару Mizol; детальні параметри перевіряйте за посиланням,,https://mizol.ua/48021-cherdachnaya-lestnuca-oman-mini-extra-90x70-h265
Чердачная лестница Oman Mini Polar (90x50) H265,Чердачная лестница Oman Mini Polar (90x50) H265,Публічна картка товару Mizol; детальні параметри перевіряйте за посиланням,,https://mizol.ua/50569-cherdachnaya-lestnuca-oman-mini-polar-90x50-h265
Чердачная лестница Oman Mini Polar (90x60) H265,Чердачная лестница Oman Mini Polar (90x60) H265,Публічна картка товару Mizol; детальні параметри перевіряйте за посиланням,,https://mizol.ua/48035-cherdachnaya-lestnuca-oman-mini-polar-90x60-h265
Чердачная лестница Oman Mini Termo (100x60) H265,Чердачная лестница Oman Mini Termo (100x60) H265,Публічна картка товару Mizol; детальні параметри перевіряйте за посиланням,,https://mizol.ua/501-cherdachnaya-lestnuca-oman-mini-termo-100x60-h265
Чердачная лестница Oman Polar Plus (120x60),Чердачная лестница Oman Polar Plus (120x60),Публічна картка товару Mizol; детальні параметри перевіряйте за посиланням,,https://mizol.ua/59228-cherdachnaya-lestnuca-oman-polar-plus-120x60
Чердачная лестница Oman Polar Z2 (120x60) H280,Чердачная лестница Oman Polar Z2 (120x60) H280,Публічна картка товару Mizol; детальні параметри перевіряйте за посиланням,,https://mizol.ua/136728-cherdachnaya-lestnuca-oman-polar-z2-120x60-h280
Чердачная лестница Oman Polar Z2 (120x70) H280,Чердачная лестница Oman Polar Z2 (120x70) H280,Публічна картка товару Mizol; детальні параметри перевіряйте за посиланням,,https://mizol.ua/71054-cherdachnaya-lestnuca-oman-polar-z2-120x70-h280
Чердачная лестница Oman Prima (110x60),Чердачная лестница Oman Prima (110x60),Публічна картка товару Mizol; детальні параметри перевіряйте за посиланням,,https://mizol.ua/87400-cherdachnaya-lestnuca-oman-prima-110x60
Чердачная лестница Oman Prima (110x70) H280,Чердачная лестница Oman Prima (110x70) H280,Публічна картка товару Mizol; детальні параметри перевіряйте за посиланням,,https://mizol.ua/15480-cherdachnaya-lestnuca-oman-prima-110x70-h280
Чердачная лестница Oman Solid Extra (120x70) H280,Чердачная лестница Oman Solid Extra (120x70) H280,Публічна картка товару Mizol; детальні параметри перевіряйте за посиланням,,https://mizol.ua/48049-cherdachnaya-lestnuca-oman-solid-extra-120x70-h280
Чердачная лестница Oman Solid Polar (120x70) H280,Чердачная лестница Oman Solid Polar (120x70) H280,Публічна картка товару Mizol; детальні параметри перевіряйте за посиланням,,https://mizol.ua/48070-cherdachnaya-lestnuca-oman-solid-polar-120x70-h280
Чердачная лестница Oman Stallux Termo (110x60) H280,Чердачная лестница Oman Stallux Termo (110x60) H280,Публічна картка товару Mizol; детальні параметри перевіряйте за посиланням,,https://mizol.ua/24244-cherdachnaya-lestnuca-oman-stallux-termo-110x60-h280
Угол внешний 90 кирпичный 135°,Угол внешний 90 кирпичный 135°,Публічна картка товару Mizol; детальні параметри перевіряйте за посиланням,,https://mizol.ua/1300-ugol-vneshnuy-90-kurpuchnyy-135-
Угол наружный 90 чёрный Z 135°,Угол наружный 90 чёрный Z 135°,Публічна картка товару Mizol; детальні параметри перевіряйте за посиланням,,https://mizol.ua/68487-ugol-narughnyy-90-chernyy-z-135-
Угол внешний 90 красный 135°,Угол внешний 90 красный 135°,Публічна картка товару Mizol; детальні параметри перевіряйте за посиланням,,https://mizol.ua/19541-ugol-vneshnuy-90-krasnyy-135-
Ливнеприемник левый L 90 чёрный,Ливнеприемник левый L 90 чёрный,Публічна картка товару Mizol; детальні параметри перевіряйте за посиланням,,https://mizol.ua/68489-luvnepruemnuk-levyy-l-90-chernyy
Горло желоба Profil 130 кирпичное,Горло желоба Profil 130 кирпичное,Публічна картка товару Mizol; детальні параметри перевіряйте за посиланням,,https://mizol.ua/8980-gorlo-gheloba-profil-130-kurpuchnoe%09
Горло жёлоба 130 чёрное,Горло жёлоба 130 чёрное,Публічна картка товару Mizol; детальні параметри перевіряйте за посиланням,,https://mizol.ua/68441-gorlo-gheloba-130-chernoe
Горло жёлоба Profil 130 красное,Горло жёлоба Profil 130 красное,Публічна картка товару Mizol; детальні параметри перевіряйте за посиланням,,https://mizol.ua/36058-gorlo-gheloba-profil-130-krasnoe
Труба 75 кирпичная 4 м.,труба,Публічна картка товару Mizol; детальні параметри перевіряйте за посиланням,,https://mizol.ua/10116-truba-75-kurpuchnaya-4-m
Труба водосточная 75 чёрная 4м,водостічна система,Публічна картка товару Mizol; детальні параметри перевіряйте за посиланням,,https://mizol.ua/68494-truba-vodostochnaya-75-chernaya-4m
Труба 75 красная 4 м.,труба,Публічна картка товару Mizol; детальні параметри перевіряйте за посиланням,,https://mizol.ua/19535-truba-75-krasnaya-4-m
Тройник 100/75/67 90 кирпичный,Тройник 100/75/67 90 кирпичный,Публічна картка товару Mizol; детальні параметри перевіряйте за посиланням,,https://mizol.ua/19904-troynuk-1007567-90-kurpuchnyy
Тройник Profil 100/75/67 90 черный,Тройник Profil 100/75/67 90 черный,Публічна картка товару Mizol; детальні параметри перевіряйте за посиланням,,https://mizol.ua/79414-troynuk-profil-1007567-90-chernyy
Тройник Profil 75/75/67 90 красный,Тройник Profil 75/75/67 90 красный,Публічна картка товару Mizol; детальні параметри перевіряйте за посиланням,,https://mizol.ua/23708-troynuk-profil-757567-90-krasnyy
Тройник 100/75/67 90 красный,Тройник 100/75/67 90 красный,Публічна картка товару Mizol; детальні параметри перевіряйте за посиланням,,https://mizol.ua/20961-troynuk-1007567-90-krasnyy
Держатель трубы метал. L220 90 чёрный,Держатель трубы метал. L220 90 чёрный,Публічна картка товару Mizol; детальні параметри перевіряйте за посиланням,,https://mizol.ua/68476-derghately-truby-metal-l220-90-chernyy
Держатель трубы Profil метал. L220 90 красный,Держатель трубы Profil метал. L220 90 красный,Публічна картка товару Mizol; детальні параметри перевіряйте за посиланням,,https://mizol.ua/20071-derghately-truby-profil-metal-l220-90-krasnyy
Держатель трубы пласт. L100 90 чёрный,Держатель трубы пласт. L100 90 чёрный,Публічна картка товару Mizol; детальні параметри перевіряйте за посиланням,,https://mizol.ua/68477-derghately-truby-plast-l100-90-chernyy
Держатель трубы пласт. L100 90 красный,Держатель трубы пласт. L100 90 красный,Публічна картка товару Mizol; детальні параметри перевіряйте за посиланням,,https://mizol.ua/19966-derghately-truby-plast-l100-90-krasnyy
Держатель трубы PROFiL пласт. L160 75 чёрный,Держатель трубы PROFiL пласт. L160 75 чёрный,Публічна картка товару Mizol; детальні параметри перевіряйте за посиланням,,https://mizol.ua/68478-derghately-truby-profil-plast-l160-75-chernyy
Держатель трубы Profil пласт. L220 130 графитовый,Держатель трубы Profil пласт. L220 130 графитовый,Публічна картка товару Mizol; детальні параметри перевіряйте за посиланням,,https://mizol.ua/26162-derghately-truby-profil-plast-l220-130-grafutovyy%09
Держатель трубы пласт. L220 130 кирпичный,Держатель трубы пласт. L220 130 кирпичный,Публічна картка товару Mizol; детальні параметри перевіряйте за посиланням,,https://mizol.ua/14369-derghately-truby-plast-l220-130-kurpuchnyy
Держатель трубы PROFiL для вент. фасадов 130 кирпичный,фасадна панель,Публічна картка товару Mizol; детальні параметри перевіряйте за посиланням,,https://mizol.ua/39119-derghately-truby-profil-dlya-vent-fasadov-130-kurpuchnyy
Держатель трубы PROFiL для вент. фасадов 130 красный,фасадна панель,Публічна картка товару Mizol; детальні параметри перевіряйте за посиланням,,https://mizol.ua/39120-derghately-truby-profil-dlya-vent-fasadov-130-krasnyy
Держатель трубы PROFiL для вент. фасадов 90 кирпичный,фасадна панель,Публічна картка товару Mizol; детальні параметри перевіряйте за посиланням,,https://mizol.ua/39124-derghately-truby-profil-dlya-vent-fasadov-90-kurpuchnyy
Держатель трубы PROFiL для вент. фасадов 90 красный,фасадна панель,Публічна картка товару Mizol; детальні параметри перевіряйте за посиланням,,https://mizol.ua/39125-derghately-truby-profil-dlya-vent-fasadov-90-krasnyy
Отвод для сбора воды 130 коричневый,Отвод для сбора воды 130 коричневый,Публічна картка товару Mizol; детальні параметри перевіряйте за посиланням,,https://mizol.ua/17314-otvod-dlya-sbora-vody-130-koruchnevyy
Отвод для сбора воды 130 белый,Отвод для сбора воды 130 белый,Публічна картка товару Mizol; детальні параметри перевіряйте за посиланням,,https://mizol.ua/22511-otvod-dlya-sbora-vody-130-belyy
Отвод для сбора воды 90 белый,Отвод для сбора воды 90 белый,Публічна картка товару Mizol; детальні параметри перевіряйте за посиланням,,https://mizol.ua/22527-otvod-dlya-sbora-vody-90-belyy
Ревизия 130 коричневая,Ревизия 130 коричневая,Публічна картка товару Mizol; детальні параметри перевіряйте за посиланням,,https://mizol.ua/1259-revuzuya-130-koruchnevaya
Ревизия 130 графитовая,Ревизия 130 графитовая,Публічна картка товару Mizol; детальні параметри перевіряйте за посиланням,,https://mizol.ua/1205-revuzuya-130-grafutovaya
Ревизия Profil 130 красная,Ревизия Profil 130 красная,Публічна картка товару Mizol; детальні параметри перевіряйте за посиланням,,https://mizol.ua/24091-revuzuya-profil-130-krasnaya
Ревизия 90 коричневая,Ревизия 90 коричневая,Публічна картка товару Mizol; детальні параметри перевіряйте за посиланням,,https://mizol.ua/1335-revuzuya-90-koruchnevaya
Ревизия 90 графит,Ревизия 90 графит,Публічна картка товару Mizol; детальні параметри перевіряйте за посиланням,,https://mizol.ua/19957-revuzuya-90-grafut
COLPHENE,COLPHENE,Публічна картка товару Mizol; детальні параметри перевіряйте за посиланням,,https://mizol.ua/colphene
PROFiL,PROFiL,Публічна картка товару Mizol; детальні параметри перевіряйте за посиланням,,https://mizol.ua/profil
Regenau,Regenau,Публічна картка товару Mizol; детальні параметри перевіряйте за посиланням,,https://mizol.ua/regenau
Утеплитель ISOVER RIO Plus 100 мм (9 м.кв./уп. 24 уп./пал.),теплоізоляція,Публічна картка товару Mizol; детальні параметри перевіряйте за посиланням,,https://mizol.ua/155623-uteplutely-isover-rio-plus-100-mm-9-mkvup-24-uppal
FLAGON ПВХ,FLAGON ПВХ,Публічна картка товару Mizol; детальні параметри перевіряйте за посиланням,,https://mizol.ua/flagon-pvh
IZOBUD,IZOBUD,Публічна картка товару Mizol; детальні параметри перевіряйте за посиланням,,https://mizol.ua/izobud
Number One,Number One,Публічна картка товару Mizol; детальні параметри перевіряйте за посиланням,,https://mizol.ua/number-one
Soprema,Soprema,Публічна картка товару Mizol; детальні параметри перевіряйте за посиланням,,https://mizol.ua/soprema
Asko NEO,Asko NEO,Публічна картка товару Mizol; детальні параметри перевіряйте за посиланням,,https://mizol.ua/asko-neo
VOX InfraTOP,VOX InfraTOP,Публічна картка товару Mizol; детальні параметри перевіряйте за посиланням,,https://mizol.ua/vox-infratop
АЙДАХО,АЙДАХО,Публічна картка товару Mizol; детальні параметри перевіряйте за посиланням,,https://mizol.ua/aydaho
АНТИКОНДЕНСАТ,АНТИКОНДЕНСАТ,Публічна картка товару Mizol; детальні параметри перевіряйте за посиланням,,https://mizol.ua/antikondensat
Vario Term,Vario Term,Публічна картка товару Mizol; детальні параметри перевіряйте за посиланням,,https://mizol.ua/vario-term
ВЕТРОБАРЬЕР,ВЕТРОБАРЬЕР,Публічна картка товару Mizol; детальні параметри перевіряйте за посиланням,,https://mizol.ua/vetrobaryer
ГИДРОБАРЬЕР,ГИДРОБАРЬЕР,Публічна картка товару Mizol; детальні параметри перевіряйте за посиланням,,https://mizol.ua/gidrobaryer
Sita,Sita,Публічна картка товару Mizol; детальні параметри перевіряйте за посиланням,,https://mizol.ua/sita
ЕВРОБАРЬЕР,ЕВРОБАРЬЕР,Публічна картка товару Mizol; детальні параметри перевіряйте за посиланням,,https://mizol.ua/evrobaryer-
ПАРОБАРЬЕР,ПАРОБАРЬЕР,Публічна картка товару Mizol; детальні параметри перевіряйте за посиланням,,https://mizol.ua/parobaryer
JUTA Professional,JUTA Professional,Публічна картка товару Mizol; детальні параметри перевіряйте за посиланням,,https://mizol.ua/juta-professional
ИЗОЛИТ,ИЗОЛИТ,Публічна картка товару Mizol; детальні параметри перевіряйте за посиланням,,https://mizol.ua/izolit
OMAN,OMAN,Публічна картка товару Mizol; детальні параметри перевіряйте за посиланням,,https://mizol.ua/oman
BRETT MARTIN,BRETT MARTIN,Публічна картка товару Mizol; детальні параметри перевіряйте за посиланням,,https://mizol.ua/brett-martin
Magnaplast,Magnaplast,Публічна картка товару Mizol; детальні параметри перевіряйте за посиланням,,https://mizol.ua/magnaplast
PAROC,PAROC,Публічна картка товару Mizol; детальні параметри перевіряйте за посиланням,,https://mizol.ua/paroc
Tyvek,Tyvek,Публічна картка товару Mizol; детальні параметри перевіряйте за посиланням,,https://mizol.ua/tyvek
FLAGPOOL,FLAGPOOL,Публічна картка товару Mizol; детальні параметри перевіряйте за посиланням,,https://mizol.ua/flagpool
Tipptex,Tipptex,Публічна картка товару Mizol; детальні параметри перевіряйте за посиланням,,https://mizol.ua/tipptex
Typar,Typar,Публічна картка товару Mizol; детальні параметри перевіряйте за посиланням,,https://mizol.ua/typar
Agrocover,Agrocover,Публічна картка товару Mizol; детальні параметри перевіряйте за посиланням,,https://mizol.ua/agrocover
FASIDING,FASIDING,Публічна картка товару Mizol; детальні параметри перевіряйте за посиланням,,https://mizol.ua/fasiding
SimplyCan,SimplyCan,Публічна картка товару Mizol; детальні параметри перевіряйте за посиланням,,https://mizol.ua/simplycan
TOMO plex,TOMO plex,Публічна картка товару Mizol; детальні параметри перевіряйте за посиланням,,https://mizol.ua/tomo-plex
VOX Fronto MAX,VOX Fronto MAX,Публічна картка товару Mizol; детальні параметри перевіряйте за посиланням,,https://mizol.ua/vox-fronto-max
VOX SYSTEM МАХ-3,VOX SYSTEM МАХ-3,Публічна картка товару Mizol; детальні параметри перевіряйте за посиланням,,https://mizol.ua/vox-system-mah-3
KERRAFRONT,KERRAFRONT,Публічна картка товару Mizol; детальні параметри перевіряйте за посиланням,,https://mizol.ua/kerrafront-
IKO,IKO,Публічна картка товару Mizol; детальні параметри перевіряйте за посиланням,,https://mizol.ua/iko
ArmoPlit,ArmoPlit,Публічна картка товару Mizol; детальні параметри перевіряйте за посиланням,,https://mizol.ua/armoplit
ROCKWOOL,ROCKWOOL,Публічна картка товару Mizol; детальні параметри перевіряйте за посиланням,,https://mizol.ua/rockwool
FIXIT,FIXIT,Публічна картка товару Mizol; детальні параметри перевіряйте за посиланням,,https://mizol.ua/fixit
ISOVER,ISOVER,Публічна картка товару Mizol; детальні параметри перевіряйте за посиланням,,https://mizol.ua/isover
PURMO,PURMO,Публічна картка товару Mizol; детальні параметри перевіряйте за посиланням,,https://mizol.ua/purmo
IDMAR,IDMAR,Публічна картка товару Mizol; детальні параметри перевіряйте за посиланням,,https://mizol.ua/idmar
TENAX,TENAX,Публічна картка товару Mizol; детальні параметри перевіряйте за посиланням,,https://mizol.ua/tenax
KARATZIS,KARATZIS,Публічна картка товару Mizol; детальні параметри перевіряйте за посиланням,,https://mizol.ua/karatzis-
THERMOVAL,THERMOVAL,Публічна картка товару Mizol; детальні параметри перевіряйте за посиланням,,https://mizol.ua/thermoval
HAURATON,HAURATON,Публічна картка товару Mizol; детальні параметри перевіряйте за посиланням,,https://mizol.ua/hauraton
AEROTOP,AEROTOP,Публічна картка товару Mizol; детальні параметри перевіряйте за посиланням,,https://mizol.ua/aerotop
Eurobatex,Eurobatex,Публічна картка товару Mizol; детальні параметри перевіряйте за посиланням,,https://mizol.ua/eurobatex
Polifort,Polifort,Публічна картка товару Mizol; детальні параметри перевіряйте за посиланням,,https://mizol.ua/polifort
Greentex,Greentex,Публічна картка товару Mizol; детальні параметри перевіряйте за посиланням,,https://mizol.ua/greentex
Grond Meester,Grond Meester,Публічна картка товару Mizol; детальні параметри перевіряйте за посиланням,,https://mizol.ua/grond-meester
ENKAMAT,ENKAMAT,Публічна картка товару Mizol; детальні параметри перевіряйте за посиланням,,https://mizol.ua/enkamat
Drainfol,Drainfol,Публічна картка товару Mizol; детальні параметри перевіряйте за посиланням,,https://mizol.ua/drainfol
Thermaflex,Thermaflex,Публічна картка товару Mizol; детальні параметри перевіряйте за посиланням,,https://mizol.ua/thermaflex
SOTRAFA,SOTRAFA,Публічна картка товару Mizol; детальні параметри перевіряйте за посиланням,,https://mizol.ua/sotrafa
ГИДРОПОЯС,ГИДРОПОЯС,Публічна картка товару Mizol; детальні параметри перевіряйте за посиланням,,https://mizol.ua/gidropoyas
КРАКСЫ,КРАКСЫ,Публічна картка товару Mizol; детальні параметри перевіряйте за посиланням,,https://mizol.ua/kraksy-
Profil канализации,Profil канализации,Публічна картка товару Mizol; детальні параметри перевіряйте за посиланням,,https://mizol.ua/profil-kanaluzacuu
ArmAll GeoCell,ArmAll GeoCell,Публічна картка товару Mizol; детальні параметри перевіряйте за посиланням,,https://mizol.ua/armall-geocell
PIR Gol-Star,PIR Gol-Star,Публічна картка товару Mizol; детальні параметри перевіряйте за посиланням,,https://mizol.ua/pir-gol-star
Cтроительство инфильтрационного пруда в цехе для производства семян.,Cтроительство инфильтрационного пруда в цехе для производства семян.,Публічна картка товару Mizol; детальні параметри перевіряйте за посиланням,,https://mizol.ua/ctroitelstvo-infiltracionnogo-pruda-v-cehe-dlya-proizvodstva-semyan
Бітумна черепиця Number One Hex (52) Dual Black,бітумна черепиця,Публічна картка товару Mizol; детальні параметри перевіряйте за посиланням,,https://mizol.ua/216038-bitumna-cherepucya--number-one-hex-52-dual-black
Бітумна черепиця Number One Biber (10) Tile Red,бітумна черепиця,Публічна картка товару Mizol; детальні параметри перевіряйте за посиланням,,https://mizol.ua/14081-bitumna-cherepucya-number-one-biber-10-tile-red
Бітумна черепиця Number One Hex (53) Autumn Brown,бітумна черепиця,Публічна картка товару Mizol; детальні параметри перевіряйте за посиланням,,https://mizol.ua/216039-bitumna-cherepucya-number-one-hex-53-autumn-brown
Битумная черепица Cambridge Xtreme (54) Aged Redwood,бітумна черепиця,Публічна картка товару Mizol; детальні параметри перевіряйте за посиланням,,https://mizol.ua/78364-butumnaya-cherepuca--cambridge-xtreme-54-aged-redwood
Битумная черепица Cambridge Xtreme (43) Amazon Green,бітумна черепиця,Публічна картка товару Mizol; детальні параметри перевіряйте за посиланням,,https://mizol.ua/75041-butumnaya-cherepuca-cambridge-xtreme-43-amazon-green
Битумная черепица Cambridge Xtreme (50) Harvard Slate,бітумна черепиця,Публічна картка товару Mizol; детальні параметри перевіряйте за посиланням,,https://mizol.ua/78362-butumnaya-cherepuca-cambridge-xtreme-50-harvard-slate
Битумная черепица Cambridge Xtreme (52) Dual Black,бітумна черепиця,Публічна картка товару Mizol; детальні параметри перевіряйте за посиланням,,https://mizol.ua/78363-butumnaya-cherepuca-cambridge-xtreme-52-dual-black
Битумная черепица Cambridge Xtreme (53) Autumn Brown,бітумна черепиця,Публічна картка товару Mizol; детальні параметри перевіряйте за посиланням,,https://mizol.ua/77873-butumnaya-cherepuca-cambridge-xtreme-53-autumn-brown
Битумная черепица Cambridge Xtreme (55) Riviera Red,бітумна черепиця,Публічна картка товару Mizol; детальні параметри перевіряйте за посиланням,,https://mizol.ua/74606-butumnaya-cherepuca-cambridge-xtreme-55-riviera-red
Битумная черепица Number One 3Tab (01) Black,бітумна черепиця,Публічна картка товару Mizol; детальні параметри перевіряйте за посиланням,,https://mizol.ua/56083-butumnaya-cherepuca-number-one-3tab-01-black
Битумная черепица Number One 3Tab (03) Green,бітумна черепиця,Публічна картка товару Mizol; детальні параметри перевіряйте за посиланням,,https://mizol.ua/57713-butumnaya-cherepuca-number-one-3tab-03-green
Битумная черепица Number One 3Tab (07) Dual Brown,бітумна черепиця,Публічна картка товару Mizol; детальні параметри перевіряйте за посиланням,,https://mizol.ua/14075-butumnaya-cherepuca-number-one-3tab-07-dual-brown
Битумная черепица Number One 3Tab (31) Slate,бітумна черепиця,Публічна картка товару Mizol; детальні параметри перевіряйте за посиланням,,https://mizol.ua/15152-butumnaya-cherepuca-number-one-3tab-31-slate
Битумная черепица Number One Biber (03) Green,бітумна черепиця,Публічна картка товару Mizol; детальні параметри перевіряйте за посиланням,,https://mizol.ua/55892-butumnaya-cherepuca-number-one-biber-03-green
Битумная черепица Number One Biber (07) Dual Brown,бітумна черепиця,Публічна картка товару Mizol; детальні параметри перевіряйте за посиланням,,https://mizol.ua/14080-butumnaya-cherepuca-number-one-biber-07-dual-brown
Битумная черепица NumberOne Biber (01) Black,бітумна черепиця,Публічна картка товару Mizol; детальні параметри перевіряйте за посиланням,,https://mizol.ua/56202-butumnaya-cherepuca-numberone-biber-01-black
Битумная черепица Superglass 3 TAB (03) Amazon Green,бітумна черепиця,Публічна картка товару Mizol; детальні параметри перевіряйте за посиланням,,https://mizol.ua/78460-butumnaya-cherepuca-superglass-3-tab-03-amazon-green
Битумная черепица Superglass 3 TAB (07) Dual Brown,бітумна черепиця,Публічна картка товару Mizol; детальні параметри перевіряйте за посиланням,,https://mizol.ua/78461-butumnaya-cherepuca-superglass-3-tab-07-dual-brown
Битумная черепица Superglass 3 TAB (49) Earthtone Cedar,бітумна черепиця,Публічна картка товару Mizol; детальні параметри перевіряйте за посиланням,,https://mizol.ua/78464-butumnaya-cherepuca-superglass-3-tab-49-earthtone-cedar
Битумная черепица Superglass 3 TAB (50) Harvard Slate,бітумна черепиця,Публічна картка товару Mizol; детальні параметри перевіряйте за посиланням,,https://mizol.ua/78465-butumnaya-cherepuca-superglass-3-tab-50-harvard-slate
Битумная черепица Superglass 3 TAB (51) Eastern Grey,бітумна черепиця,Публічна картка товару Mizol; детальні параметри перевіряйте за посиланням,,https://mizol.ua/78466-butumnaya-cherepuca-superglass-3-tab-51-eastern-grey
Битумная черепица Superglass 3 TAB (52) Dual Black,бітумна черепиця,Публічна картка товару Mizol; детальні параметри перевіряйте за посиланням,,https://mizol.ua/78467-butumnaya-cherepuca-superglass-3-tab-52-dual-black
Битумная черепица Superglass 3 TAB (53) Autumn Brown,бітумна черепиця,Публічна картка товару Mizol; детальні параметри перевіряйте за посиланням,,https://mizol.ua/78468-butumnaya-cherepuca-superglass-3-tab-53-autumn-brown
Битумная черепица Superglass 3 TAB (55) Riviera Red,бітумна черепиця,Публічна картка товару Mizol; детальні параметри перевіряйте за посиланням,,https://mizol.ua/78470-butumnaya-cherepuca-superglass-3-tab-55-riviera-red
Битумная черепица Superglass 3T (01) Black,бітумна черепиця,Публічна картка товару Mizol; детальні параметри перевіряйте за посиланням,,https://mizol.ua/78459-butumnaya-cherepuca-superglass-3t-01-black
Битумная черепица Superglass 3T (54) Aged Redwood,бітумна черепиця,Публічна картка товару Mizol; детальні параметри перевіряйте за посиланням,,https://mizol.ua/78469-butumnaya-cherepuca-superglass-3t-54-aged-redwood
Битумная черепица Superglass Hex (01) Black,бітумна черепиця,Публічна картка товару Mizol; детальні параметри перевіряйте за посиланням,,https://mizol.ua/52204-butumnaya-cherepuca-superglass-hex-01-black
Битумная черепица Superglass Hex (03) Amazon Green ultra,бітумна черепиця,Публічна картка товару Mizol; детальні параметри перевіряйте за посиланням,,https://mizol.ua/52203-butumnaya-cherepuca-superglass-hex-03-amazon-green-ultra
Битумная черепица Superglass Hex (07) Dual Brown,бітумна черепиця,Публічна картка товару Mizol; детальні параметри перевіряйте за посиланням,,https://mizol.ua/52194-butumnaya-cherepuca-superglass-hex-07-dual-brown
Битумная черепица Superglass Hex (20) Tile Red ultra,бітумна черепиця,Публічна картка товару Mizol; детальні параметри перевіряйте за посиланням,,https://mizol.ua/52197-butumnaya-cherepuca-superglass-hex-20-tile-red-ultra
Битумная черепица Superglass Hex (27) Dual Brown ultra,бітумна черепиця,Публічна картка товару Mizol; детальні параметри перевіряйте за посиланням,,https://mizol.ua/52195-butumnaya-cherepuca-superglass-hex-27-dual-brown-ultra
Битумная черепица Xtreme (49) Earthtone Cedar,бітумна черепиця,Публічна картка товару Mizol; детальні параметри перевіряйте за посиланням,,https://mizol.ua/73857-butumnaya-cherepuca-xtreme-49-earthtone-cedar
Ендовный ковер Armourvalley (49) Earthone Cedar,Ендовный ковер Armourvalley (49) Earthone Cedar,Публічна картка товару Mizol; детальні параметри перевіряйте за посиланням,,https://mizol.ua/27616-endovnyy-kover-armourvalley-49-earthone-cedar
Ендовный ковер Armourvalley (54) Aged Redwood,Ендовный ковер Armourvalley (54) Aged Redwood,Публічна картка товару Mizol; детальні параметри перевіряйте за посиланням,,https://mizol.ua/27615-endovnyy-kover-armourvalley-54-aged-redwood
Ендовый материал Armourvalley Sh. Black 01- 7.5m,Ендовый материал Armourvalley Sh. Black 01- 7.5m,Публічна картка товару Mizol; детальні параметри перевіряйте за посиланням,,https://mizol.ua/28189-endovyy-materual-armourvalley-sh-black-01--75m
ЖК Diadance,ЖК Diadance,Публічна картка товару Mizol; детальні параметри перевіряйте за посиланням,,https://mizol.ua/zhk-diadance
Комплект Vario Term; Standard тип V; Prestige; прямой; белый/хром; PRNYGS0201C/FP (with nipples),Комплект Vario Term; Standard тип V; Prestige; прямой; белый/хром; PRNYGS0201C/FP (with nipples),Публічна картка товару Mizol; детальні параметри перевіряйте за посиланням,,https://mizol.ua/126410-komplekt-vario-term-standard-tup-v-prestige-pryamoy-belyyhrom-prnygs0201cfp-with-nipples
Мебельная фабрика Фениче,Мебельная фабрика Фениче,Публічна картка товару Mizol; детальні параметри перевіряйте за посиланням,,https://mizol.ua/mebelnaya-fabrika-feniche
Мембрана Tyvek FireCurb,мембрана,Публічна картка товару Mizol; детальні параметри перевіряйте за посиланням,,https://mizol.ua/273078-membrana-tyvek-firecurb
Огнестойкая гидроизоляционная паропроницаемая мембрана Tyvek Trifecta,мембрана,Публічна картка товару Mizol; детальні параметри перевіряйте за посиланням,,https://mizol.ua/307089-ognestoykaya-gudrouzolyacuonnaya-paropronucaemaya-membrana--tyvek-trifecta
Панель ASKO NEO яблоня перфорированная 3м; 0.915 м2,Панель ASKO NEO яблоня перфорированная 3м; 0.915 м2,Публічна картка товару Mizol; детальні параметри перевіряйте за посиланням,,https://mizol.ua/261688-panely-asko-neo-yablonya-perforurovannaya-3m-0915-m2
Панель айДахо графит перфорированная 2;7м; 0;81м2,Панель айДахо графит перфорированная 2;7м; 0;81м2,Публічна картка товару Mizol; детальні параметри перевіряйте за посиланням,,https://mizol.ua/159699-panely-aydaho-grafut-perforurovannaya-27m-081m2
"Панель виниловая FaSiding WoodHouse ""Дуб золотой""","Панель виниловая FaSiding WoodHouse ""Дуб золотой""",Публічна картка товару Mizol; детальні параметри перевіряйте за посиланням,,https://mizol.ua/58375-panely-vunulovaya-fasiding-woodhouse-dub-zolotoy-
"Панель виниловая FaSiding WoodHouse ""Дуб морёный""","Панель виниловая FaSiding WoodHouse ""Дуб морёный""",Публічна картка товару Mizol; детальні параметри перевіряйте за посиланням,,https://mizol.ua/58376-panely-vunulovaya-fasiding-woodhouse-dub-morenyy-
"Панель плоская FaSiding Vifront ""Бежевый""","Панель плоская FaSiding Vifront ""Бежевый""",Публічна картка товару Mizol; детальні параметри перевіряйте за посиланням,,https://mizol.ua/169044-panely-ploskaya-fasiding-vifront-beghevyy
"Панель плоская FaSiding Vifront ""Белый""","Панель плоская FaSiding Vifront ""Белый""",Публічна картка товару Mizol; детальні параметри перевіряйте за посиланням,,https://mizol.ua/172326-panely-ploskaya-fasiding-vifront-belyy
"Панель плоская FaSiding Vifront ""Светло-серый""","Панель плоская FaSiding Vifront ""Светло-серый""",Публічна картка товару Mizol; детальні параметри перевіряйте за посиланням,,https://mizol.ua/172328-panely-ploskaya-fasiding-vifront-svetlo-seryy
Панель фасадная KERRAFRONT TREND FS-301 Ivory SOFT 1;92 м2,фасадна панель,Публічна картка товару Mizol; детальні параметри перевіряйте за посиланням,,https://mizol.ua/88634-panely-fasadnaya-kerrafront-trend-fs-301-ivory-soft-192-m2
Панель фасадная KERRAFRONT TREND FS-301 Ivory STONE 1;92 м2,фасадна панель,Публічна картка товару Mizol; детальні параметри перевіряйте за посиланням,,https://mizol.ua/88635-panely-fasadnaya-kerrafront-trend-fs-301-ivory-stone-192-m2
Панель фасадная KERRAFRONT TREND FS-301 Mastic SOFT 1;92 м2,фасадна панель,Публічна картка товару Mizol; детальні параметри перевіряйте за посиланням,,https://mizol.ua/88636-panely-fasadnaya-kerrafront-trend-fs-301-mastic-soft-192-m2
Панель фасадная KERRAFRONT TREND FS-301 Mastic STONE 1;92 м2,фасадна панель,Публічна картка товару Mizol; детальні параметри перевіряйте за посиланням,,https://mizol.ua/88637-panely-fasadnaya-kerrafront-trend-fs-301-mastic-stone-192-m2
Панель фасадная KERRAFRONT TREND FS-301 Pearl Grey SOFT 1;92 м2,фасадна панель,Публічна картка товару Mizol; детальні параметри перевіряйте за посиланням,,https://mizol.ua/88632-panely-fasadnaya-kerrafront-trend-fs-301-pearl-grey-soft-192-m2
Панель фасадная KERRAFRONT TREND FS-301 Pearl Grey STONE 1;92 м2,фасадна панель,Публічна картка товару Mizol; детальні параметри перевіряйте за посиланням,,https://mizol.ua/88633-panely-fasadnaya-kerrafront-trend-fs-301-pearl-grey-stone-192-m2
Панель Яблоня ASKO NEO перфорированный 3;5х0;305 м,Панель Яблоня ASKO NEO перфорированный 3;5х0;305 м,Публічна картка товару Mizol; детальні параметри перевіряйте за посиланням,,https://mizol.ua/67725-panely-yablonya-asko-neo-perforurovannyy-35h0305-m-
Паропроникна мембрана Tyvek Soft (1;5х50м),мембрана,Публічна картка товару Mizol; детальні параметри перевіряйте за посиланням,,https://mizol.ua/307090-paropronukna-membrana-tyvek-soft-15h50m
Паропроникна мембрана Tyvek Soft (1;5х50м),мембрана,Публічна картка товару Mizol; детальні параметри перевіряйте за посиланням,,https://mizol.ua/260804-paropronukna-membrana-tyvek-soft-15h50m
Паропроникна мембрана Tyvek Soft (1;5х50м),мембрана,Публічна картка товару Mizol; детальні параметри перевіряйте за посиланням,,https://mizol.ua/307092-paropronukna-membrana-tyvek-soft-15h50m
Паропроникна мембрана Tyvek Soft (1;5х50м),мембрана,Публічна картка товару Mizol; детальні параметри перевіряйте за посиланням,,https://mizol.ua/307091-paropronukna-membrana-tyvek-soft-15h50m
"Планка FaSiding Vifront ""внутренний угол"" ""Бежевый""","Планка FaSiding Vifront ""внутренний угол"" ""Бежевый""",Публічна картка товару Mizol; детальні параметри перевіряйте за посиланням,,https://mizol.ua/172643-planka-fasiding-vifront-vnutrennuy-ugol-beghevyy
Подкладочный ковер Armourbase Pro,Подкладочный ковер Armourbase Pro,Публічна картка товару Mizol; детальні параметри перевіряйте за посиланням,,https://mizol.ua/12270-podkladochnyy-kover-armourbase-pro
Подкладочный слой Armourbase Pro Plus,Подкладочный слой Armourbase Pro Plus,Публічна картка товару Mizol; детальні параметри перевіряйте за посиланням,,https://mizol.ua/76511-podkladochnyy-sloy--armourbase-pro-plus-
Промышленная фабрика ТМ Чемпион,Промышленная фабрика ТМ Чемпион,Публічна картка товару Mizol; детальні параметри перевіряйте за посиланням,,https://mizol.ua/promyshlennaya-fabrika-tm-chempion
Рекомендации по монтажу битумной черепицы при низких температурах.,бітумна черепиця,Публічна картка товару Mizol; детальні параметри перевіряйте за посиланням,,https://mizol.ua/rekomendacii-po-montazhu-bitumnoj-cherepicy-pri-nizkih-temperaturah
Чердачная лестница Oman Compact Termo (100x60) H280,Чердачная лестница Oman Compact Termo (100x60) H280,Публічна картка товару Mizol; детальні параметри перевіряйте за посиланням,,https://mizol.ua/214706-cherdachnaya-lestnuca-oman-compact-termo-100x60-h280
Чердачная лестница Oman Compact Termo (100x70) H280,Чердачная лестница Oman Compact Termo (100x70) H280,Публічна картка товару Mizol; детальні параметри перевіряйте за посиланням,,https://mizol.ua/86846-cherdachnaya-lestnuca-oman-compact-termo-100x70-h280
Чердачная лестница Oman Mini Termo (80x80),Чердачная лестница Oman Mini Termo (80x80),Публічна картка товару Mizol; детальні параметри перевіряйте за посиланням,,https://mizol.ua/59353-cherdachnaya-lestnuca-oman-mini-termo-80x80
Шиповидная геомембрана Profi 0.5 (1.5х20 м),геомембрана,Публічна картка товару Mizol; детальні параметри перевіряйте за посиланням,,https://mizol.ua/67527-shupovudnaya-geomembrana--profi-05-15h20-m
Шиповидная геомембрана Profi 0.5 (1х20 м),геомембрана,Публічна картка товару Mizol; детальні параметри перевіряйте за посиланням,,https://mizol.ua/67526-shupovudnaya-geomembrana--profi-05-1h20-m
8-Й ГОД ПОДРЯД MIZOL - ЛУЧШИЙ ДИЛЕР ROCKWOOL В УКРАИНЕ,8-Й ГОД ПОДРЯД MIZOL - ЛУЧШИЙ ДИЛЕР ROCKWOOL В УКРАИНЕ,Публічна картка товару Mizol; детальні параметри перевіряйте за посиланням,,https://mizol.ua/8-y-god-podryad-mizol-luchshiy-diler-rockwool-v-ukraine
EUROIZOL HUB; Узнаем; зарабатываем и отдыхаем вместе.,EUROIZOL HUB; Узнаем; зарабатываем и отдыхаем вместе.,Публічна картка товару Mizol; детальні параметри перевіряйте за посиланням,,https://mizol.ua/euroizol-hub-poznaem-zarabatyvaem-i-otdyhaem-vmeste
EUROIZOL HUB: ЗАРАБАТЫВАЕМ; ПОЗНАЕМ И ОТДЫХАЕМ ВМЕСТЕ!,EUROIZOL HUB: ЗАРАБАТЫВАЕМ; ПОЗНАЕМ И ОТДЫХАЕМ ВМЕСТЕ!,Публічна картка товару Mizol; детальні параметри перевіряйте за посиланням,,https://mizol.ua/euroizol-hub%3A-zarabatyvaem-poznaem-i-otdyhaem-vmeste
Fasiding Vifront - идеальное решение для модульных зданий; и других быстровозводимых сооружений,Fasiding Vifront - идеальное решение для модульных зданий; и других быстровозводимых сооружений,Публічна картка товару Mizol; детальні параметри перевіряйте за посиланням,,https://mizol.ua/fasiding-vifront-idealnoe-reshenie-dlya-modulnyh-zdanij-i-drugih-bystrovozvodimyh-sooruzhenij
FIXIT – профессиональные ленты для строительства и ремонта,FIXIT – профессиональные ленты для строительства и ремонта,Публічна картка товару Mizol; детальні параметри перевіряйте за посиланням,,https://mizol.ua/fixit-professionalnye-lenty-dlya-stroitelstva-i-remonta
IKO новинка от компании новая линейка битумной черепицы премиум-класса PLUS,бітумна черепиця,Публічна картка товару Mizol; детальні параметри перевіряйте за посиланням,,https://mizol.ua/iko-novinka-ot-kompanii-novaya-linejka-bitumnoj-cherepicy-premium-klassa-plus
JUTA Professional: Новый стандарт надежности в изоляции кровель и фасадов,фасадна панель,Публічна картка товару Mizol; детальні параметри перевіряйте за посиланням,,https://mizol.ua/juta-professional-novyj-standart-nadezhnosti-v-izolyacii-krovel-i-fasadov
KERRAFRONT - более чем фасадный материал,фасадна панель,Публічна картка товару Mizol; детальні параметри перевіряйте за посиланням,,https://mizol.ua/kerrafront-bolee-chem-fasadnyj-material
MIZOL – ЛУЧШИЙ ДИСТРИБЬЮТОР VOX В УКРАИНЕ!,MIZOL – ЛУЧШИЙ ДИСТРИБЬЮТОР VOX В УКРАИНЕ!,Публічна картка товару Mizol; детальні параметри перевіряйте за посиланням,,https://mizol.ua/mizol-%E2%80%93-luchshiy-distribyyutor-vox-v-ukraine
PURMO + VARIO TERM: ЕСТЕТИЧЕСКОЕ СОЕДИНЕНИЕ – ПРАКТИЧЕСКАЯ ВЫГОДА,PURMO + VARIO TERM: ЕСТЕТИЧЕСКОЕ СОЕДИНЕНИЕ – ПРАКТИЧЕСКАЯ ВЫГОДА,Публічна картка товару Mizol; детальні параметри перевіряйте за посиланням,,https://mizol.ua/purmo-vario-term-esteticheskoe-soedinenie-prakticheskaya-vygoda
TERMPIR® ETX – НОВОЕ РЕШЕНИЕ ДЛЯ ШТУКАТУРНЫХ ФАСАДОВ,фасадна панель,Публічна картка товару Mizol; детальні параметри перевіряйте за посиланням,,https://mizol.ua/termpir%C2%AE-etx-%E2%80%93-novoe-reshenie-dlya-shtukaturnyh-fasadov
Vario Term: два дня вдохновения; знакомства и конструктивного диалога!,Vario Term: два дня вдохновения; знакомства и конструктивного диалога!,Публічна картка товару Mizol; детальні параметри перевіряйте за посиланням,,https://mizol.ua/vario-term-dva-dnya-vdohnoveniya-znakomstva-i-konstruktivnogo-dialoga
VOX MAX-3 - фасадная панель; потрясет своей прочностью,фасадна панель,Публічна картка товару Mizol; детальні параметри перевіряйте за посиланням,,https://mizol.ua/vox-max-3-fasadnaya-panely-potryaset-svoey-prochnostyyu
Zeppelin,Zeppelin,Публічна картка товару Mizol; детальні параметри перевіряйте за посиланням,,https://mizol.ua/zeppelin
Адреса ближайших к филиалам MIZOL укрытий,Адреса ближайших к филиалам MIZOL укрытий,Публічна картка товару Mizol; детальні параметри перевіряйте за посиланням,,https://mizol.ua/adresa-blizhajshih-k-filialam-mizol-ukrytij
Акция на ISOVER DomoPlus!,Акция на ISOVER DomoPlus!,Публічна картка товару Mizol; детальні параметри перевіряйте за посиланням,,https://mizol.ua/akciya-na-isover-domoplus
Ассортимент софитов от EUROIZOL: детали; завершающие и подчеркивающие дом,Ассортимент софитов от EUROIZOL: детали; завершающие и подчеркивающие дом,Публічна картка товару Mizol; детальні параметри перевіряйте за посиланням,,https://mizol.ua/assortiment-sofitov-ot-euroizol-detali-zavershayushie-i-podcherkivayushie-dom
БИЗНЕС-КОНФЕРЕНЦИЯ EUROIZOL: ПЕРЕЗАГРУЗИТЬСЯ И ПОСМОТРЕТЬ НА БУДУЩЕЕ ПО-НОВОМУ!,БИЗНЕС-КОНФЕРЕНЦИЯ EUROIZOL: ПЕРЕЗАГРУЗИТЬСЯ И ПОСМОТРЕТЬ НА БУДУЩЕЕ ПО-НОВОМУ!,Публічна картка товару Mizol; детальні параметри перевіряйте за посиланням,,https://mizol.ua/biznes-konferenciya-euroizol%3A-perezagruzitysya-i-posmotrety-na-buduschee-po-novomu
Битумная черепица IKO - ЭКСПЕРТ КРОВЕЛЬНЫХ РЕШЕНИЙ,бітумна черепиця,Публічна картка товару Mizol; детальні параметри перевіряйте за посиланням,,https://mizol.ua/butumnaya-cherepuca-iko-ekspert-krovelynyh-resheniy
Битумная черепица IKO для крутых скатов и вертикальных поверхностей,бітумна черепиця,Публічна картка товару Mizol; детальні параметри перевіряйте за посиланням,,https://mizol.ua/bitumnaya-cherepica-iko-dlya-krutyh-skatov-i-vertikalnyh-poverhnostej
Битумные мембраны SOPREMA для гидроизоляции фундаментов и подвалов,мембрана,Публічна картка товару Mizol; детальні параметри перевіряйте за посиланням,,https://mizol.ua/bitumnye-membrany-soprema-dlya-gidroizolyacii-fundamentov-i-podvalov
В КИЕВЕ ПРЕЗЕНТОВАЛИ НОВИНКИ САЙДИНГА И ФАСАДНЫХ ПАНЕЛЕЙ ТМ VOX,сайдинг,Публічна картка товару Mizol; детальні параметри перевіряйте за посиланням,,https://mizol.ua/v-kieve-prezentovali-novinki-saydinga-i-fasadnyh-paneley-tm-vox
Вентилируемый фасад и защита функциональности теплоизоляции,фасадна панель,Публічна картка товару Mizol; детальні параметри перевіряйте за посиланням,,https://mizol.ua/ventiliruemyj-fasad-i-zashita-funkcionalnosti-teploizolyacii
Весенний уход за крышей под битумной черепицей,бітумна черепиця,Публічна картка товару Mizol; детальні параметри перевіряйте за посиланням,,https://mizol.ua/vesennij-uhod-za-kryshej-pod-bitumnoj-cherepicej
Волнистые листы,Волнистые листы,Публічна картка товару Mizol; детальні параметри перевіряйте за посиланням,,https://mizol.ua/volnistye-listy
Все что нужно знать о вентиляции крыши и чердака,Все что нужно знать о вентиляции крыши и чердака,Публічна картка товару Mizol; детальні параметри перевіряйте за посиланням,,https://mizol.ua/vse-chto-nuzhno-znat-o-ventilyacii-kryshi-i-cherdaka
Геотекстиль в строительстве,геотекстиль,Публічна картка товару Mizol; детальні параметри перевіряйте за посиланням,,https://mizol.ua/geotekstil-v-stroitelstve
Геотекстиль виды и способы применения,геотекстиль,Публічна картка товару Mizol; детальні параметри перевіряйте за посиланням,,https://mizol.ua/geotekstil-vidy-i-sposoby-primeneniya
ГОРЮЧИЙ ИЛИ НЕГОРЮЧИЙ МАТЕРИАЛ САЙДИНГ?,сайдинг,Публічна картка товару Mizol; детальні параметри перевіряйте за посиланням,,https://mizol.ua/goryuchiy-ili-negoryuchiy-material-sayding
Группа компаний EUROIZOL продолжает работать для вас,Группа компаний EUROIZOL продолжает работать для вас,Публічна картка товару Mizol; детальні параметри перевіряйте за посиланням,,https://mizol.ua/gruppa-kompanij-euroizol-prodolzhaet-rabotat-dlya-vas
Для чего нужна шиповидная мембрана и что это такое,геомембрана,Публічна картка товару Mizol; детальні параметри перевіряйте за посиланням,,https://mizol.ua/dlya-chego-nuzhna-shipovidnaya-membrana-i-chto-eto-takoe
ДУМАЙ СЕЙЧАС; ЧТОБ НЕ ПЕРЕДЕЛЫВАТЬ ВЕСНОЙ!,ДУМАЙ СЕЙЧАС; ЧТОБ НЕ ПЕРЕДЕЛЫВАТЬ ВЕСНОЙ!,Публічна картка товару Mizol; детальні параметри перевіряйте за посиланням,,https://mizol.ua/dumay-seychas-chtob-ne-peredelyvaty-vesnoy
ЖК &quot;Галицкий&quot;,ЖК &quot;Галицкий&quot;,Публічна картка товару Mizol; детальні параметри перевіряйте за посиланням,,https://mizol.ua/zhk-galickij
ЖК Bauhaus,ЖК Bauhaus,Публічна картка товару Mizol; детальні параметри перевіряйте за посиланням,,https://mizol.ua/zhk-bauhaus
ЖК DreamTown,ЖК DreamTown,Публічна картка товару Mizol; детальні параметри перевіряйте за посиланням,,https://mizol.ua/zhk-dreamtown
ЖК Lake Town,ЖК Lake Town,Публічна картка товару Mizol; детальні параметри перевіряйте за посиланням,,https://mizol.ua/zhk-lake-town
ЖК Manhattan,ЖК Manhattan,Публічна картка товару Mizol; детальні параметри перевіряйте за посиланням,,https://mizol.ua/zhk-manhattan
ЖК Orange City,ЖК Orange City,Публічна картка товару Mizol; детальні параметри перевіряйте за посиланням,,https://mizol.ua/zhk-orange-city
ЖК PANORAMA DE LUXE,ЖК PANORAMA DE LUXE,Публічна картка товару Mizol; детальні параметри перевіряйте за посиланням,,https://mizol.ua/zhk-panorama-de-luxe
ЖК PREMIUM RESIDENCE,ЖК PREMIUM RESIDENCE,Публічна картка товару Mizol; детальні параметри перевіряйте за посиланням,,https://mizol.ua/ghk-premium-residence
ЖК Viking Park,ЖК Viking Park,Публічна картка товару Mizol; детальні параметри перевіряйте за посиланням,,https://mizol.ua/zhk-viking-park
ЖК Русановская гавань - Кровля паркинга,ЖК Русановская гавань - Кровля паркинга,Публічна картка товару Mizol; детальні параметри перевіряйте за посиланням,,https://mizol.ua/zhk-rusanovskaya-gavan-krovlya-parkinga
ЖК Яровица,ЖК Яровица,Публічна картка товару Mizol; детальні параметри перевіряйте за посиланням,,https://mizol.ua/zhk-yarovica
Завод &quot;Оснастка&quot;,Завод &quot;Оснастка&quot;,Публічна картка товару Mizol; детальні параметри перевіряйте за посиланням,,https://mizol.ua/zavod-osnastka
Завод Nestle,Завод Nestle,Публічна картка товару Mizol; детальні параметри перевіряйте за посиланням,,https://mizol.ua/zavod-nestle
Завод по изготовлению ДВП и Фанеры Униплит (Uniplyt),Завод по изготовлению ДВП и Фанеры Униплит (Uniplyt),Публічна картка товару Mizol; детальні параметри перевіряйте за посиланням,,https://mizol.ua/zavod-po-izgotovleniyu-dvp-i-fanery-uniplit-uniplyt
Зачем нужна подкладка под битумную черепицу – и почему это важный элемент долговечной кровли.,бітумна черепиця,Публічна картка товару Mizol; детальні параметри перевіряйте за посиланням,,https://mizol.ua/zachem-nuzhna-podkladka-pod-bitumnuyu-cherepicu-i-pochemu-eto-vazhnyj-element-dolgovechnoj-krovli
Защита и надежность по доступной цене с REGENAU и айДахо,Защита и надежность по доступной цене с REGENAU и айДахо,Публічна картка товару Mizol; детальні параметри перевіряйте за посиланням,,https://mizol.ua/zashita-i-nadezhnost-po-dostupnoj-cene-s-regenau-i-ajdaho
ИКО &quot;ИВАНКОВЕЦКИЕ КОЛБАСЫ&quot;,ИКО &quot;ИВАНКОВЕЦКИЕ КОЛБАСЫ&quot;,Публічна картка товару Mizol; детальні параметри перевіряйте за посиланням,,https://mizol.ua/iko-ivankoveckie-kolbasy
Ирпенский лицей №3,Ирпенский лицей №3,Публічна картка товару Mizol; детальні параметри перевіряйте за посиланням,,https://mizol.ua/irpenskij-licej-3
Как выбрать идеальные битумные рулонные материалы,Как выбрать идеальные битумные рулонные материалы,Публічна картка товару Mizol; детальні параметри перевіряйте за посиланням,,https://mizol.ua/kak-vybrat-idealnye-bitumnye-rulonnye-materialy
Как выбрать лестницу на чердак,Как выбрать лестницу на чердак,Публічна картка товару Mizol; детальні параметри перевіряйте за посиланням,,https://mizol.ua/kak-vybrat-lestnicu-na-cherdak
Как выбрать матариал для восстановления фасада?,фасадна панель,Публічна картка товару Mizol; детальні параметри перевіряйте за посиланням,,https://mizol.ua/kak-vybrat-matarial-dlya-vosstanovleniya-fasada
Как герметизировать углы и примыкания гидроизоляции из битумных мембран к конструкциям кровли,мембрана,Публічна картка товару Mizol; детальні параметри перевіряйте за посиланням,,https://mizol.ua/kak-germetizirovat-ugly-i-primykaniya-gidroizolyacii-iz-bitumnyh-membran-k-konstrukciyam-krovli
Как отремонтировать битумную мембрану на кровле,мембрана,Публічна картка товару Mizol; детальні параметри перевіряйте за посиланням,,https://mizol.ua/kak-otremontirovat-bitumnuyu-membranu-na-krovle
Как подобрать водосточную трубу,водостічна система,Публічна картка товару Mizol; детальні параметри перевіряйте за посиланням,,https://mizol.ua/kak-podobrat-vodostochnuyu-trubu
Как правильно выбрать софит для крыши: советы; которые сохранят время и деньги,Как правильно выбрать софит для крыши: советы; которые сохранят время и деньги,Публічна картка товару Mizol; детальні параметри перевіряйте за посиланням,,https://mizol.ua/kak-pravilno-vybrat-sofit-dlya-kryshi-sovety-kotorye-sohranyat-vremya-dengi
Как правильно монтировать лестницу на чердак,Как правильно монтировать лестницу на чердак,Публічна картка товару Mizol; детальні параметри перевіряйте за посиланням,,https://mizol.ua/kak-pravilno-montirovat-lestnicu-na-cherdak
Как правильно применять кровельные гвозди для монтажа битумной черепицы,бітумна черепиця,Публічна картка товару Mizol; детальні параметри перевіряйте за посиланням,,https://mizol.ua/kak-pravilno-primenyat-krovelnye-gvozdi-dlya-montazha-bitumnoj-cherepicy
Как правильно ухаживать за виниловым сайдингом: шаги для сохранения его красоты и функциональности,сайдинг,Публічна картка товару Mizol; детальні параметри перевіряйте за посиланням,,https://mizol.ua/kak-pravilno-uhazhivat-za-vinilovym-sajdingom-shagi-dlya-sohraneniya-ego-krasoty-i-funkcionalnosti
Как работают механизмы замков для фиксации чердачных лестниц,Как работают механизмы замков для фиксации чердачных лестниц,Публічна картка товару Mizol; детальні параметри перевіряйте за посиланням,,https://mizol.ua/kak-rabotayut-mehanizmy-zamkov-dlya-fiksacii-cherdachnyh-lestnic
Как рассчитать размер короба чердачной лестницы,Как рассчитать размер короба чердачной лестницы,Публічна картка товару Mizol; детальні параметри перевіряйте за посиланням,,https://mizol.ua/kak-rasschitat-razmer-koroba-cherdachnoj-lestnicy
Как устроена плоская кровля - КОНСТРУКТИВНЫЕ РЕШЕНИЯ XXI ВЕКА,Как устроена плоская кровля - КОНСТРУКТИВНЫЕ РЕШЕНИЯ XXI ВЕКА,Публічна картка товару Mizol; детальні параметри перевіряйте за посиланням,,https://mizol.ua/kak-ustroena-ploskaya-krovlya-konstruktivnye-resheniya-xxi-veka
Как утеплить крышу,теплоізоляція,Публічна картка товару Mizol; детальні параметри перевіряйте за посиланням,,https://mizol.ua/kak-uteplit-kryshu
КАК ЭКОНОМНО УБЕРЕЧЬ ВОДОСТОК В ХОЛОДНОЕ ВРЕМЯ ГОДА?,водостічна система,Публічна картка товару Mizol; детальні параметри перевіряйте за посиланням,,https://mizol.ua/kak-ekonomno-uberechy-vodostok-v-holodnoe-vremya-goda
Какой фасад выбрать для дома?,фасадна панель,Публічна картка товару Mizol; детальні параметри перевіряйте за посиланням,,https://mizol.ua/kakoj-fasad-vybrat-dlya-doma
Какую битумную черепицу выбрать,бітумна черепиця,Публічна картка товару Mizol; детальні параметри перевіряйте за посиланням,,https://mizol.ua/kakuyu-bitumnuyu-cherepicu-vybrat
Капитальный ремонт корпуса №2 КП Хмельницкая городская больница,Капитальный ремонт корпуса №2 КП Хмельницкая городская больница,Публічна картка товару Mizol; детальні параметри перевіряйте за посиланням,,https://mizol.ua/kapitalnyj-remont-korpusa-2-kp-hmelnickaya-gorodskaya-bolnica
Компания «Мизол» официально получила сертификат соответствия международному стандарту ISO 9001,Компания «Мизол» официально получила сертификат соответствия международному стандарту ISO 9001,Публічна картка товару Mizol; детальні параметри перевіряйте за посиланням,,https://mizol.ua/kompaniya-mizol-oficialno-poluchila-sertifikat-sootvetstviya-mezhdunarodnomu-standartu-iso-9001
КОМПЛЕКС МАТЕРИАЛОВ ДЛЯ ГРАМОТНОЙ ЭКОНОМИИ,КОМПЛЕКС МАТЕРИАЛОВ ДЛЯ ГРАМОТНОЙ ЭКОНОМИИ,Публічна картка товару Mizol; детальні параметри перевіряйте за посиланням,,https://mizol.ua/kompleks-materialov-dlya-gramotnoj-ekonomii
Комплексный водоотвод. Система водоотвода для криши,Комплексный водоотвод. Система водоотвода для криши,Публічна картка товару Mizol; детальні параметри перевіряйте за посиланням,,https://mizol.ua/kompleksnyj-vodootvod-sistema-vodootvoda-dlya-krishi
Конструктивное решение откосной части шламонакопителя,Конструктивное решение откосной части шламонакопителя,Публічна картка товару Mizol; детальні параметри перевіряйте за посиланням,,https://mizol.ua/konstruktivnoe-reshenie-otkosnoj-chasti-shlamonakopitelya
КОТТЕДЖНЫЙ ГОРОДОК «ГОРОД СОЛНЦА»,КОТТЕДЖНЫЙ ГОРОДОК «ГОРОД СОЛНЦА»,Публічна картка товару Mizol; детальні параметри перевіряйте за посиланням,,https://mizol.ua/kottedghnyy-gorodok-gorod-solnca-
Кровля из ПВХ-мембраны по профилированному настилу. Устройство контруклона в зоне парапета к водосборной воронке,мембрана,Публічна картка товару Mizol; детальні параметри перевіряйте за посиланням,,https://mizol.ua/krovlya-iz-pvh-membrany-po-profilirovannomu-nastilu-ustrojstvo-kontruklona-v-zone-parapeta-k-vodosbo
КРОВЛЯ ПРОТЕКАЕТ; И ВЫ НЕ ЗНАЕТЕ; ЧТО ДЕЛАТЬ? ЕСТЬ УНИВЕРСАЛЬНОЕ РЕШЕНИЕ!,КРОВЛЯ ПРОТЕКАЕТ; И ВЫ НЕ ЗНАЕТЕ; ЧТО ДЕЛАТЬ? ЕСТЬ УНИВЕРСАЛЬНОЕ РЕШЕНИЕ!,Публічна картка товару Mizol; детальні параметри перевіряйте за посиланням,,https://mizol.ua/krovlya-protekaet-i-vy-ne-znaete-chto-delaty-esty-universalynoe-reshenie
Крыша как комплекс материалов: почему это важно,Крыша как комплекс материалов: почему это важно,Публічна картка товару Mizol; детальні параметри перевіряйте за посиланням,,https://mizol.ua/krysha-kak-kompleks-materialov-pochemu-eto-vazhno
Мембраны Tyvek: Полный путеводитель по технологиям DuPont,мембрана,Публічна картка товару Mizol; детальні параметри перевіряйте за посиланням,,https://mizol.ua/membrany-tyvek-polnyj-putevoditel-po-tehnologiyam-dupont
Мембраны и плёнки JUTA – как закрытие крыши; а также повреждённых участков жилых и промышленных зданий.,мембрана,Публічна картка товару Mizol; детальні параметри перевіряйте за посиланням,,https://mizol.ua/membrany-i-plyonki-juta-kak-zakrytie-kryshi-takzhe-povrezhdyonnyh-uchastkov
Монтаж оконных лент: защитите дом от плесени!,Монтаж оконных лент: защитите дом от плесени!,Публічна картка товару Mizol; детальні параметри перевіряйте за посиланням,,https://mizol.ua/montazh-okonnyh-lent-zashitite-dom-ot-pleseni
Монтаж парапетных воронок,Монтаж парапетных воронок,Публічна картка товару Mizol; детальні параметри перевіряйте за посиланням,,https://mizol.ua/montazh-parapetnyh-voronok
МОНТАЖ ПВХ-МЕМБРАНИ FLAGON,мембрана,Публічна картка товару Mizol; детальні параметри перевіряйте за посиланням,,https://mizol.ua/montagh-pvh-membrani-flagon
Монтаж сифонно-вакуумной водосточной системы,водостічна система,Публічна картка товару Mizol; детальні параметри перевіряйте за посиланням,,https://mizol.ua/montazh-sifonno-vakuumnoj-vodostochnoj-sistemy
Навесы; пристройки и плоские кровли – какая битумная черепица подходит,бітумна черепиця,Публічна картка товару Mizol; детальні параметри перевіряйте за посиланням,,https://mizol.ua/navesy-pristrojki-i-ploskie-krovli-kakaya-bitumnaya-cherepica-podhodit
Наружная стена из панелей поэлементной сборки с использованием стеновых кассет,Наружная стена из панелей поэлементной сборки с использованием стеновых кассет,Публічна картка товару Mizol; детальні параметри перевіряйте за посиланням,,https://mizol.ua/naruzhnaya-stena-iz-panelej-poelementnoj-sborki-s-ispolzovaniem-stenovyh-kasset
Наружная стена с отделкой под ЛММ,Наружная стена с отделкой под ЛММ,Публічна картка товару Mizol; детальні параметри перевіряйте за посиланням,,https://mizol.ua/naruzhnaya-stena-s-otdelkoj-pod-lmm
Неизменная надежность: Европейское качество по стабильной цене!,Неизменная надежность: Европейское качество по стабильной цене!,Публічна картка товару Mizol; детальні параметри перевіряйте за посиланням,,https://mizol.ua/neizmennaya-nadezhnost-evropejskoe-kachestvo-po-stabilnoj-cene
НОВАЯ КОЛЛЕКЦИЯ ОТ ФАСАДНЫХ ПАНЕЛЕЙ KERRAFRONT,фасадна панель,Публічна картка товару Mizol; детальні параметри перевіряйте за посиланням,,https://mizol.ua/novaya-kollekciya-ot-fasadnyh-panelej-kerrafront
Новинка Oman Long 330 Termo (130×70) H330,Новинка Oman Long 330 Termo (130×70) H330,Публічна картка товару Mizol; детальні параметри перевіряйте за посиланням,,https://mizol.ua/novinka-oman-long-330-termo-13070-h330
Новинка в ассортименте фасадных систем от Euroizol – VOX Fronto MAX,фасадна панель,Публічна картка товару Mizol; детальні параметри перевіряйте за посиланням,,https://mizol.ua/novinka-v-assortimente-fasadnyh-sistem-ot-euroizol-vox-fronto-max
НОВИНКА! ЭКСКЛЮЗИВНО В MIZOL – КАРНИЗНАЯ ПОДШИВА INFRATOP ОТ VOX,НОВИНКА! ЭКСКЛЮЗИВНО В MIZOL – КАРНИЗНАЯ ПОДШИВА INFRATOP ОТ VOX,Публічна картка товару Mizol; детальні параметри перевіряйте за посиланням,,https://mizol.ua/novinka-eksklyuzivno-v-mizol-%E2%80%93-karniznaya-podshiva-infratop-ot-vox
НОВИНКИ В АССОРТИМЕНТЕ СИСТЕМ ВОДООТВОДА ДЛЯ ПЛОСКИХ КРОВЕЛЬ SITA!,НОВИНКИ В АССОРТИМЕНТЕ СИСТЕМ ВОДООТВОДА ДЛЯ ПЛОСКИХ КРОВЕЛЬ SITA!,Публічна картка товару Mizol; детальні параметри перевіряйте за посиланням,,https://mizol.ua/novinki-v-assortimente-sistem-vodootvoda-dlya-ploskih-krovely-sita
Новый метод монтажа сайдинга,сайдинг,Публічна картка товару Mizol; детальні параметри перевіряйте за посиланням,,https://mizol.ua/novyj-metod-montazha-sajdinga
Новый режим работы складов,Новый режим работы складов,Публічна картка товару Mizol; детальні параметри перевіряйте за посиланням,,https://mizol.ua/novyj-rezhim-raboty-skladov
НОВЫЙ ЦВЕТ КАРНИЗНОЙ ПОДШИВКИ АЙДАХО,НОВЫЙ ЦВЕТ КАРНИЗНОЙ ПОДШИВКИ АЙДАХО,Публічна картка товару Mizol; детальні параметри перевіряйте за посиланням,,https://mizol.ua/novyy-cvet-karniznoy-podshivki-aydaho
ОСНОВНЫЕ ОШИБКИ МОНТАЖА ВОДОСТОЧНОЙ СИСТЕМЫ,водостічна система,Публічна картка товару Mizol; детальні параметри перевіряйте за посиланням,,https://mizol.ua/osnovnie-oshibki-montazha-vodostochnoy-sistemi
Пароизоляция скатной и плоской кровли.,Пароизоляция скатной и плоской кровли.,Публічна картка товару Mizol; детальні параметри перевіряйте за посиланням,,https://mizol.ua/paroizolyaciya-skatnoj-i-ploskoj-krovli
ПАРТНЕРСКАЯ ПРОГРАММА (ПП) 2.0 «PURMO + VARIO TERM: ПРАКТИЧЕСКАЯ ВЫГОДА – ГАРАНТИРОВАННЫЙ ОТДЫХ»,ПАРТНЕРСКАЯ ПРОГРАММА (ПП) 2.0 «PURMO + VARIO TERM: ПРАКТИЧЕСКАЯ ВЫГОДА – ГАРАНТИРОВАННЫЙ ОТДЫХ»,Публічна картка товару Mizol; детальні параметри перевіряйте за посиланням,,https://mizol.ua/partnerskaya-programma-pp-20-purmo-vario-term-prakticheskaya-vygoda-garantirovannyj-otdyh
ПВХ-ЛИСТ MARVEC CS – НОВИНКА В АССОРТИМЕНТЕ EUROIZOL,ПВХ-ЛИСТ MARVEC CS – НОВИНКА В АССОРТИМЕНТЕ EUROIZOL,Публічна картка товару Mizol; детальні параметри перевіряйте за посиланням,,https://mizol.ua/pvh-list-marvec-cs-%E2%80%93-novinka-v-assortimente-euroizol
Платиновая гарантия: что это означает на самом деле,Платиновая гарантия: что это означает на самом деле,Публічна картка товару Mizol; детальні параметри перевіряйте за посиланням,,https://mizol.ua/platinovaya-garantiya-chto-eto-oznachaet-na-samom-dele
ППС VS ЭППС. ЧТО ЛУЧШЕ?,ППС VS ЭППС. ЧТО ЛУЧШЕ?,Публічна картка товару Mizol; детальні параметри перевіряйте за посиланням,,https://mizol.ua/pps-vs-epps-chto-luchshe
Правила хранения и транспортировки материалов из полимеров,Правила хранения и транспортировки материалов из полимеров,Публічна картка товару Mizol; детальні параметри перевіряйте за посиланням,,https://mizol.ua/pravila-hraneniya-i-transportirovki-materialov-iz-polimerov
Преимущества лент по сравнению с другими методами склеивания кровельных материалов,Преимущества лент по сравнению с другими методами склеивания кровельных материалов,Публічна картка товару Mizol; детальні параметри перевіряйте за посиланням,,https://mizol.ua/preimushestva-lent-po-sravneniyu-s-drugimi-metodami-skleivaniya-krovelnyh-materialov
Преимущества чердачных лестниц ОМАN™,Преимущества чердачных лестниц ОМАN™,Публічна картка товару Mizol; детальні параметри перевіряйте за посиланням,,https://mizol.ua/preimushestva-cherdachnyh-lestnic-oman
Производственно-складские здания ЧП &quot;Виллис&quot;,Производственно-складские здания ЧП &quot;Виллис&quot;,Публічна картка товару Mizol; детальні параметри перевіряйте за посиланням,,https://mizol.ua/proizvodstvenno-skladskie-zdaniya-chp-villis
Пять методов как утеплить чердак или метод убрать конденсат под крышей,теплоізоляція,Публічна картка товару Mizol; детальні параметри перевіряйте за посиланням,,https://mizol.ua/pyaty-metodov-kak-utepluty-cherdak-ulu-metod-ubraty-kondensat-pod-kryshey
Регулировка чердачных лестниц,Регулировка чердачных лестниц,Публічна картка товару Mizol; детальні параметри перевіряйте за посиланням,,https://mizol.ua/regulirovka-cherdachnyh-lestnic
Реконструкция завода Рошен,Реконструкция завода Рошен,Публічна картка товару Mizol; детальні параметри перевіряйте за посиланням,,https://mizol.ua/rekonstrukciya-zavoda-roshen
РЕКОРДНЫЕ ЦЕНЫ И ДЕФИЦИТ главных сырьевых материалов. ЧТО ОЖИДАТЬ В 2021 ГОДУ?,РЕКОРДНЫЕ ЦЕНЫ И ДЕФИЦИТ главных сырьевых материалов. ЧТО ОЖИДАТЬ В 2021 ГОДУ?,Публічна картка товару Mizol; детальні параметри перевіряйте за посиланням,,https://mizol.ua/rekordnye-ceny-i-deficit-glavnyh-syryevyh-materualov-chto-oghidaty-v-2021-godu
Ремонт поврежденной кровли из битумной черепицы.,бітумна черепиця,Публічна картка товару Mizol; детальні параметри перевіряйте за посиланням,,https://mizol.ua/remont-povrezhdennoj-krovli-iz-bitumnoj-cherepicy
РЫНОК СЫРЬЯ: ТРЕНДЫ; ИТОГИ 2021. ЧТО ОЖИДАТЬ В 2022?,РЫНОК СЫРЬЯ: ТРЕНДЫ; ИТОГИ 2021. ЧТО ОЖИДАТЬ В 2022?,Публічна картка товару Mizol; детальні параметри перевіряйте за посиланням,,https://mizol.ua/rynok-syrya-trendy-itogi-2021-chto-ozhidat-v-2022
САЙДИНГ ДЛЯ ОБШИВКИ СТЕН – ЭСТЕТИКА И НАДЕЖНОСТЬ ВАШЕГО ДОМА,сайдинг,Публічна картка товару Mizol; детальні параметри перевіряйте за посиланням,,https://mizol.ua/sayding-dlya-obshivki-sten-%E2%80%93-estetika-i-nadeghnosty-vashego-doma
САМЫЕ ТЕПЛЫЕ ЛЕСТНИЦЫ НА ЧЕРДАК СЕМЬИ POLAR TM OMAN (ПОЛЬША),САМЫЕ ТЕПЛЫЕ ЛЕСТНИЦЫ НА ЧЕРДАК СЕМЬИ POLAR TM OMAN (ПОЛЬША),Публічна картка товару Mizol; детальні параметри перевіряйте за посиланням,,https://mizol.ua/samye-teplye-lestnicy-na-cherdak-semi-polar-tm-oman-polsha
САМЫЕ ТЕПЛЫЕ ЧЕРДАЧНЫЕ ЛЕСТНИЦЫ СЕМЬИ POLAR TM OMAN,САМЫЕ ТЕПЛЫЕ ЧЕРДАЧНЫЕ ЛЕСТНИЦЫ СЕМЬИ POLAR TM OMAN,Публічна картка товару Mizol; детальні параметри перевіряйте за посиланням,,https://mizol.ua/samye-teplye-cherdachnye-lestnicy-semi-polar-tm-oman
Сбор и отвод дождевой воды через парапет,Сбор и отвод дождевой воды через парапет,Публічна картка товару Mizol; детальні параметри перевіряйте за посиланням,,https://mizol.ua/sbor-i-otvod-dozhdevoj-vody-cherez-parapet
Секреты современного строительства. История уникальной карнизной подшивы VOX INFRATOP.,Секреты современного строительства. История уникальной карнизной подшивы VOX INFRATOP.,Публічна картка товару Mizol; детальні параметри перевіряйте за посиланням,,https://mizol.ua/sekrety-sovremennogo-stroitelstva-istoriya-unikalnoj-karniznoj-podshivy-vox-infratop
Сифонно-вакуумная или самотечная система водоотведения для плоской кровли. Какую правильно выбрать?,Сифонно-вакуумная или самотечная система водоотведения для плоской кровли. Какую правильно выбрать?,Публічна картка товару Mizol; детальні параметри перевіряйте за посиланням,,https://mizol.ua/sifonno-vakuumnaya-ili-samotechnaya-sistema-vodootvedeniya-dlya-ploskoj-krovli-kakuyu-pravilno-vybra
Скогур ( Skogur),Скогур ( Skogur),Публічна картка товару Mizol; детальні параметри перевіряйте за посиланням,,https://mizol.ua/skogur-skogur
СНИЖЕНИЕ РОЗНИЧНЫХ ЦЕН НА ВЕСЬ АССОРТИМЕНТ ВОДОСТОКОВ PROFIL!,водостічна система,Публічна картка товару Mizol; детальні параметри перевіряйте за посиланням,,https://mizol.ua/snighenie-roznichnyh-cen-na-vesy-assortiment-vodostokov-profil
СО СВЕТЛЫМ ПРАЗДНИКОМ ПАСХИ!,СО СВЕТЛЫМ ПРАЗДНИКОМ ПАСХИ!,Публічна картка товару Mizol; детальні параметри перевіряйте за посиланням,,https://mizol.ua/so-svetlym-prazdnikom-pashi
Софиты для крыши: как выбрать и какие преимущества,Софиты для крыши: как выбрать и какие преимущества,Публічна картка товару Mizol; детальні параметри перевіряйте за посиланням,,https://mizol.ua/sofity-dlya-kryshi-kak-vybrat-i-kakie-preimushestva
СОФИТЫ. ДЛЯ ЧЕГО ОНИ НУЖНЫ?,СОФИТЫ. ДЛЯ ЧЕГО ОНИ НУЖНЫ?,Публічна картка товару Mizol; детальні параметри перевіряйте за посиланням,,https://mizol.ua/sofity-dlya-chego-oni-nughny
Специальное предложение на MAX-3 и FaSiding WoodHouse!,Специальное предложение на MAX-3 и FaSiding WoodHouse!,Публічна картка товару Mizol; детальні параметри перевіряйте за посиланням,,https://mizol.ua/specialnoe-predlozhenie-na-max-3-i-fasiding-woodhouse
Супердиффузионная подкровельная мембрана Евробарьер F150 – лучшее решение для фальцевых кровель.,мембрана,Публічна картка товару Mizol; детальні параметри перевіряйте за посиланням,,https://mizol.ua/superdiffuzionnaya-podkrovelnaya-membrana-evrobarer-f150-luchshee-reshenie-dlya-falcevyh-krovel
Технология укладки битумных мембран на кровлю - пошаговая инструкция,мембрана,Публічна картка товару Mizol; детальні параметри перевіряйте за посиланням,,https://mizol.ua/tehnologiya-ukladki-bitumnyh-membran-na-krovlyu-poshagovaya-instrukciya
Типичные проблемы и ошибки при применении лент на кровле,Типичные проблемы и ошибки при применении лент на кровле,Публічна картка товару Mizol; детальні параметри перевіряйте за посиланням,,https://mizol.ua/tipichnye-problemy-i-oshibki-pri-primenenii-lent-na-krovle
ТРЦ РОСТ,ТРЦ РОСТ,Публічна картка товару Mizol; детальні параметри перевіряйте за посиланням,,https://mizol.ua/trc-rost
Установка водосточной системы – коротко о самом важном,водостічна система,Публічна картка товару Mizol; детальні параметри перевіряйте за посиланням,,https://mizol.ua/ustanovka-vodostochnoj-sistemy-korotko-o-samom-vazhnom
Устройство вентиляции чердака с помощью слухового окна,Устройство вентиляции чердака с помощью слухового окна,Публічна картка товару Mizol; детальні параметри перевіряйте за посиланням,,https://mizol.ua/ustroystvo-ventulyacuu-cherdaka-s-pomoschyyu-sluhovogo-okna
Устройство вентиляции через конек холодного чердака,Устройство вентиляции через конек холодного чердака,Публічна картка товару Mizol; детальні параметри перевіряйте за посиланням,,https://mizol.ua/ustroystvo-ventulyacuu-cherez-konek-holodnogo-cherdaka
Устройство мансардного окна в кровлю с покрытием из керамической черепицы,бітумна черепиця,Публічна картка товару Mizol; детальні параметри перевіряйте за посиланням,,https://mizol.ua/ustroystvo-mansardnogo-okna-v-krovlyu-s-pokrytuem-uz-keramucheskoy-cherepucy-
Устройство отвода дождевых и талых вод,Устройство отвода дождевых и талых вод,Публічна картка товару Mizol; детальні параметри перевіряйте за посиланням,,https://mizol.ua/ustrojstvo-otvoda-dozhdevyh-i-talyh-vod
Устройство противофильтрационного экрана Шламонакопителя,Устройство противофильтрационного экрана Шламонакопителя,Публічна картка товару Mizol; детальні параметри перевіряйте за посиланням,,https://mizol.ua/ustrojstvo-protivofiltracionnogo-ekrana-shlamonakopitelya
Устройство системы линейного водоотвода HAURATON вдоль бардюра с щелевой решеткой,Устройство системы линейного водоотвода HAURATON вдоль бардюра с щелевой решеткой,Публічна картка товару Mizol; детальні параметри перевіряйте за посиланням,,https://mizol.ua/ustrojstvo-sistemy-linejnogo-vodootvoda-hauraton-vdol-bardyura-s-shelevoj-reshetkoj
Устройство скатной кровли с покрытием из битумной черепицы. Примыкания к вентиляционному канала,бітумна черепиця,Публічна картка товару Mizol; детальні параметри перевіряйте за посиланням,,https://mizol.ua/ustroystvo-skatnoy-krovlu-s-pokrytuem-uz-butumnoy-cherepucy-prumykanuya-k-ventulyacuonnomu-kanala
Устройство скатной кровли с покрытием из битумной черепицы. Примыкания пароизоляции к стропильным затяжкам,бітумна черепиця,Публічна картка товару Mizol; детальні параметри перевіряйте за посиланням,,https://mizol.ua/ustroystvo-skatnoy-krovlu-s-pokrytuem-uz-butumnoy-cherepucy-prumykanuya-parouzolyacuu-k-stropulynym-zatyaghkam
Устройство скатной кровли с покрытием из битумной черепицы. Устройство кровли в зоне карниза,бітумна черепиця,Публічна картка товару Mizol; детальні параметри перевіряйте за посиланням,,https://mizol.ua/ustroystvo-skatnoy-krovlu-s-pokrytuem-uz-butumnoy-cherepucy-ustroystvo-krovlu-v-zone-karnuza
Устройство традиционной кровли с механической фиксацией ПВХ-мембраны к сборной стяжке из ЦСП,мембрана,Публічна картка товару Mizol; детальні параметри перевіряйте за посиланням,,https://mizol.ua/ustrojstvo-tradicionnoj-krovli-s-mehanicheskoj-fiksaciej-pvh-membrany-k-sbornoj-styazhke-iz-csp
Устройство традиционной кровли. Гидроизоляция парапета,Устройство традиционной кровли. Гидроизоляция парапета,Публічна картка товару Mizol; детальні параметри перевіряйте за посиланням,,https://mizol.ua/ustrojstvo-tradicionnoj-krovli-gidroizolyaciya-parapeta
Устройство утепленной кровли по стропильной затяжке,теплоізоляція,Публічна картка товару Mizol; детальні параметри перевіряйте за посиланням,,https://mizol.ua/ustroystvo-uteplennoy-krovlu-po-stropulynoy-zatyaghke
Устройство ходовых дорожек на кровле с основанием из профилированного металлического настила,Устройство ходовых дорожек на кровле с основанием из профилированного металлического настила,Публічна картка товару Mizol; детальні параметри перевіряйте за посиланням,,https://mizol.ua/ustrojstvo-hodovyh-dorozhek-na-krovle-s-osnovaniem-iz-profilirovannogo-metallicheskogo-nastila
Устройство эксплуатируемого покрытия. Примыкание к многоуровневой воронке водоотвода,Устройство эксплуатируемого покрытия. Примыкание к многоуровневой воронке водоотвода,Публічна картка товару Mizol; детальні параметри перевіряйте за посиланням,,https://mizol.ua/ustrojstvo-ekspluatiruemogo-pokrytiya-primykanie-k-mnogourovnevoj-voronke-vodootvoda
Устройство эксплуатируемой кровли из покрытием из тротуарной плитки,Устройство эксплуатируемой кровли из покрытием из тротуарной плитки,Публічна картка товару Mizol; детальні параметри перевіряйте за посиланням,,https://mizol.ua/ustrojstvo-ekspluatiruemoj-krovli-iz-pokrytiem-iz-trotuarnoj-plitki
УТЕПЛЕНИЕ ФАСАДА ДОМА СНАРУЖИ: ЛУЧШИЙ СПОСОБ НАЛАДИТЬ МИКРОКЛИМАТ В ДОМЕ,фасадна панель,Публічна картка товару Mizol; детальні параметри перевіряйте за посиланням,,https://mizol.ua/uteplenie-fasada-doma-snarughi%3A-luchshiy-sposob-naladity-mikroklimat-v-dome
Утепление чердачного перекрытия. Подкровельная гидроизоляции скатной крыши. Устройство передвижных трапов,теплоізоляція,Публічна картка товару Mizol; детальні параметри перевіряйте за посиланням,,https://mizol.ua/uteplenue-cherdachnogo-perekrytuya-podkrovelynaya-gudrouzolyacuu-skatnoy-kryshu-ustroystvo-peredvughnyh-trapov
Участие компании EUROIZOL в Украинском Строительном Конгрессе.,Участие компании EUROIZOL в Украинском Строительном Конгрессе.,Публічна картка товару Mizol; детальні параметри перевіряйте за посиланням,,https://mizol.ua/uchastie-kompanii-euroizol-v-ukrainskom-stroitelnom-kongresse
Факторы; которые следует учитывать при выборе битумных рулонных гидроизоляционных материалов (еврорубероидов),Факторы; которые следует учитывать при выборе битумных рулонных гидроизоляционных материалов (еврорубероидов),Публічна картка товару Mizol; детальні параметри перевіряйте за посиланням,,https://mizol.ua/faktory-kotorye-sleduet-uchityvat-pri-vybore-bitumnyh-rulonnyh-gidroizolyacionnyh-materialov-evrorub
Харьковская Областная детская клиническая больница №1,Харьковская Областная детская клиническая больница №1,Публічна картка товару Mizol; детальні параметри перевіряйте за посиланням,,https://mizol.ua/harkovskaya-oblastnaya-detskaya-klinicheskaya-bolnica-1
Харьковская филармония,Харьковская филармония,Публічна картка товару Mizol; детальні параметри перевіряйте за посиланням,,https://mizol.ua/harkovskaya-filarmoniya
ЧТО ВАЖНЕЕ В ДИЗАЙНЕ ДОМА: ЕГО ВНЕШНИЙ ВИД; ИЛИ ВНУТРЕННЯЯ ОТДЕЛКА?,ЧТО ВАЖНЕЕ В ДИЗАЙНЕ ДОМА: ЕГО ВНЕШНИЙ ВИД; ИЛИ ВНУТРЕННЯЯ ОТДЕЛКА?,Публічна картка товару Mizol; детальні параметри перевіряйте за посиланням,,https://mizol.ua/chto-vaghnee-v-dizayne-doma%3A-ego-vneshniy-vid-ili-vnutrennyaya-otdelka
Что нужно учесть при подборе лестницы на чердак ТМ Oman,Что нужно учесть при подборе лестницы на чердак ТМ Oman,Публічна картка товару Mizol; детальні параметри перевіряйте за посиланням,,https://mizol.ua/chto-nuzhno-uchest-pri-podbore-lestnicy-na-cherdak-tm-oman
Эффективная реконструкция плоских кровель,Эффективная реконструкция плоских кровель,Публічна картка товару Mizol; детальні параметри перевіряйте за посиланням,,https://mizol.ua/effektivnaya-rekonstrukciya-ploskih-krovel
Монтаж битумной черепицы в холодное время года.,бітумна черепиця,Публічна картка товару Mizol; детальні параметри перевіряйте за посиланням,,https://mizol.ua/montazh-bitumnoj-cherepicy-v-holodnoe-vremya-goda
Геотекстиль Low&Bonar Tipptex BS 9 (5x100 м),геотекстиль,Публічна картка товару Mizol; детальні параметри перевіряйте за посиланням,,https://mizol.ua/ua/44979-%09geotekstuly-lowbonar-tipptex-bs-9-5x100-m
#Комплект Standard тип V прямий (вузол нижнього підключення прямий+ термоголовка Prestige+ перехідники); PRNYGS0206C/FP(with nipples),#Комплект Standard тип V прямий (вузол нижнього підключення прямий+ термоголовка Prestige+ перехідники); PRNYGS0206C/FP(with nipples),Публічна картка товару Mizol; детальні параметри перевіряйте за посиланням,,https://mizol.ua/ua/136512-komplekt-standard-tup-v-pryamoy-uzel-nughnego-podklyuchenuya-pryamoy-termogolovka-prestige-perehodnuku-prnygs0206cfpwith-nipples
Сітка для затінення 35% (8*50 м),полімерна сітка,Публічна картка товару Mizol; детальні параметри перевіряйте за посиланням,,https://mizol.ua/ua/25704-35-850m
CLIPS RETE 35 зелена (24 шт),CLIPS RETE 35 зелена (24 шт),Публічна картка товару Mizol; детальні параметри перевіряйте за посиланням,,https://mizol.ua/ua/35374-clips-rete-35-zelenaya-24-sht
H-планка VOX INFRATOP Вінчестер 3;05м,H-планка VOX INFRATOP Вінчестер 3;05м,Публічна картка товару Mizol; детальні параметри перевіряйте за посиланням,,https://mizol.ua/ua/114833-h-planka-vox-infratop-vunchester-305m
J-планка VOX INFRATOP Біла 3;05м,J-планка VOX INFRATOP Біла 3;05м,Публічна картка товару Mizol; детальні параметри перевіряйте за посиланням,,https://mizol.ua/ua/64515-j-planka-vox-infratop-belyy-305-m
J-планка VOX INFRATOP Вінчестер 3;05м,J-планка VOX INFRATOP Вінчестер 3;05м,Публічна картка товару Mizol; детальні параметри перевіряйте за посиланням,,https://mizol.ua/ua/114834-j-planka-vox-infratop-vunchester-305m
J-планка VOX INFRATOP Графіт 3;05м,J-планка VOX INFRATOP Графіт 3;05м,Публічна картка товару Mizol; детальні параметри перевіряйте за посиланням,,https://mizol.ua/ua/64517-j-planka-vox-infratop-grafut-305-m
J-планка VOX INFRATOP Золотий дуб 3;05 м,J-планка VOX INFRATOP Золотий дуб 3;05 м,Публічна картка товару Mizol; детальні параметри перевіряйте за посиланням,,https://mizol.ua/ua/64518-j-planka-vox-infratop-zolotoy-dub-305-m
J-планка VOX INFRATOP Коричнева 3;05м,J-планка VOX INFRATOP Коричнева 3;05м,Публічна картка товару Mizol; детальні параметри перевіряйте за посиланням,,https://mizol.ua/ua/64516-j-planka-vox-infratop-koruchnevyy-305-m
J-планка VOX INFRATOP Горіх 3;05 м,J-планка VOX INFRATOP Горіх 3;05 м,Публічна картка товару Mizol; детальні параметри перевіряйте за посиланням,,https://mizol.ua/ua/64519-j-planka-vox-infratop-oreh-305-m
J-планка біла айДахо 3;05м,J-планка біла айДахо 3;05м,Публічна картка товару Mizol; детальні параметри перевіряйте за посиланням,,https://mizol.ua/ua/36128-j-planka-belaya-aydaho-305m
J-планка графіт айДахо 3;05м,J-планка графіт айДахо 3;05м,Публічна картка товару Mizol; детальні параметри перевіряйте за посиланням,,https://mizol.ua/ua/54602-j-planka-grafut-aydaho-305m
J-планка коричнева Айдахо 3;05 м,J-планка коричнева Айдахо 3;05 м,Публічна картка товару Mizol; детальні параметри перевіряйте за посиланням,,https://mizol.ua/ua/36129-j-planka-koruchnevaya-aydaho-305m
J-планка Софіт VOX Infratop Дуб 3;05м,J-планка Софіт VOX Infratop Дуб 3;05м,Публічна картка товару Mizol; детальні параметри перевіряйте за посиланням,,https://mizol.ua/ua/239888-j-planka-sofut-vox-infratop-dub-305m
Tруба каналізаціїна з ПВХ Magnaplast 110x3;2/1000 SN4,Tруба каналізаціїна з ПВХ Magnaplast 110x3;2/1000 SN4,Публічна картка товару Mizol; детальні параметри перевіряйте за посиланням,,https://mizol.ua/ua/253490-truba-pvh-narughnoy-kanaluzacuu-magnaplast-110x321000-sn4
Tруба ПВХ зовнішньої каналізації Magnaplast 160x3;2/1000 SN2,Tруба ПВХ зовнішньої каналізації Magnaplast 160x3;2/1000 SN2,Публічна картка товару Mizol; детальні параметри перевіряйте за посиланням,,https://mizol.ua/ua/253500-truba-pvh-narughnoy-kanaluzacuu-magnaplast-160x321000-sn2
Tруба ПП внутрішньої каналізації Magnaplast HT plus 110x2;7/2000мм,Tруба ПП внутрішньої каналізації Magnaplast HT plus 110x2;7/2000мм,Публічна картка товару Mizol; детальні параметри перевіряйте за посиланням,,https://mizol.ua/ua/261269-truba-pp-vnutrenney-kanaluzacuu-magnaplast-ht-plus-110x272000mm
Tруба ПП внутрішньої каналізації Magnaplast HT Plus 50x1;8/500мм,Tруба ПП внутрішньої каналізації Magnaplast HT Plus 50x1;8/500мм,Публічна картка товару Mizol; детальні параметри перевіряйте за посиланням,,https://mizol.ua/ua/261279-truba-pp-vnutrenney-kanaluzacuu-magnaplast-ht-plus-50x18500mm
Агроволокно Greentex p-19 (3;2x100м),Агроволокно Greentex p-19 (3;2x100м),Публічна картка товару Mizol; детальні параметри перевіряйте за посиланням,,https://mizol.ua/ua/30890-agrovolokno-greentex-p-19-32x100m
Агроволокно Greentex p-23 (1;6x100м),Агроволокно Greentex p-23 (1;6x100м),Публічна картка товару Mizol; детальні параметри перевіряйте за посиланням,,https://mizol.ua/ua/30891-agrovolokno-greentex-p-23-16x100m
Агроволокно Greentex p-23 (3;2x100м),Агроволокно Greentex p-23 (3;2x100м),Публічна картка товару Mizol; детальні параметри перевіряйте за посиланням,,https://mizol.ua/ua/30892-agrovolokno-greentex-p-23-32x100m
Агроволокно Greentex p-23 (3.2x5м),Агроволокно Greentex p-23 (3.2x5м),Публічна картка товару Mizol; детальні параметри перевіряйте за посиланням,,https://mizol.ua/ua/59202-agrovolokno-greentex-p-23-32x5m
Агроволокно Greentex p-23 (6.35x100м),Агроволокно Greentex p-23 (6.35x100м),Публічна картка товару Mizol; детальні параметри перевіряйте за посиланням,,https://mizol.ua/ua/47242-agrovolokno-greentex-p-23-635x100m
Агроволокно; щільність 30 г/м2 (1;6x100 м),Агроволокно; щільність 30 г/м2 (1;6x100 м),Публічна картка товару Mizol; детальні параметри перевіряйте за посиланням,,https://mizol.ua/ua/30893-agrovolokno-greentex-p-30-16x100m
Агроволокно Greentex p-30 (3;2x100м),Агроволокно Greentex p-30 (3;2x100м),Публічна картка товару Mizol; детальні параметри перевіряйте за посиланням,,https://mizol.ua/ua/30894-agrovolokno-greentex-p-30-32x100m
Агроволокно Greentex p-30 (3.2x5м),Агроволокно Greentex p-30 (3.2x5м),Публічна картка товару Mizol; детальні параметри перевіряйте за посиланням,,https://mizol.ua/ua/59206-agrovolokno-greentex-p-30-32x5m
Агроволокно Greentex p-30 (4.2x100м),Агроволокно Greentex p-30 (4.2x100м),Публічна картка товару Mizol; детальні параметри перевіряйте за посиланням,,https://mizol.ua/ua/47247-agrovolokno-greentex-p-30-42x100m
Агроволокно Greentex p-30 (6.35x100м),Агроволокно Greentex p-30 (6.35x100м),Публічна картка товару Mizol; детальні параметри перевіряйте за посиланням,,https://mizol.ua/ua/47248-agrovolokno-greentex-p-30-635x100m
Агроволокно Greentex p-50 (1;6x100м),Агроволокно Greentex p-50 (1;6x100м),Публічна картка товару Mizol; детальні параметри перевіряйте за посиланням,,https://mizol.ua/ua/30895-agrovolokno-greentex-p-50-16x100m
Агроволокно Greentex p-50 (1.6x5м),Агроволокно Greentex p-50 (1.6x5м),Публічна картка товару Mizol; детальні параметри перевіряйте за посиланням,,https://mizol.ua/ua/59208-agrovolokno-greentex-p-50-16x5m
Агроволокно Greentex p-50 (3;2x100м),Агроволокно Greentex p-50 (3;2x100м),Публічна картка товару Mizol; детальні параметри перевіряйте за посиланням,,https://mizol.ua/ua/30896-agrovolokno-greentex-p-50-32x100m
Агроволокно Greentex p-50 (4.2x100м),Агроволокно Greentex p-50 (4.2x100м),Публічна картка товару Mizol; детальні параметри перевіряйте за посиланням,,https://mizol.ua/ua/47253-agrovolokno-greentex-p-50-42x100m
Агроволокно Greentex p-50 (6.35x100м),Агроволокно Greentex p-50 (6.35x100м),Публічна картка товару Mizol; детальні параметри перевіряйте за посиланням,,https://mizol.ua/ua/47254-agrovolokno-greentex-p-50-635x100m
Агроволокно Greentex р-19 (1.6х10м),Агроволокно Greentex р-19 (1.6х10м),Публічна картка товару Mizol; детальні параметри перевіряйте за посиланням,,https://mizol.ua/ua/39318-agrovolokno-greentex-r-19-16h10m
Агроволокно Greentex р-23 (1.6х10м),Агроволокно Greentex р-23 (1.6х10м),Публічна картка товару Mizol; детальні параметри перевіряйте за посиланням,,https://mizol.ua/ua/39320-agrovolokno-greentex-r-23-16h10m
Агроволокно Greentex р-23 (3.2х10м),Агроволокно Greentex р-23 (3.2х10м),Публічна картка товару Mizol; детальні параметри перевіряйте за посиланням,,https://mizol.ua/ua/39321-agrovolokno-greentex-r-23-32h10m
Агроволокно Greentex р-30 (1.6х10м),Агроволокно Greentex р-30 (1.6х10м),Публічна картка товару Mizol; детальні параметри перевіряйте за посиланням,,https://mizol.ua/ua/39322-agrovolokno-greentex-r-30-16h10m
Агроволокно Greentex р-30 (3.2х10м),Агроволокно Greentex р-30 (3.2х10м),Публічна картка товару Mizol; детальні параметри перевіряйте за посиланням,,https://mizol.ua/ua/39323-agrovolokno-greentex-r-30-32h10m
Агроволокно Greentex р-50 (1.6х10м),Агроволокно Greentex р-50 (1.6х10м),Публічна картка товару Mizol; детальні параметри перевіряйте за посиланням,,https://mizol.ua/ua/39324-agrovolokno-greentex-r-50-16h10m
Агроволокно Greentex р-50 (3.2х10м),Агроволокно Greentex р-50 (3.2х10м),Публічна картка товару Mizol; детальні параметри перевіряйте за посиланням,,https://mizol.ua/ua/39325-agrovolokno-greentex-r-50-32h10m
Агроволокно Greentex p-50 (3;2x100м) чорне,Агроволокно Greentex p-50 (3;2x100м) чорне,Публічна картка товару Mizol; детальні параметри перевіряйте за посиланням,,https://mizol.ua/ua/30899-agrovolokno--50-gm2-32x100m-chernoe
Агроволокно Greentex p-50 (1;05x100м) чорне,Агроволокно Greentex p-50 (1;05x100м) чорне,Публічна картка товару Mizol; детальні параметри перевіряйте за посиланням,,https://mizol.ua/ua/30897-agrovolokno-plotnosty-50-gm2-105x100m-chernoe
Агроволокно Greentex p-50 (1;6x100м) чорне,Агроволокно Greentex p-50 (1;6x100м) чорне,Публічна картка товару Mizol; детальні параметри перевіряйте за посиланням,,https://mizol.ua/ua/30898-agrovolokno-plotnosty-50-gm2-16x100m-chernoe
Агроволокно; щільність 50 г/м2 (1;6x10 м) чорне,Агроволокно; щільність 50 г/м2 (1;6x10 м) чорне,Публічна картка товару Mizol; детальні параметри перевіряйте за посиланням,,https://mizol.ua/ua/39326-agrovolokno-plotnosty-50-gm2-16h10m-chernoe
Агроволокно Greentex р-50 (3.2х10м) чорне,Агроволокно Greentex р-50 (3.2х10м) чорне,Публічна картка товару Mizol; детальні параметри перевіряйте за посиланням,,https://mizol.ua/ua/39327-agrovolokno-plotnosty-50-gm2-32h10m-chernoe
Агротканина Agrocover 100 г/м2 3.30x100 м,Агротканина Agrocover 100 г/м2 3.30x100 м,Публічна картка товару Mizol; детальні параметри перевіряйте за посиланням,,https://mizol.ua/ua/103048-agrotkany-agrocover-100-gm2--330x100-m-slogh
Агротканина Agrocover 100 г/м2 1.05x100 м чорна,Агротканина Agrocover 100 г/м2 1.05x100 м чорна,Публічна картка товару Mizol; детальні параметри перевіряйте за посиланням,,https://mizol.ua/ua/103044-agrotkany-agrocover-100-gm2-105x100-m-chernaya
Агротканина Agrocover 100 г/м2 1.65x100 м,Агротканина Agrocover 100 г/м2 1.65x100 м,Публічна картка товару Mizol; детальні параметри перевіряйте за посиланням,,https://mizol.ua/ua/103045-agrotkany-agrocover-100-gm2-165x100-m
Агротканина Agrocover 100 г/м2 2.10x100 м Біла,Агротканина Agrocover 100 г/м2 2.10x100 м Біла,Публічна картка товару Mizol; детальні параметри перевіряйте за посиланням,,https://mizol.ua/ua/103047-agrotkany-agrocover-100-gm2-210x100-m-belaya
Агротканина Agrocover 100 г/м2 2.10x100 м,Агротканина Agrocover 100 г/м2 2.10x100 м,Публічна картка товару Mizol; детальні параметри перевіряйте за посиланням,,https://mizol.ua/ua/103046-agrotkany-agrocover-100-gm2-210x100-m-chernaya
Агротканина Agrocover 100 г/м2 4.20x100 м чорна,Агротканина Agrocover 100 г/м2 4.20x100 м чорна,Публічна картка товару Mizol; детальні параметри перевіряйте за посиланням,,https://mizol.ua/ua/103049-agrotkany-agrocover-100-gm2-420x100-m-chernaya
Геотекстиль тканий Agrocover 100 g/m2 5.25x100 m слож.,геотекстиль,Публічна картка товару Mizol; детальні параметри перевіряйте за посиланням,,https://mizol.ua/ua/103050-agrotkany-agrojutex-100-gm2-525x100-m-chernaya
Агрошпалера POLIFORT 1;8мм; 10кг; 2500 м,Агрошпалера POLIFORT 1;8мм; 10кг; 2500 м,Публічна картка товару Mizol; детальні параметри перевіряйте за посиланням,,https://mizol.ua/ua/64986-agroshpalera-polifort-18mm-10kg-2500-m
Агрошпалера POLIFORT 2;2мм; 10кг; 1800м,Агрошпалера POLIFORT 2;2мм; 10кг; 1800м,Публічна картка товару Mizol; детальні параметри перевіряйте за посиланням,,https://mizol.ua/ua/63794-agroshpalera-polifort-22mm-10kg-1800m
Агрошпалера POLIFORT 2;6мм; 10кг; 1400м,Агрошпалера POLIFORT 2;6мм; 10кг; 1400м,Публічна картка товару Mizol; детальні параметри перевіряйте за посиланням,,https://mizol.ua/ua/63795-agroshpalera-polifort-26mm-10kg-1400m
Агрошпалера POLIFORT 3;0мм; 10кг; 1000м,Агрошпалера POLIFORT 3;0мм; 10кг; 1000м,Публічна картка товару Mizol; детальні параметри перевіряйте за посиланням,,https://mizol.ua/ua/63796-agroshpalera-polifort-30mm-10kg-1000m
Агрошпалера POLIFORT 4;0мм; 10кг; 600м,Агрошпалера POLIFORT 4;0мм; 10кг; 600м,Публічна картка товару Mizol; детальні параметри перевіряйте за посиланням,,https://mizol.ua/ua/63797-agroshpalera-polifort-40mm-10kg-600m
Бітумна черепиця Cambridge Xpress (49) Earthone Cedar 2;17м2,бітумна черепиця,Публічна картка товару Mizol; детальні параметри перевіряйте за посиланням,,https://mizol.ua/ua/285605-bitumna-cherepucya-cambridge-xpress-49-earthone-cedar-217m2
Бітумна черепиця Cambridge Xpress (51) Eastern Grey 2;17м2,бітумна черепиця,Публічна картка товару Mizol; детальні параметри перевіряйте за посиланням,,https://mizol.ua/ua/285607-bitumna-cherepucya-cambridge-xpress-51-eastern-grey-217m2
Бітумна черепиця Cambridge Xpress (52) Dual Black 2;17м2,бітумна черепиця,Публічна картка товару Mizol; детальні параметри перевіряйте за посиланням,,https://mizol.ua/ua/281587-bitumna-cherepucya-cambridge-xpress-52-dual-black-217m2
Базальтова вата Rockwool Rockmin 100 мм (1000*600),теплоізоляція,Публічна картка товару Mizol; детальні параметри перевіряйте за посиланням,,https://mizol.ua/ua/1708-bazalytovaya-vata-rockwool-rockmin-100-mm-1000600
Базальтова вата Rockwool Rockmin 50 мм (1000*600),теплоізоляція,Публічна картка товару Mizol; детальні параметри перевіряйте за посиланням,,https://mizol.ua/ua/16368-bazalytovaya-vata-rockwool-rockmin-50-mm-1000600
Базальтова вата Rockwool Rockmin Plus 100 мм (1000*610),теплоізоляція,Публічна картка товару Mizol; детальні параметри перевіряйте за посиланням,,https://mizol.ua/ua/21832-bazalytovaya-vata-rockwool-rockmin-plus-100-mm-1000610
Базальтова вата Rockwool Rockmin Plus 50 мм (1000*610),теплоізоляція,Публічна картка товару Mizol; детальні параметри перевіряйте за посиланням,,https://mizol.ua/ua/21831-bazalytovaya-vata-rockwool-rockmin-plus-50-mm-1000610
Базальтова вата Rockwool Superrock 100 мм (1000*610),теплоізоляція,Публічна картка товару Mizol; детальні параметри перевіряйте за посиланням,,https://mizol.ua/ua/20603-bazalytovaya-vata-rockwool-superrock-100-mm-1000610
Базальтова вата Rockwool Superrock 50 мм (1000*610),теплоізоляція,Публічна картка товару Mizol; детальні параметри перевіряйте за посиланням,,https://mizol.ua/ua/20604-bazalytovaya-vata-rockwool-superrock-50-mm-1000610
Балконна воронка SitaMini кутова з ПВХ фартухом (діаметр 75 мм),Балконна воронка SitaMini кутова з ПВХ фартухом (діаметр 75 мм),Публічна картка товару Mizol; детальні параметри перевіряйте за посиланням,,https://mizol.ua/ua/208400-balkonna-voronka-sitamini-kutova-z-pvh-fartuhom-diametr-75-mm
Балконна / Терасна воронка з поліуретану SitaCompact вертикальна з бітумним фартухом (діаметр 50 мм),Балконна / Терасна воронка з поліуретану SitaCompact вертикальна з бітумним фартухом (діаметр 50 мм),Публічна картка товару Mizol; детальні параметри перевіряйте за посиланням,,https://mizol.ua/ua/205626-balkonnaya--terrasnaya-voronka-uz-poluuretana-sitacompact-vertukalynaya-s-butumnym-fartukom-duametr-50-mm
Балконна / Терасна воронка з поліуретану SitaCompact вертикальна з ПВХ фартухом (діаметр 75 мм),Балконна / Терасна воронка з поліуретану SitaCompact вертикальна з ПВХ фартухом (діаметр 75 мм),Публічна картка товару Mizol; детальні параметри перевіряйте за посиланням,,https://mizol.ua/ua/208398-balkonnaya--terrasnaya-voronka-uz-poluuretana-sitacompact-vertukalynaya-s-pvh-fartukom-duametr-75-mm
Балконна воронка SitaMini кутова з Бітумним фартухом (діаметр 75 мм),Балконна воронка SitaMini кутова з Бітумним фартухом (діаметр 75 мм),Публічна картка товару Mizol; детальні параметри перевіряйте за посиланням,,https://mizol.ua/ua/208938-balkonnaya-voronka-sitamini-vertukalynaya-uz-poluuretana-uteplennaya-s-vvarenym-soedunutelynym-butumnym-fartukom-300-mm-x-300-mm--dn-5070-s-lustoulovutelem
Балконна воронка з поліуретану SitaMini вертикальна з ПВХ фартухом (діаметр 50/70 мм); з листоуловлювачем.,Балконна воронка з поліуретану SitaMini вертикальна з ПВХ фартухом (діаметр 50/70 мм); з листоуловлювачем.,Публічна картка товару Mizol; детальні параметри перевіряйте за посиланням,,https://mizol.ua/ua/145943-balkonnaya-voronka-uz-poluuretana-sitamini-vertukalynaya-s-pvh-fartukom-duametr-5070-mm-s-lustoulovutelem
Балконна насадка SitaMini; з решіткою з нержавіючої сталі 100 x 100 мм. Висота 30-80мм.,Балконна насадка SitaMini; з решіткою з нержавіючої сталі 100 x 100 мм. Висота 30-80мм.,Публічна картка товару Mizol; детальні параметри перевіряйте за посиланням,,https://mizol.ua/ua/208397-balkonnaya-nasadka-sitamini-s-reshetkoy-uz-nerghaveyuschey-stalu-100-x-100-mm-vysota-30-80-mm
Балконна/терасна воронка з поліуретану Sita Compact кутова з ПВХ-фартухом (діаметр 50 мм).,Балконна/терасна воронка з поліуретану Sita Compact кутова з ПВХ-фартухом (діаметр 50 мм).,Публічна картка товару Mizol; детальні параметри перевіряйте за посиланням,,https://mizol.ua/ua/82064-balkonnayaterrasnaya-voronka-uz-poluuretana-sita-compact-uglovaya-s-pvh-fartukom-duametr-50-mm
Бітумна черепиця Armourshield Plus (01) Black,бітумна черепиця,Публічна картка товару Mizol; детальні параметри перевіряйте за посиланням,,https://mizol.ua/ua/121449-butumnaya-cherepuca-armourshield-plus-01-black
Бітумна черепиця Armourshield Plus (23) Amazon Green Ultra,бітумна черепиця,Публічна картка товару Mizol; детальні параметри перевіряйте за посиланням,,https://mizol.ua/ua/121451-butumnaya-cherepuca-armourshield-plus-23-amazon-green-ultra
Бітумна черепиця Armourshield Plus (26) Chapel Grey Ultra,бітумна черепиця,Публічна картка товару Mizol; детальні параметри перевіряйте за посиланням,,https://mizol.ua/ua/121452-butumnaya-cherepuca-armourshield-plus-26-chapel-grey-ultra
Бітумна черепиця Armourshield Plus (28) Granite Grey Ultra,бітумна черепиця,Публічна картка товару Mizol; детальні параметри перевіряйте за посиланням,,https://mizol.ua/ua/121454-butumnaya-cherepuca-armourshield-plus-28-granite-grey-ultra
Бітумна черепиця Monarch 4T (31) Slate,бітумна черепиця,Публічна картка товару Mizol; детальні параметри перевіряйте за посиланням,,https://mizol.ua/ua/78492-butumnaya-cherepuca-monarch-4tab-31-slate
Бітумна черепиця Number One 3Tab (10) Tile Red,бітумна черепиця,Публічна картка товару Mizol; детальні параметри перевіряйте за посиланням,,https://mizol.ua/ua/14076-butumnaya-cherepuca-number-one-3tab-10-tile-red
Бітумна черепиця Superglass 3T (31) Slate,бітумна черепиця,Публічна картка товару Mizol; детальні параметри перевіряйте за посиланням,,https://mizol.ua/ua/78463-butumnaya-cherepuca-superglass-3-tab-31-slate
Бітумна черепиця Superglass 3T (10) Tile Red,бітумна черепиця,Публічна картка товару Mizol; детальні параметри перевіряйте за посиланням,,https://mizol.ua/ua/78462-butumnaya-cherepuca-superglass-3t-10-tile-red
Бітумна черепиця Superglas Biber (10) Tile Red,бітумна черепиця,Публічна картка товару Mizol; детальні параметри перевіряйте за посиланням,,https://mizol.ua/ua/78313-butumnaya-cherepuca-superglass-biber-10-tile-red
Бітумна черепиця Superglass Hex (10) Tile Red,бітумна черепиця,Публічна картка товару Mizol; детальні параметри перевіряйте за посиланням,,https://mizol.ua/ua/52196-butumnaya-cherepuca-superglass-hex-10-tile-red
Блокуючий елемент SOPRASOLAR FIX EVO,Блокуючий елемент SOPRASOLAR FIX EVO,Публічна картка товару Mizol; детальні параметри перевіряйте за посиланням,,https://mizol.ua/ua/147871-blokuruyuschuy-element-soprasolar-fix-evo%09
Вентсітка звиска 100х5000 мм коричнева ES,полімерна сітка,Публічна картка товару Mizol; детальні параметри перевіряйте за посиланням,,https://mizol.ua/ua/245681-ventulyacuonnaya-setka-svesa-100h5000-koruchnevyy-es
Вентсітка звиска 100х5000 мм чорна ES,полімерна сітка,Публічна картка товару Mizol; детальні параметри перевіряйте за посиланням,,https://mizol.ua/ua/245680-ventulyacuonnaya-setka-svesa-100h5000-mm-chernyy-es
Вентиляційний ел-т Armourvent Special чорн. (пласт.),Вентиляційний ел-т Armourvent Special чорн. (пласт.),Публічна картка товару Mizol; детальні параметри перевіряйте за посиланням,,https://mizol.ua/ua/23219-ventulyacuonnyy-el-t-armourvent-special-chern-plast
Вентиляційний ел-т Armourvent Standart коричн.,Вентиляційний ел-т Armourvent Standart коричн.,Публічна картка товару Mizol; детальні параметри перевіряйте за посиланням,,https://mizol.ua/ua/12273-ventulyacuonnyy-el-t-armourvent-standart-koruchn
Вентиляційний ел-т VентПоинт чорн,Вентиляційний ел-т VентПоинт чорн,Публічна картка товару Mizol; детальні параметри перевіряйте за посиланням,,https://mizol.ua/ua/69689-ventulyacuonnyy-el-t-ventpount-chorn
Вентиляційний ел-т Armourvent Multi Plus,Вентиляційний ел-т Armourvent Multi Plus,Публічна картка товару Mizol; детальні параметри перевіряйте за посиланням,,https://mizol.ua/ua/15151-ventulyacuonnyy-element-konyka-armourvent-multi-plus
Вентиляційний ел-т VентЛайн,Вентиляційний ел-т VентЛайн,Публічна картка товару Mizol; детальні параметри перевіряйте за посиланням,,https://mizol.ua/ua/35115-ventulyacuonnyy-element-konyka-ventlayn
Вентсітка звиска 100х5000 мм коричнева,полімерна сітка,Публічна картка товару Mizol; детальні параметри перевіряйте за посиланням,,https://mizol.ua/ua/1541-ventsetka-na-sves-100h5000-mm-koruchnevyy
Верхня частина для точечного дренажа HAURATON Recyfix Point 30/30 (300х 120х 300) з PР висотою 120мм,дренажний матеріал,Публічна картка товару Mizol; детальні параметри перевіряйте за посиланням,,https://mizol.ua/ua/22691-verhnyaya-chasty-dlya-tochechnogo-drenagha-hauraton-recyfix-point-3030-300h-120h-300-uz-pr-vysotoy-120mm
Вітро та гідроізоляційна мембрана Вітробар'єр,мембрана,Публічна картка товару Mizol; детальні параметри перевіряйте за посиланням,,https://mizol.ua/ua/1173-vetro-u-gudrouzolyacuonnaya-membrana-vetrobaryer
Вітрозахисна мембрана Вітробар'єр WB,мембрана,Публічна картка товару Mizol; детальні параметри перевіряйте за посиланням,,https://mizol.ua/ua/22899-vetrozaschutnaya-membrana-vetrobaryer-wb
Випускна труба SitaMore довжиною 500 мм (діаметр 110 мм),труба,Публічна картка товару Mizol; детальні параметри перевіряйте за посиланням,,https://mizol.ua/ua/79021-vupusknaya-truba-sitamore-dlunna-500-mm-duametr-110-mm
Зовнішній кут ПВХ Flagon 145/145/145 мм,Зовнішній кут ПВХ Flagon 145/145/145 мм,Публічна картка товару Mizol; детальні параметри перевіряйте за посиланням,,https://mizol.ua/ua/45242-vneshnuy-ugol-90--pvh-flagon-145145145
Зовнішній кут ПВХ Flagon 95/95/95 мм,Зовнішній кут ПВХ Flagon 95/95/95 мм,Публічна картка товару Mizol; детальні параметри перевіряйте за посиланням,,https://mizol.ua/ua/45144-vneshnuy-ugol-pvh-flagon-959595-mm
Внутрішній кут ПВХ Flagon 145/145/145 мм,Внутрішній кут ПВХ Flagon 145/145/145 мм,Публічна картка товару Mizol; детальні параметри перевіряйте за посиланням,,https://mizol.ua/ua/45237-vnutrennuy-ugol-pvh-flagon-145145145-mm
Внутрішній кут ПВХ Flagon 95/95/95 мм,Внутрішній кут ПВХ Flagon 95/95/95 мм,Публічна картка товару Mizol; детальні параметри перевіряйте за посиланням,,https://mizol.ua/ua/45157-vnutrennuy-ugol-pvh-flagon-959595-mm
Воронка дренажна ТПО Flagon діаметром 100 мм; висотою 240 мм,дренажний матеріал,Публічна картка товару Mizol; детальні параметри перевіряйте за посиланням,,https://mizol.ua/ua/45953-voronka-drenaghna-tpo-flagon-diametrom-100-mm-visotoyu-240-mm
Воронка дренажна ТПО Flagon діаметром 110 мм; висотою 240 мм,дренажний матеріал,Публічна картка товару Mizol; детальні параметри перевіряйте за посиланням,,https://mizol.ua/ua/80798-voronka-drenaghna-tpo-flagon-diametrom-110-mm-vusotoyu-240-mm
Воронка переливна квадратна ТПО Flagon 100x100 мм,Воронка переливна квадратна ТПО Flagon 100x100 мм,Публічна картка товару Mizol; детальні параметри перевіряйте за посиланням,,https://mizol.ua/ua/45206-voronka-pereluvna-pvh-texsa-65-h-100-mm
Випускна труба SitaMore довжиною 500 мм (діаметр 75 мм),труба,Публічна картка товару Mizol; детальні параметри перевіряйте за посиланням,,https://mizol.ua/ua/122081-vypusknaya-truba-sitamore-dlunnoy-500-mm-duametr-75-mm
Випускна труба SitaMore довжиною 1000 мм (діаметр 110 мм),труба,Публічна картка товару Mizol; детальні параметри перевіряйте за посиланням,,https://mizol.ua/ua/122082-vypusknaya-truba-sitamore-dlunoy-1000-mm-duametr-110-mm
Цвях покрівельний кільцевий 3.1 x 30 К б/ц (уп 5 кг/1),Цвях покрівельний кільцевий 3.1 x 30 К б/ц (уп 5 кг/1),Публічна картка товару Mizol; детальні параметри перевіряйте за посиланням,,https://mizol.ua/ua/33688-gvozdu-kolycevye
Геоматеріал Greentex р-100 (1.6х100м) чорний,Геоматеріал Greentex р-100 (1.6х100м) чорний,Публічна картка товару Mizol; детальні параметри перевіряйте за посиланням,,https://mizol.ua/ua/39075-geomaterual-greentex-r-100-16h100m-chernyy
Геоматеріал Greentex р-100 (1.6х10м) чорний,Геоматеріал Greentex р-100 (1.6х10м) чорний,Публічна картка товару Mizol; детальні параметри перевіряйте за посиланням,,https://mizol.ua/ua/59216-geomaterual-greentex-r-100-16h10m-chornyy
Геотекстиль DuPont Typar SF-27,геотекстиль,Публічна картка товару Mizol; детальні параметри перевіряйте за посиланням,,https://mizol.ua/ua/37249-geotekstuly-dupont-typar-sf-27
Геотекстиль DuPont Typar SF-32,геотекстиль,Публічна картка товару Mizol; детальні параметри перевіряйте за посиланням,,https://mizol.ua/ua/1161-geotekstuly-dupont-typar-sf-32
Геотекстиль DuPont Typar SF-40,геотекстиль,Публічна картка товару Mizol; детальні параметри перевіряйте за посиланням,,https://mizol.ua/ua/1162-geotekstuly-dupont-typar-sf-40
Геотекстиль DuPont Typar SF-56,геотекстиль,Публічна картка товару Mizol; детальні параметри перевіряйте за посиланням,,https://mizol.ua/ua/4574-geotekstuly-dupont-typar-sf-56
Геотекстиль Tipptex Black Strong 200 (1;5x25 м),геотекстиль,Публічна картка товару Mizol; детальні параметри перевіряйте за посиланням,,https://mizol.ua/ua/82182-geotekstuly-tipptex-black-strong-200-15x25-m
Герметик Теналюкс 112М (600 мл),Герметик Теналюкс 112М (600 мл),Публічна картка товару Mizol; детальні параметри перевіряйте за посиланням,,https://mizol.ua/ua/22309-germetuk-tenalyuks-112m-600-ml
Гідропояс HDPE мауерлат,гідроізоляція,Публічна картка товару Mizol; детальні параметри перевіряйте за посиланням,,https://mizol.ua/ua/39312-gudropoyas-hdpe-mauerlat
Гідропояс HDPE фундамент,гідроізоляція,Публічна картка товару Mizol; детальні параметри перевіряйте за посиланням,,https://mizol.ua/ua/39315-gudropoyas-hdpe-fundament
Гребінчик звиска плоский 60х1000 мм коричневий,Гребінчик звиска плоский 60х1000 мм коричневий,Публічна картка товару Mizol; детальні параметри перевіряйте за посиланням,,https://mizol.ua/ua/4565-grebeny-na-sves-ploskuy-60h1000mm-koruchnevyy
Гребінчик звиска плоский 60х1000мм коричневий ES,Гребінчик звиска плоский 60х1000мм коричневий ES,Публічна картка товару Mizol; детальні параметри перевіряйте за посиланням,,https://mizol.ua/ua/245678-grebeny-svesa-ploskuy-60h1000-mm-koruchnevyy-es
Тримач труби Regenau метал. 100 L 100 коричневий,Тримач труби Regenau метал. 100 L 100 коричневий,Публічна картка товару Mizol; детальні параметри перевіряйте за посиланням,,https://mizol.ua/ua/166087-derghately-truby-regenau-metal-100-l-100-koruchnevyy
Тримач труби Regenau метал. 100 L 160 білий,Тримач труби Regenau метал. 100 L 160 білий,Публічна картка товару Mizol; детальні параметри перевіряйте за посиланням,,https://mizol.ua/ua/166088-derghately-truby-regenau-metal-100-l-160-belyy
Тримач труби Regenau метал. 100 L 160 графіт,Тримач труби Regenau метал. 100 L 160 графіт,Публічна картка товару Mizol; детальні параметри перевіряйте за посиланням,,https://mizol.ua/ua/166089-derghately-truby-regenau-metal-100-l-160-grafut
Тримач труби Regenau метал. 100 L 100 білий,Тримач труби Regenau метал. 100 L 100 білий,Публічна картка товару Mizol; детальні параметри перевіряйте за посиланням,,https://mizol.ua/ua/166085-derghately-truby-regenau-metall-100-l-100-belyy
Тримач труби Regenau метал. 100 L 100 графіт,Тримач труби Regenau метал. 100 L 100 графіт,Публічна картка товару Mizol; детальні параметри перевіряйте за посиланням,,https://mizol.ua/ua/166086-derghately-truby-regenau-metall-100-l-100-grafut
Тримач труби Regenau метал. 100 L 160 коричневий,Тримач труби Regenau метал. 100 L 160 коричневий,Публічна картка товару Mizol; детальні параметри перевіряйте за посиланням,,https://mizol.ua/ua/166090-derghately-truby-regenau-metall-100-l-160-koruchnevyy
Тримач труби Regenau метал. 100 L 220 білий,Тримач труби Regenau метал. 100 L 220 білий,Публічна картка товару Mizol; детальні параметри перевіряйте за посиланням,,https://mizol.ua/ua/166091-derghately-truby-regenau-metall-100-l-220-belyy
Тримач труби Regenau метал. 100 L 220 графіт,Тримач труби Regenau метал. 100 L 220 графіт,Публічна картка товару Mizol; детальні параметри перевіряйте за посиланням,,https://mizol.ua/ua/166092-derghately-truby-regenau-metall-100-l-220-grafut
Тримач труби Regenau метал. 100 L 220 коричневий,Тримач труби Regenau метал. 100 L 220 коричневий,Публічна картка товару Mizol; детальні параметри перевіряйте за посиланням,,https://mizol.ua/ua/166093-derghately-truby-regenau-metall-100-l-220-koruchnevyy
Дренажна труба GeoDrain 100 мм (бухта 50м),дренажний матеріал,Публічна картка товару Mizol; детальні параметри перевіряйте за посиланням,,https://mizol.ua/ua/259731-drenaghna-truba-geodrain-100-mm-buhta-50m
Дренажна труба GeoDrain 100 мм з геотекстилем (бухта 50м)!,геотекстиль,Публічна картка товару Mizol; детальні параметри перевіряйте за посиланням,,https://mizol.ua/ua/294192-drenaghna-truba-geodrain-100-mm-c-geotekstulem-buhta-50m
Дренажна труба GeoDrain 160 мм (бухта 50м),дренажний матеріал,Публічна картка товару Mizol; детальні параметри перевіряйте за посиланням,,https://mizol.ua/ua/259729-drenaghna-truba-geodrain-160-mm-buhta-50m
Дренажна труба GeoDrain 160 мм c геотекстилем (бухта 50 м),геотекстиль,Публічна картка товару Mizol; детальні параметри перевіряйте за посиланням,,https://mizol.ua/ua/253085-drenaghna-truba-geodrain-160-mm-c-geotekstulem-buhta-50-m
Дренажна решітка SitaDrain Terra 300x300 мм,дренажний матеріал,Публічна картка товару Mizol; детальні параметри перевіряйте за посиланням,,https://mizol.ua/ua/82622-drenaghnaya-reshetka-sitadrain-terra-300x300-mm
Єндовий матеріал Armourvalley D Brown 07-7.5m,Єндовий матеріал Armourvalley D Brown 07-7.5m,Публічна картка товару Mizol; детальні параметри перевіряйте за посиланням,,https://mizol.ua/ua/12357-endovnyy-kover-armourvalley-07-dual-brown
Єндовий матеріал Armourvalley 7.5m #31 Slate,Єндовий матеріал Armourvalley 7.5m #31 Slate,Публічна картка товару Mizol; детальні параметри перевіряйте за посиланням,,https://mizol.ua/ua/17004-endovnyy-kover-armourvalley-31-slate
Єндовий матеріал Armourvalley T.Red 7.5m,Єндовий матеріал Armourvalley T.Red 7.5m,Публічна картка товару Mizol; детальні параметри перевіряйте за посиланням,,https://mizol.ua/ua/14078-endovyy-materual-armourvalley-75m-10-tred
Ендовий матеріал Armourvalley Am Green 03,Ендовий матеріал Armourvalley Am Green 03,Публічна картка товару Mizol; детальні параметри перевіряйте за посиланням,,https://mizol.ua/ua/53059-endovyy-materual-armourvalley-am-green-03
Жолоб HAURATON TOP Х (119 х 89 х 1000); PР-PЕ (чорний); з оцинк. решіткою щілинною (SW 9мм); кл. CAR TRAFFIC; 1м.п.,Жолоб HAURATON TOP Х (119 х 89 х 1000); PР-PЕ (чорний); з оцинк. решіткою щілинною (SW 9мм); кл. CAR TRAFFIC; 1м.п.,Публічна картка товару Mizol; детальні параметри перевіряйте за посиланням,,https://mizol.ua/ua/28243-gholob-hauraton-top-h-119-h-89-h-1000-pr-pe-chernyy-s-ocunk-reshetkoy-schelevoy-sw-9mm-kl-car-traffic-1mp
Жолоб HAURATON TOP Х (119 х 89 х 1000); PР-PЕ (чорний); з решіткою PP -соро прямокут. отв. (MW 8/21); кл. CAR TRAFFIC; 1м.п.,Жолоб HAURATON TOP Х (119 х 89 х 1000); PР-PЕ (чорний); з решіткою PP -соро прямокут. отв. (MW 8/21); кл. CAR TRAFFIC; 1м.п.,Публічна картка товару Mizol; детальні параметри перевіряйте за посиланням,,https://mizol.ua/ua/28244-gholob-hauraton-top-h-119-h-89-h-1000-pr-pe-chernyy-s-reshetkoy-pp--copo-pryamoug-otv-mw-821-kl-car-traffic-1mp-
Захист від потрапляння листя SitaEasy,Захист від потрапляння листя SitaEasy,Публічна картка товару Mizol; детальні параметри перевіряйте за посиланням,,https://mizol.ua/ua/69720-zaschuta-ot-popadanuya-lustyev-sitaeasy-
Кембрик для підв'язування рослин GrondMeester; діам. 4 мм; 1 кг,Кембрик для підв'язування рослин GrondMeester; діам. 4 мм; 1 кг,Публічна картка товару Mizol; детальні параметри перевіряйте за посиланням,,https://mizol.ua/ua/41841-kembruk-dlya-podvyazyvanuya-rastenuy-grondmeester-duam-4mm-1kg-
Кембрик для підв'язування рослин GrondMeester ПВХ; діам. 5 мм; 1 кг,Кембрик для підв'язування рослин GrondMeester ПВХ; діам. 5 мм; 1 кг,Публічна картка товару Mizol; детальні параметри перевіряйте за посиланням,,https://mizol.ua/ua/45493-kembruk-dlya-podvyazyvanuya-rastenuy-grondmeester-pvh-duam-5mm-1kg-
Кембрик для підв'язування рослин GrondMeester ПВХ; діам. 6 мм; 1 кг,Кембрик для підв'язування рослин GrondMeester ПВХ; діам. 6 мм; 1 кг,Публічна картка товару Mizol; детальні параметри перевіряйте за посиланням,,https://mizol.ua/ua/46887-kembruk-dlya-podvyazyvanuya-rastenuy-grondmeester-pvh-duam-6-mm-1kg-
Кембрик для підв'язування рослин; діам. 3 мм; 1 кг,Кембрик для підв'язування рослин; діам. 3 мм; 1 кг,Публічна картка товару Mizol; детальні параметри перевіряйте за посиланням,,https://mizol.ua/ua/33694-kembruk-dlya-podvyazyvanuya-rastenuy--duam-3mm-1kg
Клей IKO Plastal 5 кг,Клей IKO Plastal 5 кг,Публічна картка товару Mizol; детальні параметри перевіряйте за посиланням,,https://mizol.ua/ua/12271-kley-iko-plastal-5-kg
Клей Plastal Stick 310 ml,Клей Plastal Stick 310 ml,Публічна картка товару Mizol; детальні параметри перевіряйте за посиланням,,https://mizol.ua/ua/12278-kley-plastal-stick-310-ml
Коліно 67.5° Regenau 100 білий,Коліно 67.5° Regenau 100 білий,Публічна картка товару Mizol; детальні параметри перевіряйте за посиланням,,https://mizol.ua/ua/166058-koleno-675--regenau-100-beloe
Коліно 67.5° Regenau 100 графіт,Коліно 67.5° Regenau 100 графіт,Публічна картка товару Mizol; детальні параметри перевіряйте за посиланням,,https://mizol.ua/ua/166059-koleno-675--regenau-100-grafut
Коліно 67.5° Regenau 100 коричневий,Коліно 67.5° Regenau 100 коричневий,Публічна картка товару Mizol; детальні параметри перевіряйте за посиланням,,https://mizol.ua/ua/166060-koleno-675--regenau-100-koruchnevoe
Коліно 67.5° Regenau 80 білий,Коліно 67.5° Regenau 80 білий,Публічна картка товару Mizol; детальні параметри перевіряйте за посиланням,,https://mizol.ua/ua/166055-koleno-675--regenau-80-belyy
Коліно 67.5° Regenau 80 графіт,Коліно 67.5° Regenau 80 графіт,Публічна картка товару Mizol; детальні параметри перевіряйте за посиланням,,https://mizol.ua/ua/166056-koleno-675--regenau-80-grafut
Коліно 67.5° Regenau 80 коричневий,Коліно 67.5° Regenau 80 коричневий,Публічна картка товару Mizol; детальні параметри перевіряйте за посиланням,,https://mizol.ua/ua/166057-koleno-675--regenau-80-koruchnevyy
Коліно 87.5° Regenau 100 білий,Коліно 87.5° Regenau 100 білий,Публічна картка товару Mizol; детальні параметри перевіряйте за посиланням,,https://mizol.ua/ua/166064-koleno-875--regenau-100-beloe
Коліно 87.5° Regenau 100 графіт,Коліно 87.5° Regenau 100 графіт,Публічна картка товару Mizol; детальні параметри перевіряйте за посиланням,,https://mizol.ua/ua/166065-koleno-875--regenau-100-grafut
Коліно 87.5° Regenau 100 коричневий,Коліно 87.5° Regenau 100 коричневий,Публічна картка товару Mizol; детальні параметри перевіряйте за посиланням,,https://mizol.ua/ua/166066-koleno-875--regenau-100-koruchnevoe
Коліно 87.5° Regenau 80 білий,Коліно 87.5° Regenau 80 білий,Публічна картка товару Mizol; детальні параметри перевіряйте за посиланням,,https://mizol.ua/ua/166061-koleno-875--regenau-80-belyy
Коліно 87.5° Regenau 80 графіт,Коліно 87.5° Regenau 80 графіт,Публічна картка товару Mizol; детальні параметри перевіряйте за посиланням,,https://mizol.ua/ua/166062-koleno-875--regenau-80-grafut
Коліно 87.5° Regenau 80 коричневий,Коліно 87.5° Regenau 80 коричневий,Публічна картка товару Mizol; детальні параметри перевіряйте за посиланням,,https://mizol.ua/ua/166063-koleno-875--regenau-80-koruchnevyy
Коліно GeoDrain 100 мм,Коліно GeoDrain 100 мм,Публічна картка товару Mizol; детальні параметри перевіряйте за посиланням,,https://mizol.ua/ua/259734-koleno-geodrain-100-mm
Коліно ПВХ зовнішньої каналізації Magnaplast Ø110/45°,Коліно ПВХ зовнішньої каналізації Magnaplast Ø110/45°,Публічна картка товару Mizol; детальні параметри перевіряйте за посиланням,,https://mizol.ua/ua/253521-koleno-pvh-narughnoy-kanaluzacuu-magnaplast-%C3%B811045-
Коліно ПП внутрішньої каналізації Magnaplast HT Plus 110/45°,Коліно ПП внутрішньої каналізації Magnaplast HT Plus 110/45°,Публічна картка товару Mizol; детальні параметри перевіряйте за посиланням,,https://mizol.ua/ua/261296-koleno-pp-vnutrenney-kanaluzacuu-magnaplast-ht-plus-11045-
Колодязь зливний Profil 75/100 боковий,Колодязь зливний Profil 75/100 боковий,Публічна картка товару Mizol; детальні параметри перевіряйте за посиланням,,https://mizol.ua/ua/1322-kolodec-sluvnoy-75100-bokovoy
Ковпачок до флюгарки Flagon посилений,Ковпачок до флюгарки Flagon посилений,Публічна картка товару Mizol; детальні параметри перевіряйте за посиланням,,https://mizol.ua/ua/45247-kolpachok-k-flyugarke-flagon-usulenuy-
#Комплект Vario Term; Standard тип V; Prestige; кутовий; білий; PRNYGS0206C/FK (with nipples),#Комплект Vario Term; Standard тип V; Prestige; кутовий; білий; PRNYGS0206C/FK (with nipples),Публічна картка товару Mizol; детальні параметри перевіряйте за посиланням,,https://mizol.ua/ua/126409-komplekt-vario-term-standard-tup-v-prestige-uglovoy-belyy-prnygs0206cfk-with-nipples
#Комплект Vario Term; Standard тип V; Trendy; прямий; PRNYGS05106C/FP (with nipples)!,#Комплект Vario Term; Standard тип V; Trendy; прямий; PRNYGS05106C/FP (with nipples)!,Публічна картка товару Mizol; детальні параметри перевіряйте за посиланням,,https://mizol.ua/ua/211958-komplekt-vario-term-standard-tup-v-trendy-pryamoy-prnygs05106cfp-with-nipples
#Комплект Vario Term; Standard тип V; Trendy; кутовий; PRNYGS05106C/FK (with nipples),#Комплект Vario Term; Standard тип V; Trendy; кутовий; PRNYGS05106C/FK (with nipples),Публічна картка товару Mizol; детальні параметри перевіряйте за посиланням,,https://mizol.ua/ua/129590-komplekt-vario-term-standard-tup-v-trendy-uglovoy-prnygs05106cfk-with-nipples
Комплект аксесуарів 1: глухі заглушки (2 шт.) і вертик. випуск,Комплект аксесуарів 1: глухі заглушки (2 шт.) і вертик. випуск,Публічна картка товару Mizol; детальні параметри перевіряйте за посиланням,,https://mizol.ua/ua/28245-komplekt-aksessuarov-1%3A-gluhue-zaglushku-2-sht-u-vertuk-vypusk
Комплект регулювальний Vario Term; Swing 2; прямий; ZI00/FР,Комплект регулювальний Vario Term; Swing 2; прямий; ZI00/FР,Публічна картка товару Mizol; детальні параметри перевіряйте за посиланням,,https://mizol.ua/ua/102323-komplekt-regulurovochnyy-vario-term-swing-2-pryamoy-zi00fr
Комплект регулювальний Vario Term; Swing 2; кутовий; ZI00/FК,Комплект регулювальний Vario Term; Swing 2; кутовий; ZI00/FК,Публічна картка товару Mizol; детальні параметри перевіряйте за посиланням,,https://mizol.ua/ua/102322-komplekt-regulurovochnyy-vario-term-swing-2-uglovoy-zi00fk
#Комплект термостатичний Vario Term; Axi економічний Trendy; аксіальний; AXIGS05106C,#Комплект термостатичний Vario Term; Axi економічний Trendy; аксіальний; AXIGS05106C,Публічна картка товару Mizol; детальні параметри перевіряйте за посиланням,,https://mizol.ua/ua/129843-komplekt-termostatucheskuy-vario-term-axi-ekonomichnuy-trendy-aksualynuy-axigs05106s
Комплект термостатичний Vario Term; Econ PLUS; кутовий; EGS0206C/FK,Комплект термостатичний Vario Term; Econ PLUS; кутовий; EGS0206C/FK,Публічна картка товару Mizol; детальні параметри перевіряйте за посиланням,,https://mizol.ua/ua/103625-komplekt-termostatucheskuy-vario-term-econ-plus-uglovoy-egs0206cfk
#Комплект термостатичний Vario Term; Econ PRESTIGE; прямий; EGS0206C/FP,#Комплект термостатичний Vario Term; Econ PRESTIGE; прямий; EGS0206C/FP,Публічна картка товару Mizol; детальні параметри перевіряйте за посиланням,,https://mizol.ua/ua/103626-komplekt-termostatucheskuy-vario-term-econ-prestige-pryamoy-egs0206cfp
#Комплект термостатичний Vario Term; Econ Trendy; прямый; EGS05106C/FP!,#Комплект термостатичний Vario Term; Econ Trendy; прямый; EGS05106C/FP!,Публічна картка товару Mizol; детальні параметри перевіряйте за посиланням,,https://mizol.ua/ua/211955-komplekt-termostatucheskuy-vario-term-econ-trendy-pryamyy-egs05106cfp
#Комплект термостатичний Vario Term; Econ Trendy; кутовий; EGS05106C/FK,#Комплект термостатичний Vario Term; Econ Trendy; кутовий; EGS05106C/FK,Публічна картка товару Mizol; детальні параметри перевіряйте за посиланням,,https://mizol.ua/ua/129589-komplekt-termostatucheskuy-vario-term-econ-trendy-uglovoy-egs05106cfk
Комплект термостатичний Vario Term; Simple; прямий; SI00/FP,Комплект термостатичний Vario Term; Simple; прямий; SI00/FP,Публічна картка товару Mizol; детальні параметри перевіряйте за посиланням,,https://mizol.ua/ua/102325-komplekt-termostatucheskuy-vario-term-simple-pryamoy-si00fp
Комплект термостатичний Vario Term; Simple; кутовий; SI00/FK,Комплект термостатичний Vario Term; Simple; кутовий; SI00/FK,Публічна картка товару Mizol; детальні параметри перевіряйте за посиланням,,https://mizol.ua/ua/102324-komplekt-termostatucheskuy-vario-term-simple-uglovoy-si00fk
Хрестовина двоплощинна внутрішньої каналізації Magnaplast HT Plus 110/110/110/67°,Хрестовина двоплощинна внутрішньої каналізації Magnaplast HT Plus 110/110/110/67°,Публічна картка товару Mizol; детальні параметри перевіряйте за посиланням,,https://mizol.ua/ua/261330-krestovuna-dvuhploskostnaya-vnutrenney-kanaluzacuu-magnaplast-ht-plus-11011011067-
Покрівельна воронка з поліуретану SitaStandard вертикальна; з ПВХ-фартухом та системою обігріву (діаметр 160 мм),Покрівельна воронка з поліуретану SitaStandard вертикальна; з ПВХ-фартухом та системою обігріву (діаметр 160 мм),Публічна картка товару Mizol; детальні параметри перевіряйте за посиланням,,https://mizol.ua/ua/69724-krovelynaya-voronka-uz-poluuretana-sitastandard-vertukalynaya-s-pvh-fartukom-u-sustemoy-obogreva-duametr-160-mm
Покрівельна воронка з поліуретану SitaTrendy вертикальна; з бітумним фартухом (діаметр 110 мм),Покрівельна воронка з поліуретану SitaTrendy вертикальна; з бітумним фартухом (діаметр 110 мм),Публічна картка товару Mizol; детальні параметри перевіряйте за посиланням,,https://mizol.ua/ua/79015-krovelynaya-voronka-uz-poluuretana-sitatrendy-vertukalynaya-s-butumnym-fartukom-duametr-110-mm
Покрівельна воронка з поліуретану SitaTrendy вертикальна; з бітумним фартухом та системою обігріву (діаметр 110 мм),Покрівельна воронка з поліуретану SitaTrendy вертикальна; з бітумним фартухом та системою обігріву (діаметр 110 мм),Публічна картка товару Mizol; детальні параметри перевіряйте за посиланням,,https://mizol.ua/ua/79017-krovelynaya-voronka-uz-poluuretana-sitatrendy-vertukalynaya-s-butumnym-fartukom-u-sustemoy-obogreva-duametr-110-mm
Покрівельна воронка з поліуретану SitaTrendy вертикальна; з ПВХ-фартухом (діаметр 110 мм),Покрівельна воронка з поліуретану SitaTrendy вертикальна; з ПВХ-фартухом (діаметр 110 мм),Публічна картка товару Mizol; детальні параметри перевіряйте за посиланням,,https://mizol.ua/ua/69715-krovelynaya-voronka-uz-poluuretana-sitatrendy-vertukalynaya-s-pvh-fartukom-duametr-110-mm
Покрівельна воронка з поліуретану SitaTrendy вертикальна; з ПВХ-фартухом та системою обігріву (діаметр 110 мм),Покрівельна воронка з поліуретану SitaTrendy вертикальна; з ПВХ-фартухом та системою обігріву (діаметр 110 мм),Публічна картка товару Mizol; детальні параметри перевіряйте за посиланням,,https://mizol.ua/ua/69716-krovelynaya-voronka-uz-poluuretana-sitatrendy-vertukalynaya-s-pvh-fartukom-u-sustemoy-obogreva-duametr-110-mm
Покрівельна воронка з поліуретану SitaTrendy вертикальна; з ПВХ-фартухом та системою обігріву (діаметр 75 мм),Покрівельна воронка з поліуретану SitaTrendy вертикальна; з ПВХ-фартухом та системою обігріву (діаметр 75 мм),Публічна картка товару Mizol; детальні параметри перевіряйте за посиланням,,https://mizol.ua/ua/111864-krovelynaya-voronka-uz-poluuretana-sitatrendy-vertukalynaya-s-pvh-fartukom-u-sustemoy-obogreva-duametr-75-mm
Покрівельна воронка з поліуретану SitaTrendy вертикальна; з притискним фланцем (діаметр 110 мм),Покрівельна воронка з поліуретану SitaTrendy вертикальна; з притискним фланцем (діаметр 110 мм),Публічна картка товару Mizol; детальні параметри перевіряйте за посиланням,,https://mizol.ua/ua/69717-krovelynaya-voronka-uz-poluuretana-sitatrendy-vertukalynaya-s-prughumnym-flancem-duametr-110-mm
Покрівельна воронка з поліуретану SitaTrendy вертикальна; з притискним фланцем та системою обігріву (діаметр 110 мм),Покрівельна воронка з поліуретану SitaTrendy вертикальна; з притискним фланцем та системою обігріву (діаметр 110 мм),Публічна картка товару Mizol; детальні параметри перевіряйте за посиланням,,https://mizol.ua/ua/69718-krovelynaya-voronka-uz-poluuretana-sitatrendy-vertukalynaya-s-prughumnym-flancem-u-sustemoy-obogreva-duametr-110-mm
Покрівельна воронка з поліуретану SitaTrendy з ПВХ-фартухом (діаметр 75 мм),Покрівельна воронка з поліуретану SitaTrendy з ПВХ-фартухом (діаметр 75 мм),Публічна картка товару Mizol; детальні параметри перевіряйте за посиланням,,https://mizol.ua/ua/207707-krovelynaya-voronka-uz-poluuretana-sitatrendy-s-pvh-fartukom-duametr-75-mm
Покрівельна воронка з поліуретану SitaTrendy з ТПО Flagon EP/S фартухом та системою обігріву (діаметр 110 мм),Покрівельна воронка з поліуретану SitaTrendy з ТПО Flagon EP/S фартухом та системою обігріву (діаметр 110 мм),Публічна картка товару Mizol; детальні параметри перевіряйте за посиланням,,https://mizol.ua/ua/129732-krovelynaya-voronka-uz-poluuretana-sitatrendy-s-tpo-flagon-eps-fartukom-u-sustemoy-obogreva-duametr-110-mm
Покрівельна воронка з поліуретану SitaTrendy кутова з бітумним фартухом та системою обігріву (діаметр 110 мм),Покрівельна воронка з поліуретану SitaTrendy кутова з бітумним фартухом та системою обігріву (діаметр 110 мм),Публічна картка товару Mizol; детальні параметри перевіряйте за посиланням,,https://mizol.ua/ua/165384-krovelynaya-voronka-uz-poluuretana-sitatrendy-uglovaya-s-butumnym-fartukom-u-sustemoy-obogreva-duametr-110-mm
Покрівельна воронка з поліуретану SitaTrendy кутова з ПВХ-фартухом (діаметр 110 мм),Покрівельна воронка з поліуретану SitaTrendy кутова з ПВХ-фартухом (діаметр 110 мм),Публічна картка товару Mizol; детальні параметри перевіряйте за посиланням,,https://mizol.ua/ua/79018-krovelynaya-voronka-uz-poluuretana-sitatrendy-uglovaya-s-pvh-fartukom-duametr-110-mm
Покрівельна воронка з поліуретану SitaTrendy кутова з ПВХ-фартухом та системою обігріву (діаметр 110 мм),Покрівельна воронка з поліуретану SitaTrendy кутова з ПВХ-фартухом та системою обігріву (діаметр 110 мм),Публічна картка товару Mizol; детальні параметри перевіряйте за посиланням,,https://mizol.ua/ua/96285-krovelynaya-voronka-uz-poluuretana-sitatrendy-uglovaya-s-pvh-fartukom-u-sustemoy-obogreva-duametr-110-mm
Покрівельна опора під сонячні панелі SOPRASOLAR FIX EVO з бітумним фартухом,Покрівельна опора під сонячні панелі SOPRASOLAR FIX EVO з бітумним фартухом,Публічна картка товару Mizol; детальні параметри перевіряйте за посиланням,,https://mizol.ua/ua/147863-krovelynaya-opora-pod-solnechnye-panelu-soprasolar-fix-evo-s-butumnym-fartuhom%09
Покрівельна плівка Гідробар'єр Д96!,гідроізоляція,Публічна картка товару Mizol; детальні параметри перевіряйте за посиланням,,https://mizol.ua/ua/225277-krovelynaya-plenka-gudrobaryer-d96
Покрівельна плівка Паробар'єр Н96!,покрівельна плівка,Публічна картка товару Mizol; детальні параметри перевіряйте за посиланням,,https://mizol.ua/ua/225278-krovelynaya-plenka-parobaryer-n96
Подовжувач 200 SOPRASOLAR FIX EVO,Подовжувач 200 SOPRASOLAR FIX EVO,Публічна картка товару Mizol; детальні параметри перевіряйте за посиланням,,https://mizol.ua/ua/147870-kronshteyn-200-soprasolar-fix-evo-
Подовжувач 45 SOPRASOLAR FIX EVO,Подовжувач 45 SOPRASOLAR FIX EVO,Публічна картка товару Mizol; детальні параметри перевіряйте за посиланням,,https://mizol.ua/ua/147867-kronshteyn-45-soprasolar-fix-evo
Лійка Regenau 125/100 білий,Лійка Regenau 125/100 білий,Публічна картка товару Mizol; детальні параметри перевіряйте за посиланням,,https://mizol.ua/ua/166052-leyka-regenau-125100-belaya
Лійка Regenau 125/100 графіт,Лійка Regenau 125/100 графіт,Публічна картка товару Mizol; детальні параметри перевіряйте за посиланням,,https://mizol.ua/ua/166053-leyka-regenau-125100-grafut
Лійка Regenau 125/100 коричневий,Лійка Regenau 125/100 коричневий,Публічна картка товару Mizol; детальні параметри перевіряйте за посиланням,,https://mizol.ua/ua/166054-leyka-regenau-125100-koruchnevaya
Лійка Regenau 125/80 білий,Лійка Regenau 125/80 білий,Публічна картка товару Mizol; детальні параметри перевіряйте за посиланням,,https://mizol.ua/ua/166049-leyka-regenau-12580-belaya
Лійка Regenau 125/80 графіт,Лійка Regenau 125/80 графіт,Публічна картка товару Mizol; детальні параметри перевіряйте за посиланням,,https://mizol.ua/ua/166050-leyka-regenau-12580-grafut
Лійка Regenau 125/80 коричневий,Лійка Regenau 125/80 коричневий,Публічна картка товару Mizol; детальні параметри перевіряйте за посиланням,,https://mizol.ua/ua/166051-leyka-regenau-12580-koruchnevaya
Стрічка FIXIT АЛ-1 алюмінієва 50м,Стрічка FIXIT АЛ-1 алюмінієва 50м,Публічна картка товару Mizol; детальні параметри перевіряйте за посиланням,,https://mizol.ua/ua/359-lenta-fixit-al-1-alyumunuevaya-50m
Стрічка FIXIT К-2 з бутилкаучугу 25м,Стрічка FIXIT К-2 з бутилкаучугу 25м,Публічна картка товару Mizol; детальні параметри перевіряйте за посиланням,,https://mizol.ua/ua/45315-lenta-fixit-k-2-uz-butulkauchuka-25m
Стрічка FIXIT М-1 з нетканого полотна 25м,Стрічка FIXIT М-1 з нетканого полотна 25м,Публічна картка товару Mizol; детальні параметри перевіряйте за посиланням,,https://mizol.ua/ua/19833-lenta-fixit-m-1-s-netkannogo-polotna-25m
Стрічка FIXIT П-1 для теплиць 25м,Стрічка FIXIT П-1 для теплиць 25м,Публічна картка товару Mizol; детальні параметри перевіряйте за посиланням,,https://mizol.ua/ua/30850-lenta-fixit-p-1-dlya-tepluc-25m
Стрічка Thermatape FR,Стрічка Thermatape FR,Публічна картка товару Mizol; детальні параметри перевіряйте за посиланням,,https://mizol.ua/ua/2721-lenta-thermatape-fr
Стрічка гідроізоляційна для вікон FIXIT ВЗ-2 100мм х 25м,гідроізоляція,Публічна картка товару Mizol; детальні параметри перевіряйте за посиланням,,https://mizol.ua/ua/218280-lenta-gudrouzolyacuonnaya-dlya-okon-fixit-vz-2-100mm-h-25m
Стрічка монтажна Eurobatex TAPE 3мм х 50мм,Стрічка монтажна Eurobatex TAPE 3мм х 50мм,Публічна картка товару Mizol; детальні параметри перевіряйте за посиланням,,https://mizol.ua/ua/2056-lenta-montaghnaya-eurobatex-tape-3mm-h-50mm
Стрічка на тканинній основі FIXIT П-2 50мм х 50м,Стрічка на тканинній основі FIXIT П-2 50мм х 50м,Публічна картка товару Mizol; детальні параметри перевіряйте за посиланням,,https://mizol.ua/ua/218696-lenta-na-tkanevoy-osnove-fixit-p-2-50mm-h-50m
Стрічка пароізоляційна для вікон FIXIT ВВ-2 100мм х 25м,ізоляція,Публічна картка товару Mizol; детальні параметри перевіряйте за посиланням,,https://mizol.ua/ua/218279-lenta-parouzolyacuonnaya-dlya-okon-fixit-vv-2-100mm-h-25m
Стрічка універсальна FIXIT UNISAN 60 mm x 25 rm!,Стрічка універсальна FIXIT UNISAN 60 mm x 25 rm!,Публічна картка товару Mizol; детальні параметри перевіряйте за посиланням,,https://mizol.ua/ua/230238-lenta-unuversalynaya-fixit-unisan-60-mm-x-25-rm
Лист ПВХ Marvec; 70/18; бронзовий 2*0;9 м. трапеція 0;8 мм,Лист ПВХ Marvec; 70/18; бронзовий 2*0;9 м. трапеція 0;8 мм,Публічна картка товару Mizol; детальні параметри перевіряйте за посиланням,,https://mizol.ua/ua/118392-lust-pvh-marvec-7018-bronzovyy-209-m-trapecuya-08-mm
Лист ПВХ Marvec; 70/18; прозорий 2*0;9 м. трапеція 0;8 мм,Лист ПВХ Marvec; 70/18; прозорий 2*0;9 м. трапеція 0;8 мм,Публічна картка товару Mizol; детальні параметри перевіряйте за посиланням,,https://mizol.ua/ua/118393-lust-pvh-marvec-7018-prozrachnyy-209-m-trapecuya-08-mm
Манжет SitaMore для обігріва воронки,Манжет SitaMore для обігріва воронки,Публічна картка товару Mizol; детальні параметри перевіряйте за посиланням,,https://mizol.ua/ua/122270-manghet-sitamore-dlya-obogreva-voronku
Мат ламельний з мін.вати з покриттям Paroc Hvac Lamella Mat Alu Coat 100мм,Мат ламельний з мін.вати з покриттям Paroc Hvac Lamella Mat Alu Coat 100мм,Публічна картка товару Mizol; детальні параметри перевіряйте за посиланням,,https://mizol.ua/ua/13002-mat-lamelynyy-uz-munvaty-s-pokrytuem-paroc-hvac-lamella-mat-alu-coat-100mm
Мат ламельний з мін.вати з покриттям Paroc Hvac Lamella Mat Alu Coat 20мм,Мат ламельний з мін.вати з покриттям Paroc Hvac Lamella Mat Alu Coat 20мм,Публічна картка товару Mizol; детальні параметри перевіряйте за посиланням,,https://mizol.ua/ua/1656-mat-lamelynyy-uz-munvaty-s-pokrytuem-paroc-hvac-lamella-mat-alu-coat-20mm
Мат ламельний з мін.вати з покриттям Paroc Hvac Lamella Mat Alu Coat 30мм,Мат ламельний з мін.вати з покриттям Paroc Hvac Lamella Mat Alu Coat 30мм,Публічна картка товару Mizol; детальні параметри перевіряйте за посиланням,,https://mizol.ua/ua/1657-mat-lamelynyy-uz-munvaty-s-pokrytuem-paroc-hvac-lamella-mat-alu-coat-30mm
Мат ламельний з мін.вати з покриттям Paroc Hvac Lamella Mat Alu Coat 50мм,Мат ламельний з мін.вати з покриттям Paroc Hvac Lamella Mat Alu Coat 50мм,Публічна картка товару Mizol; детальні параметри перевіряйте за посиланням,,https://mizol.ua/ua/1658-mat-lamelynyy-uz-munvaty-s-pokrytuem-paroc-hvac-lamella-mat-alu-coat-50mm
Мат теплоізоляційний з мін.вати Paroc Pro Wired Mat 550 100*2500*1000,ізоляція,Публічна картка товару Mizol; детальні параметри перевіряйте за посиланням,,https://mizol.ua/ua/211695-mat-teplouzolyacuonnyy-muneralovatnyy-paroc-pro-wired-mat-550-10025001000
Мат теплоізоляційний з мін.вати Paroc Pro Wired Mat 550 50*5000*1000,ізоляція,Публічна картка товару Mizol; детальні параметри перевіряйте за посиланням,,https://mizol.ua/ua/209615-mat-teplouzolyacuonnyy-muneralovatnyy-paroc-pro-wired-mat-550-5050001000
Пароізоляційна мембрана JUTAVAP 120 2 12,мембрана,Публічна картка товару Mizol; детальні параметри перевіряйте за посиланням,,https://mizol.ua/ua/19661-membrana-parobaryer-vap
Муфта GeoDrain 100 мм,Муфта GeoDrain 100 мм,Публічна картка товару Mizol; детальні параметри перевіряйте за посиланням,,https://mizol.ua/ua/259732-mufta-geodrain-100-mm
Муфта GeoDrain 160 мм,Муфта GeoDrain 160 мм,Публічна картка товару Mizol; детальні параметри перевіряйте за посиланням,,https://mizol.ua/ua/259735-mufta-geodrain-160-mm
H-планка VOX INFRATOP Біла 3;05м,H-планка VOX INFRATOP Біла 3;05м,Публічна картка товару Mizol; детальні параметри перевіряйте за посиланням,,https://mizol.ua/ua/64520-n-planka-vox-infratop-belyy-305-m
Н-планка VOX INFRATOP Графіт 3;05 м,Н-планка VOX INFRATOP Графіт 3;05 м,Публічна картка товару Mizol; детальні параметри перевіряйте за посиланням,,https://mizol.ua/ua/64522-n-planka-vox-infratop-grafut-305-m
Н-планка VOX INFRATOP Золотий дуб 3;05 м,Н-планка VOX INFRATOP Золотий дуб 3;05 м,Публічна картка товару Mizol; детальні параметри перевіряйте за посиланням,,https://mizol.ua/ua/64523-n-planka-vox-infratop-zolotoy-dub-305-m
H-планка VOX INFRATOP Коричнева 3;05м,H-планка VOX INFRATOP Коричнева 3;05м,Публічна картка товару Mizol; детальні параметри перевіряйте за посиланням,,https://mizol.ua/ua/64521-n-planka-vox-infratop-koruchnevyy-305-m
Н-планка VOX INFRATOP Горіх 3;05 м,Н-планка VOX INFRATOP Горіх 3;05 м,Публічна картка товару Mizol; детальні параметри перевіряйте за посиланням,,https://mizol.ua/ua/64524-n-planka-vox-infratop-oreh-305-m
Н-планка біла Айдахо 3;05 м,Н-планка біла Айдахо 3;05 м,Публічна картка товару Mizol; детальні параметри перевіряйте за посиланням,,https://mizol.ua/ua/36130-n-planka-belaya-aydaho-305m
Н-планка графіт айДахо 3;05м,Н-планка графіт айДахо 3;05м,Публічна картка товару Mizol; детальні параметри перевіряйте за посиланням,,https://mizol.ua/ua/54603-n-planka-grafut-aydaho-305m
Н-планка коричнева Айдахо 3;05 м,Н-планка коричнева Айдахо 3;05 м,Публічна картка товару Mizol; детальні параметри перевіряйте за посиланням,,https://mizol.ua/ua/36131-n-planka-koruchnevaya-aydaho-305m
Надставний елемент з алюмінію SitaMore,Надставний елемент з алюмінію SitaMore,Публічна картка товару Mizol; детальні параметри перевіряйте за посиланням,,https://mizol.ua/ua/69729-nadstavnoy-element-uz-alyumunuya-sitamore
Надставний елемент з поліуретану SitaStandard з ПВХ-фартухом; висота 520 мм,Надставний елемент з поліуретану SitaStandard з ПВХ-фартухом; висота 520 мм,Публічна картка товару Mizol; детальні параметри перевіряйте за посиланням,,https://mizol.ua/ua/90378-nadstavnoy-element-uz-poluuretana-sitastandard-s-pvh--fartukom-vysota-520-mm
Надставний елемент з поліуретану SitaTrendy з бітумним фартухом; висота 320 мм,Надставний елемент з поліуретану SitaTrendy з бітумним фартухом; висота 320 мм,Публічна картка товару Mizol; детальні параметри перевіряйте за посиланням,,https://mizol.ua/ua/129734-nadstavnoy-element-uz-poluuretana-sitatrendy-s-butumnym-fartukom-vysotoy-320-mm
Надставний елемент з поліуретану SitaTrendy з ПВХ-фартухом; висота 320 мм,Надставний елемент з поліуретану SitaTrendy з ПВХ-фартухом; висота 320 мм,Публічна картка товару Mizol; детальні параметри перевіряйте за посиланням,,https://mizol.ua/ua/69721-nadstavnoy-element-uz-poluuretana-sitatrendy-s-pvh-fartukom-vysota-320-mm
Надставний елемент з поліуретану SitaTrendy з притискним фланцем; висота 320 мм,Надставний елемент з поліуретану SitaTrendy з притискним фланцем; висота 320 мм,Публічна картка товару Mizol; детальні параметри перевіряйте за посиланням,,https://mizol.ua/ua/69722-nadstavnoy-element-uz-poluuretana-sitatrendy-s-prughumnym-flancem-vysota-320-mm
Оцинкована прижимна планка Flagon 3 м,Оцинкована прижимна планка Flagon 3 м,Публічна картка товару Mizol; детальні параметри перевіряйте за посиланням,,https://mizol.ua/ua/45253-ocunkovannaya-prughumnaya-planka-flagon-3-m
Підкладочний шар Armourbase Eco-50 m2,Підкладочний шар Armourbase Eco-50 m2,Публічна картка товару Mizol; детальні параметри перевіряйте за посиланням,,https://mizol.ua/ua/213887-pidkladochnuy-shar-armourbase-eco-50-m2
Підпокрівельна гідроізоляційна мембрана Aerotop 1;5*50!!,мембрана,Публічна картка товару Mizol; детальні параметри перевіряйте за посиланням,,https://mizol.ua/ua/289840-pidpokrivelyna-gidroizolyaciyna-membrana-aerotop-1550
Панель ASKO NEO бежева без перфорації 3м; 0.915 м2,Панель ASKO NEO бежева без перфорації 3м; 0.915 м2,Публічна картка товару Mizol; детальні параметри перевіряйте за посиланням,,https://mizol.ua/ua/261729-panely-asko-neo-beghevaya-bez-perforacuu-3m-0915-m2
Панель ASKO NEO бежева перфорована 3м; 0.915 м2,Панель ASKO NEO бежева перфорована 3м; 0.915 м2,Публічна картка товару Mizol; детальні параметри перевіряйте за посиланням,,https://mizol.ua/ua/261728-panely-asko-neo-beghevaya-perforurovannaya-3m-0915-m2
Панель ASKO NEO біла без перфорації 3м; 0.915 м2,Панель ASKO NEO біла без перфорації 3м; 0.915 м2,Публічна картка товару Mizol; детальні параметри перевіряйте за посиланням,,https://mizol.ua/ua/261725-panely-asko-neo-belaya-bez-perforacuu-3m-0915-m2
Панель ASKO NEO біла без перфорації (нова підложка) 3м; 0.915 м2,Панель ASKO NEO біла без перфорації (нова підложка) 3м; 0.915 м2,Публічна картка товару Mizol; детальні параметри перевіряйте за посиланням,,https://mizol.ua/ua/286597-panely-asko-neo-belaya-bez-perforacuu-3m-0915-m2
Панель ASKO NEO біла перфорована (нова підложка) 3м; 0.915 м2,Панель ASKO NEO біла перфорована (нова підложка) 3м; 0.915 м2,Публічна картка товару Mizol; детальні параметри перевіряйте за посиланням,,https://mizol.ua/ua/286598-panely-asko-neo-belaya-perforurovannaya-3m-0915-m2
Панель ASKO NEO біла перфорована 3м; 0.915 м2,Панель ASKO NEO біла перфорована 3м; 0.915 м2,Публічна картка товару Mizol; детальні параметри перевіряйте за посиланням,,https://mizol.ua/ua/261724-panely-asko-neo-belaya-perforurovannaya-3m-0915-m2
Панель ASKO NEO вінчестер перфорована 3м; 0.915 м2,Панель ASKO NEO вінчестер перфорована 3м; 0.915 м2,Публічна картка товару Mizol; детальні параметри перевіряйте за посиланням,,https://mizol.ua/ua/261720-panely-asko-neo-vunchester-perforurovannaya-3m-0915-m2
Панель ASKO NEO графіт без перфорації 3м; 0.915 м2,Панель ASKO NEO графіт без перфорації 3м; 0.915 м2,Публічна картка товару Mizol; детальні параметри перевіряйте за посиланням,,https://mizol.ua/ua/261713-panely-asko-neo-grafut-bez-perforacuu-3m-0915-m2
Панель ASKO NEO графіт перфорована 3м; 0.915 м2,Панель ASKO NEO графіт перфорована 3м; 0.915 м2,Публічна картка товару Mizol; детальні параметри перевіряйте за посиланням,,https://mizol.ua/ua/261712-panely-asko-neo-grafut-perforurovannaya-3m-0915-m2
Панель ASKO NEO дуб золотий без перфорації 3м; 0.915 м2,Панель ASKO NEO дуб золотий без перфорації 3м; 0.915 м2,Публічна картка товару Mizol; детальні параметри перевіряйте за посиланням,,https://mizol.ua/ua/261709-panely-asko-neo-dub-zolotoy-bez-perforacuu-3m-0915-m2
Панель ASKO NEO дуб золотий перфорована 3м; 0.915 м2,Панель ASKO NEO дуб золотий перфорована 3м; 0.915 м2,Публічна картка товару Mizol; детальні параметри перевіряйте за посиланням,,https://mizol.ua/ua/261708-panely-asko-neo-dub-zolotoy-perforurovannaya-3m-0915-m2
Панель ASKO NEO коричнева без перфорації 3м; 0.915 м2,Панель ASKO NEO коричнева без перфорації 3м; 0.915 м2,Публічна картка товару Mizol; детальні параметри перевіряйте за посиланням,,https://mizol.ua/ua/261705-panely-asko-neo-koruchnevaya-bez-perforacuu-3m-0915-m2
Панель ASKO NEO коричнева перфорована 3м; 0.915 м2,Панель ASKO NEO коричнева перфорована 3м; 0.915 м2,Публічна картка товару Mizol; детальні параметри перевіряйте за посиланням,,https://mizol.ua/ua/261704-panely-asko-neo-koruchnevaya-perforurovannaya-3m-0915-m2
Панель ASKO NEO червоне дерево без перфорації 3м; 0.915 м2,Панель ASKO NEO червоне дерево без перфорації 3м; 0.915 м2,Публічна картка товару Mizol; детальні параметри перевіряйте за посиланням,,https://mizol.ua/ua/261693-panely-asko-neo-krasnoe-derevo-bez-perforacuu-3m-0915-m2
Панель ASKO NEO червоне дерево тік без перфорації 3м; 0.915 м2,Панель ASKO NEO червоне дерево тік без перфорації 3м; 0.915 м2,Публічна картка товару Mizol; детальні параметри перевіряйте за посиланням,,https://mizol.ua/ua/261697-panely-asko-neo-krasnoe-derevo-tuk-bez-perforacuu-3m-0915-m2
Панель ASKO NEO горіх без перфорації 3м; 0.915 м2,Панель ASKO NEO горіх без перфорації 3м; 0.915 м2,Публічна картка товару Mizol; детальні параметри перевіряйте за посиланням,,https://mizol.ua/ua/261717-panely-asko-neo-oreh-bez-perforacuu-3m-0915-m2
Панель ASKO NEO горіх перфорована 3м; 0.915 м2,Панель ASKO NEO горіх перфорована 3м; 0.915 м2,Публічна картка товару Mizol; детальні параметри перевіряйте за посиланням,,https://mizol.ua/ua/261716-panely-asko-neo-oreh-perforurovannaya-3m-0915-m2
Панель ASKO NEO світло-сіра без перфорації 3м; 0.915 м2,Панель ASKO NEO світло-сіра без перфорації 3м; 0.915 м2,Публічна картка товару Mizol; детальні параметри перевіряйте за посиланням,,https://mizol.ua/ua/261701-panely-asko-neo-svetlo-seraya-bez-perforacuu-3m-0915-m2
Панель ASKO NEO світло-сіра перфорована 3м; 0.915 м2,Панель ASKO NEO світло-сіра перфорована 3м; 0.915 м2,Публічна картка товару Mizol; детальні параметри перевіряйте за посиланням,,https://mizol.ua/ua/261700-panely-asko-neo-svetlo-seraya-perforurovannaya-3m-0915-m2
Панель ASKO NEO чорна без перфорації 3м; 0.915 м2,Панель ASKO NEO чорна без перфорації 3м; 0.915 м2,Публічна картка товару Mizol; детальні параметри перевіряйте за посиланням,,https://mizol.ua/ua/261733-panely-asko-neo-chernaya-bez-perforacuu-3m-0915-m2
Панель ASKO NEO чорна перфорована 3м; 0.915 м2,Панель ASKO NEO чорна перфорована 3м; 0.915 м2,Публічна картка товару Mizol; детальні параметри перевіряйте за посиланням,,https://mizol.ua/ua/261732-panely-asko-neo-chernaya-perforurovannaya-3m-0915-m2
Панель ASKO NEO яблуня без перфорації 3м; 0.915 м2,Панель ASKO NEO яблуня без перфорації 3м; 0.915 м2,Публічна картка товару Mizol; детальні параметри перевіряйте за посиланням,,https://mizol.ua/ua/261689-panely-asko-neo-yablonya-bez-perforacuu-3m-0915-m2
Панель VOX Fronto MAX SXP-06 “Дуб золотий“ 2;95 м 0;7375 м2,Панель VOX Fronto MAX SXP-06 “Дуб золотий“ 2;95 м 0;7375 м2,Публічна картка товару Mizol; детальні параметри перевіряйте за посиланням,,https://mizol.ua/ua/291087-panely-vox-fronto-max-sxp-06-%E2%80%9Cdub-zolotuy%E2%80%9C-295-m-07375-m2
Панель VOX Fronto MAX SXPU-06 “Дуб Медовий“ 2;95 м 0;7375 м2,Панель VOX Fronto MAX SXPU-06 “Дуб Медовий“ 2;95 м 0;7375 м2,Публічна картка товару Mizol; детальні параметри перевіряйте за посиланням,,https://mizol.ua/ua/291091-panely-vox-fronto-max-sxpu-06-%E2%80%9Cdub-medovuy%E2%80%9C-295-m-07375-m2
Панель VOX Fronto MAX V-Black SXP-06 “Горіх“ 2;95 м 0;7375 м2,Панель VOX Fronto MAX V-Black SXP-06 “Горіх“ 2;95 м 0;7375 м2,Публічна картка товару Mizol; детальні параметри перевіряйте за посиланням,,https://mizol.ua/ua/291094-panely-vox-fronto-max-v-black-sxp-06-%E2%80%9Cgorih%E2%80%9C-295-m-07375-m2
Панель VOX Fronto MAX V-Black SXP-06 “Дуб золотий“ 2;95 м 0;7375 м2,Панель VOX Fronto MAX V-Black SXP-06 “Дуб золотий“ 2;95 м 0;7375 м2,Публічна картка товару Mizol; детальні параметри перевіряйте за посиланням,,https://mizol.ua/ua/291095-panely-vox-fronto-max-v-black-sxp-06-%E2%80%9Cdub-zolotuy%E2%80%9C-295-m-07375-m2
Панель VOX Fronto MAX V-Black SXP-06 “Дуб“ 2;95 м 0;7375 м2,Панель VOX Fronto MAX V-Black SXP-06 “Дуб“ 2;95 м 0;7375 м2,Публічна картка товару Mizol; детальні параметри перевіряйте за посиланням,,https://mizol.ua/ua/291092-panely-vox-fronto-max-v-black-sxp-06-%E2%80%9Cdub%E2%80%9C-295-m-07375-m2
Панель VOX Fronto MAX V-Black SXP-06 “Світлий Дуб“ 2;95 м 0;7375 м2,Панель VOX Fronto MAX V-Black SXP-06 “Світлий Дуб“ 2;95 м 0;7375 м2,Публічна картка товару Mizol; детальні параметри перевіряйте за посиланням,,https://mizol.ua/ua/291093-panely-vox-fronto-max-v-black-sxp-06-%E2%80%9Csvitluy-dub%E2%80%9C-295-m-07375-m2
Панель айДахо біла без перфорації 3х0;3м,Панель айДахо біла без перфорації 3х0;3м,Публічна картка товару Mizol; детальні параметри перевіряйте за посиланням,,https://mizol.ua/ua/46125-panely-aydaho-belaya-bez-perforacuu-3h03m
Панель айДахо біла перфорована 3х0;3м,Панель айДахо біла перфорована 3х0;3м,Публічна картка товару Mizol; детальні параметри перевіряйте за посиланням,,https://mizol.ua/ua/46126-panely-aydaho-belaya-perforurovanaya-3h03m
Панель айДахо графіт без перфорації 3х0;3м,Панель айДахо графіт без перфорації 3х0;3м,Публічна картка товару Mizol; детальні параметри перевіряйте за посиланням,,https://mizol.ua/ua/54604-panely-aydaho-grafut-bez-perforacuu-3h03m%09
Панель айДахо графіт перфорована 3х0;3м,Панель айДахо графіт перфорована 3х0;3м,Публічна картка товару Mizol; детальні параметри перевіряйте за посиланням,,https://mizol.ua/ua/54605-panely-aydaho-grafut-perforurovanaya-3h03m
Панель айДахо коричнева без перфорації 3х0;3м,Панель айДахо коричнева без перфорації 3х0;3м,Публічна картка товару Mizol; детальні параметри перевіряйте за посиланням,,https://mizol.ua/ua/46127-panely-aydaho-koruchnevaya-bez-perforacuu-3h03m
Панель айДахо коричнева перфорована 3х0;3м,Панель айДахо коричнева перфорована 3х0;3м,Публічна картка товару Mizol; детальні параметри перевіряйте за посиланням,,https://mizol.ua/ua/46128-panely-aydaho-koruchnevaya-perforurovanaya-3h03m
Панель Бежевий ASKO NEO перфорований 3;5х0;305 м,Панель Бежевий ASKO NEO перфорований 3;5х0;305 м,Публічна картка товару Mizol; детальні параметри перевіряйте за посиланням,,https://mizol.ua/ua/67707-panely-beghevyy-asko-neo-perforurovannyy-35h0305-m-
Панель Білий ASKO NEO без перфорації 3;5х0;305 м,Панель Білий ASKO NEO без перфорації 3;5х0;305 м,Публічна картка товару Mizol; детальні параметри перевіряйте за посиланням,,https://mizol.ua/ua/67704-panely-belyy-asko-neo-bez-perforacuu-35h0305-m
Панель Білий ASKO NEO перфорований 3;5х0;305 м,Панель Білий ASKO NEO перфорований 3;5х0;305 м,Публічна картка товару Mizol; детальні параметри перевіряйте за посиланням,,https://mizol.ua/ua/67705-panely-belyy-asko-neo-perforurovannyy-35h0305-m-
"Панель вінілова FaSiding BlockHouse ""Арахіс""","Панель вінілова FaSiding BlockHouse ""Арахіс""",Публічна картка товару Mizol; детальні параметри перевіряйте за посиланням,,https://mizol.ua/ua/26885-panely-vunulovaya-fasiding-blockhouse-arahus
"Панель вінілова FaSiding BlockHouse ""Грецький горіх""","Панель вінілова FaSiding BlockHouse ""Грецький горіх""",Публічна картка товару Mizol; детальні параметри перевіряйте за посиланням,,https://mizol.ua/ua/26886-panely-vunulovaya-fasiding-blockhouse-greckuy-oreh
"Панель вінілова FaSiding BlockHouse ""Мімоза""","Панель вінілова FaSiding BlockHouse ""Мімоза""",Публічна картка товару Mizol; детальні параметри перевіряйте за посиланням,,https://mizol.ua/ua/26887-panely-vunulovaya-fasiding-blockhouse-mumoza
"Панель вінілова FaSiding BlockHouse ""Мигдаль""","Панель вінілова FaSiding BlockHouse ""Мигдаль""",Публічна картка товару Mizol; детальні параметри перевіряйте за посиланням,,https://mizol.ua/ua/26888-panely-vunulovaya-fasiding-blockhouse-mundaly
"Панель вінілова FaSiding Standard ""Арахіс""","Панель вінілова FaSiding Standard ""Арахіс""",Публічна картка товару Mizol; детальні параметри перевіряйте за посиланням,,https://mizol.ua/ua/16661-panely-vunulovaya-fasiding-standard-arahus
"Панель вінілова FaSiding Standard ""Грецький горіх""","Панель вінілова FaSiding Standard ""Грецький горіх""",Публічна картка товару Mizol; детальні параметри перевіряйте за посиланням,,https://mizol.ua/ua/16675-panely-vunulovaya-fasiding-standard-greckuy-oreh
"Панель вінілова FaSiding Standard ""Какао""","Панель вінілова FaSiding Standard ""Какао""",Публічна картка товару Mizol; детальні параметри перевіряйте за посиланням,,https://mizol.ua/ua/17100-panely-vunulovaya-fasiding-standard-kakao
"Панель вінілова FaSiding Standard ""Льон""","Панель вінілова FaSiding Standard ""Льон""",Публічна картка товару Mizol; детальні параметри перевіряйте за посиланням,,https://mizol.ua/ua/17097-panely-vunulovaya-fasiding-standard-len
"Панель вінілова FaSiding Standard ""Макові зерна""","Панель вінілова FaSiding Standard ""Макові зерна""",Публічна картка товару Mizol; детальні параметри перевіряйте за посиланням,,https://mizol.ua/ua/16728-panely-vunulovaya-fasiding-standard-makovye-zerna
"Панель вінілова FaSiding Standard ""Мімоза""","Панель вінілова FaSiding Standard ""Мімоза""",Публічна картка товару Mizol; детальні параметри перевіряйте за посиланням,,https://mizol.ua/ua/16729-panely-vunulovaya-fasiding-standard-mumoza
"Панель вінілова FaSiding Standard ""Мигдаль""","Панель вінілова FaSiding Standard ""Мигдаль""",Публічна картка товару Mizol; детальні параметри перевіряйте за посиланням,,https://mizol.ua/ua/17099-panely-vunulovaya-fasiding-standard-mundaly
"Панель вінілова FaSiding Standard ""Папороть""","Панель вінілова FaSiding Standard ""Папороть""",Публічна картка товару Mizol; детальні параметри перевіряйте за посиланням,,https://mizol.ua/ua/16657-panely-vunulovaya-fasiding-standard-paporotnuk
"Панель вінілова FaSiding Standard ""Пшениця""","Панель вінілова FaSiding Standard ""Пшениця""",Публічна картка товару Mizol; детальні параметри перевіряйте за посиланням,,https://mizol.ua/ua/17098-panely-vunulovaya-fasiding-standard-pshenuca
Панель вінілова FaSiding Standard ''Бавовна'',Панель вінілова FaSiding Standard ''Бавовна'',Публічна картка товару Mizol; детальні параметри перевіряйте за посиланням,,https://mizol.ua/ua/17101-panely-vunulovaya-fasiding-standard-hlopok
Панель Вінчестер ASKO NEO перфорований 3;5х0;305 м,Панель Вінчестер ASKO NEO перфорований 3;5х0;305 м,Публічна картка товару Mizol; детальні параметри перевіряйте за посиланням,,https://mizol.ua/ua/67756-panely-vunchester-asko-neo-perforurovannyy-35h0305-m-
Панель Графіт ASKO NEO без перфорації 3;5х0;305 м,Панель Графіт ASKO NEO без перфорації 3;5х0;305 м,Публічна картка товару Mizol; детальні параметри перевіряйте за посиланням,,https://mizol.ua/ua/67710-panely-grafut-asko-neo-bez-perforacuu-35h0305-m-
Панель Графіт ASKO NEO перфорований 3;5х0;305 м,Панель Графіт ASKO NEO перфорований 3;5х0;305 м,Публічна картка товару Mizol; детальні параметри перевіряйте за посиланням,,https://mizol.ua/ua/67711-panely-grafut-asko-neo-perforurovannyy-35h0305-m-
Панель Золотий дуб ASKO NEO без перфорації 3;5х0;305,Панель Золотий дуб ASKO NEO без перфорації 3;5х0;305,Публічна картка товару Mizol; детальні параметри перевіряйте за посиланням,,https://mizol.ua/ua/67712-panely-zolotoy-dub-asko-neo-bez-perforacuu-35h0305-m-
Панель Золотий дуб ASKO NEO перфорований 3;5х0;305 м,Панель Золотий дуб ASKO NEO перфорований 3;5х0;305 м,Публічна картка товару Mizol; детальні параметри перевіряйте за посиланням,,https://mizol.ua/ua/67713-panely-zolotoy-dub-asko-neo-perforurovannyy-35h0305-m-
Панель Коричневий ASKO NEO без перфорації 3;5х0;305 м,Панель Коричневий ASKO NEO без перфорації 3;5х0;305 м,Публічна картка товару Mizol; детальні параметри перевіряйте за посиланням,,https://mizol.ua/ua/67716-panely-koruchnevyy-asko-neo-bez-perforacuu-35h0305-m
Панель Коричневий ASKO NEO перфорований 3;5х0;305 м,Панель Коричневий ASKO NEO перфорований 3;5х0;305 м,Публічна картка товару Mizol; детальні параметри перевіряйте за посиланням,,https://mizol.ua/ua/67717-panely-koruchnevyy-asko-neo-perforurovannyy-35h0305-m-
Панель Горіх ASKO NEO без перфорації 3;5х0;305 м,Панель Горіх ASKO NEO без перфорації 3;5х0;305 м,Публічна картка товару Mizol; детальні параметри перевіряйте за посиланням,,https://mizol.ua/ua/67708-panely-oreh-asko-neo-bez-perforacuu-35h0305-m-
Панель Горіх ASKO NEO перфорований 3;5х0;305 м,Панель Горіх ASKO NEO перфорований 3;5х0;305 м,Публічна картка товару Mizol; детальні параметри перевіряйте за посиланням,,https://mizol.ua/ua/67709-panely-oreh-asko-neo-perforurovannyy-35h0305-m-
Панель плоска FaSiding Vifront SV-05 “Бежевий“ 3 м. 0;75 м2,Панель плоска FaSiding Vifront SV-05 “Бежевий“ 3 м. 0;75 м2,Публічна картка товару Mizol; детальні параметри перевіряйте за посиланням,,https://mizol.ua/ua/241420-panely-ploskaya-fasiding-vifront-%E2%80%9Cbeghevyy%E2%80%9C-3-m-075-m2
Панель плоска FaSiding Vifront SV-05 “Білий“ 3 м. 0;75 м2,Панель плоска FaSiding Vifront SV-05 “Білий“ 3 м. 0;75 м2,Публічна картка товару Mizol; детальні параметри перевіряйте за посиланням,,https://mizol.ua/ua/241419-panely-ploskaya-fasiding-vifront-%E2%80%9Cbelyy%E2%80%9C-3-m-075-m2
"Панель плоска VOX MAX-3 ""дуб золотий""","Панель плоска VOX MAX-3 ""дуб золотий""",Публічна картка товару Mizol; детальні параметри перевіряйте за посиланням,,https://mizol.ua/ua/46120-panely-ploskaya-vox-max-3-dub-zolotoy
"Панель плоска VOX MAX-3 ""дуб""","Панель плоска VOX MAX-3 ""дуб""",Публічна картка товару Mizol; детальні параметри перевіряйте за посиланням,,https://mizol.ua/ua/23577-panely-ploskaya-vox-max-3-dub
"Панель плоска VOX MAX-3 ""ясен""","Панель плоска VOX MAX-3 ""ясен""",Публічна картка товару Mizol; детальні параметри перевіряйте за посиланням,,https://mizol.ua/ua/27690-panely-ploskaya-vox-max-3-yasen
Панель Світло-сірий ASKO NEO без перфорації 3;5х0;305 м,Панель Світло-сірий ASKO NEO без перфорації 3;5х0;305 м,Публічна картка товару Mizol; детальні параметри перевіряйте за посиланням,,https://mizol.ua/ua/67749-panely-svetlo-seryy-asko-neo-bez-perforacuu-35h0305-m
Панель Світло-сірий ASKO NEO перфорований 3;5х0;305 м,Панель Світло-сірий ASKO NEO перфорований 3;5х0;305 м,Публічна картка товару Mizol; детальні параметри перевіряйте за посиланням,,https://mizol.ua/ua/67750-panely-svetlo-seryy-asko-neo-perforurovannyy-35h0305-m-
Панель Софіт VOX Infratop SV-09 Біла 2;7м; 0;81 м2,Панель Софіт VOX Infratop SV-09 Біла 2;7м; 0;81 м2,Публічна картка товару Mizol; детальні параметри перевіряйте за посиланням,,https://mizol.ua/ua/159700-panely-sofut-vox-infratop-sv-09-belaya-27m-081m2
Панель Софіт VOX Infratop SV-09 Графіт 2;7м; 0;81 м2,Панель Софіт VOX Infratop SV-09 Графіт 2;7м; 0;81 м2,Публічна картка товару Mizol; детальні параметри перевіряйте за посиланням,,https://mizol.ua/ua/159701-panely-sofut-vox-infratop-sv-09-grafut-27m-081m2
Панель Софіт VOX Infratop SV-09 Коричневий 2;7м; 0;81 м2,Панель Софіт VOX Infratop SV-09 Коричневий 2;7м; 0;81 м2,Публічна картка товару Mizol; детальні параметри перевіряйте за посиланням,,https://mizol.ua/ua/159702-panely-sofut-vox-infratop-sv-09-koruchnevyy-27m-081m2
Панель Софіт VOX Infratop SVP-09 Золотий дуб 2;7м,Панель Софіт VOX Infratop SVP-09 Золотий дуб 2;7м,Публічна картка товару Mizol; детальні параметри перевіряйте за посиланням,,https://mizol.ua/ua/171403-panely-sofut-vox-infratop-svp-09-zolotoy-dub-27m
Панель Софіт VOX Infratop SVP-09 Горіх 2;7м,Панель Софіт VOX Infratop SVP-09 Горіх 2;7м,Публічна картка товару Mizol; детальні параметри перевіряйте за посиланням,,https://mizol.ua/ua/171404-panely-sofut-vox-infratop-svp-09-oreh-27m
Панель Софіт VOX Infratop SVPU-09 Вінчестер 2;7м,Панель Софіт VOX Infratop SVPU-09 Вінчестер 2;7м,Публічна картка товару Mizol; детальні параметри перевіряйте за посиланням,,https://mizol.ua/ua/169103-panely-sofut-vox-infratop-svpu-09-vunchester-27m
Панель фасадна KERRAFRONT CLASSIC FS-201 Beige 1;08 м2,фасадна панель,Публічна картка товару Mizol; детальні параметри перевіряйте за посиланням,,https://mizol.ua/ua/88601-panely-fasadnaya-kerrafront-classic-fs-201-beige-108-m2
Панель фасадна KERRAFRONT CLASSIC FS-201 Grey 1;08 м2,фасадна панель,Публічна картка товару Mizol; детальні параметри перевіряйте за посиланням,,https://mizol.ua/ua/88605-panely-fasadnaya-kerrafront-classic-fs-201-grey-108-m2
Панель фасадна KERRAFRONT CLASSIC FS-201 Light Grey 1;08 м2,фасадна панель,Публічна картка товару Mizol; детальні параметри перевіряйте за посиланням,,https://mizol.ua/ua/88602-panely-fasadnaya-kerrafront-classic-fs-201-light-grey-108-m2
Панель фасадна KERRAFRONT MW FS-302 Claystone 1;992 м2,фасадна панель,Публічна картка товару Mizol; детальні параметри перевіряйте за посиланням,,https://mizol.ua/ua/88626-panely-fasadnaya-kerrafront-mw-fs-302-claystone-1992-m2
Панель фасадна KERRAFRONT MW FS-302 Ivory 1;992 м2,фасадна панель,Публічна картка товару Mizol; детальні параметри перевіряйте за посиланням,,https://mizol.ua/ua/88624-panely-fasadnaya-kerrafront-mw-fs-302-ivory-1992-m2
Панель фасадна KERRAFRONT MW FS-302 Pearl Grey 1;992 м2,фасадна панель,Публічна картка товару Mizol; детальні параметри перевіряйте за посиланням,,https://mizol.ua/ua/88627-panely-fasadnaya-kerrafront-mw-fs-302-pearl-grey-1992-m2
Панель фасадна KERRAFRONT MW FS-302 White 1;992 м2,фасадна панель,Публічна картка товару Mizol; детальні параметри перевіряйте за посиланням,,https://mizol.ua/ua/88623-panely-fasadnaya-kerrafront-mw-fs-302-white-1992-m2
Парапетна воронка з поліуретану SitaEasy Go з бітумним фартухом та галтелью (діаметр 110 мм),Парапетна воронка з поліуретану SitaEasy Go з бітумним фартухом та галтелью (діаметр 110 мм),Публічна картка товару Mizol; детальні параметри перевіряйте за посиланням,,https://mizol.ua/ua/79019-parapetnaya-voronka-uz-poluuretana-sitaeasy-go-s-butumnum-fartukom-u-galtelyyu-duametr-110-mm
Парапетна воронка з поліуретану SitaEasy Go з бітумним фартухом та галтелью (діаметр 75 мм),Парапетна воронка з поліуретану SitaEasy Go з бітумним фартухом та галтелью (діаметр 75 мм),Публічна картка товару Mizol; детальні параметри перевіряйте за посиланням,,https://mizol.ua/ua/207706-parapetnaya-voronka-uz-poluuretana-sitaeasy-go-s-butumnym-fartukom-u-galtelyyu-duametr-75-m
Парапетна воронка з поліуретану SitaEasy з ПВХ-фартухом (діаметр 110 мм),Парапетна воронка з поліуретану SitaEasy з ПВХ-фартухом (діаметр 110 мм),Публічна картка товару Mizol; детальні параметри перевіряйте за посиланням,,https://mizol.ua/ua/69719-parapetnaya-voronka-uz-poluuretana-sitaeasy-s-pvh-fartukom-duametr-110-mm
Парапетна воронка з поліуретану SitaEasy з ПВХ-фартухом (діаметр 75 мм),Парапетна воронка з поліуретану SitaEasy з ПВХ-фартухом (діаметр 75 мм),Публічна картка товару Mizol; детальні параметри перевіряйте за посиланням,,https://mizol.ua/ua/103154-parapetnaya-voronka-uz-poluuretana-sitaeasy-s-pvh-fartukom-duametr-75-mm
Парапетна воронка з поліуретану SitaEasy з ТПО фартухом Flagon EP/S (діаметр 110 мм),Парапетна воронка з поліуретану SitaEasy з ТПО фартухом Flagon EP/S (діаметр 110 мм),Публічна картка товару Mizol; детальні параметри перевіряйте за посиланням,,https://mizol.ua/ua/122026-parapetnaya-voronka-uz-poluuretana-sitaeasy-s-tpo-fartukom-flagon-eps-duametr-110-mm
Пароізоляційна плита SitaMore Flex; EPDM; DN 100,ізоляція,Публічна картка товару Mizol; детальні параметри перевіряйте за посиланням,,https://mizol.ua/ua/117187-parouzolyacuonnaya--pluta-sitamore-flex-epdm-dn-100
Підпокрівельна пароізоляційна рефлекторна плівка Паробар'єр R110,ізоляція,Публічна картка товару Mizol; детальні параметри перевіряйте за посиланням,,https://mizol.ua/ua/1613-parouzolyacuonnaya-plenka-parobaryer-r110-
Паропроникна мембрана Tyvek Soft (1;5х50м),мембрана,Публічна картка товару Mizol; детальні параметри перевіряйте за посиланням,,https://mizol.ua/ua/260800-paropronucaemaya-membrana-tyvek-soft-15h50m
Паропроникна мембрана Tyvek Solid (1;5х50м),мембрана,Публічна картка товару Mizol; детальні параметри перевіряйте за посиланням,,https://mizol.ua/ua/260801-paropronucaemaya-membrana-tyvek-solid-15h50m
ПВХ-мембрана Soprema Flagon BSL 1;5 мм; неармована; без УФ; 2.10х25 м,мембрана,Публічна картка товару Mizol; детальні параметри перевіряйте за посиланням,,https://mizol.ua/ua/45109-pvh-membrana-soprema-flagon-bsl-15-mm-nearmurovannaya-bez-uf-210h25-m
ПВХ-мембрана Soprema Flagon СSL 1.5 мм; неармована; з УФ; 2.10х20 м,мембрана,Публічна картка товару Mizol; детальні параметри перевіряйте за посиланням,,https://mizol.ua/ua/45737-pvh-membrana-soprema-flagon-csl-nearmurovannaya-s-uf-210h20-m
ПВХ-мембрана Soprema Flagon S 1.5 мм; неармована; з УФ; 1.05х20 м,мембрана,Публічна картка товару Mizol; детальні параметри перевіряйте за посиланням,,https://mizol.ua/ua/96929-pvh-membrana-soprema-flagon-s-15-mm-nearmurovannaya-s-uf-105h20-m
ПВХ-мембрана Soprema Flagon SR 1.2 мм; армована; з УФ; 2.10х25 м,мембрана,Публічна картка товару Mizol; детальні параметри перевіряйте за посиланням,,https://mizol.ua/ua/45059-pvh-membrana-soprema-flagon-sr-12-mm-armurovannaya-s-uf-210h25-m
ПВХ-мембрана Soprema Flagon SR 1.5 мм; армована; з УФ; 2.10х20 м,мембрана,Публічна картка товару Mizol; детальні параметри перевіряйте за посиланням,,https://mizol.ua/ua/45025-pvh-membrana-soprema-flagon-sr-15-mm-armurovannaya-s-uf-210h20-m
ПВХ-мембрана Soprema Flagon SR 1.8 мм; армована; з УФ; 2.10х20 м,мембрана,Публічна картка товару Mizol; детальні параметри перевіряйте за посиланням,,https://mizol.ua/ua/54858-pvh-membrana-soprema-flagon-sr-18-mm-armurovannaya-s-uf-210h20-m
ПВХ-мембрана Soprema Flagon SV 1.5 мм; армована; з УФ; 2.10х20 м,мембрана,Публічна картка товару Mizol; детальні параметри перевіряйте за посиланням,,https://mizol.ua/ua/45112-pvh-membrana-soprema-flagon-sv-15-mm-armurovannaya-s-uf-210h20-m
Перехідник 3/4 х 1/2; 000M804A001,Перехідник 3/4 х 1/2; 000M804A001,Публічна картка товару Mizol; детальні параметри перевіряйте за посиланням,,https://mizol.ua/ua/102321-perehodnuk-34-h-12-000m804a001
Перехідник на гладкі труби GeoDrain,Перехідник на гладкі труби GeoDrain,Публічна картка товару Mizol; детальні параметри перевіряйте за посиланням,,https://mizol.ua/ua/259737-perehodnuk-na-gladkue-truby-geodrain
Планка ASKO NEO J біла 3м,Планка ASKO NEO J біла 3м,Публічна картка товару Mizol; детальні параметри перевіряйте за посиланням,,https://mizol.ua/ua/261726-planka-asko-neo-j-belaya-3m
Планка ASKO NEO J біла (нова підложка) 3м,Планка ASKO NEO J біла (нова підложка) 3м,Публічна картка товару Mizol; детальні параметри перевіряйте за посиланням,,https://mizol.ua/ua/286599-planka-asko-neo-j-belaya-3m
Планка ASKO NEO J вінчестер 3м,Планка ASKO NEO J вінчестер 3м,Публічна картка товару Mizol; детальні параметри перевіряйте за посиланням,,https://mizol.ua/ua/261722-planka-asko-neo-j-vunchester-3m
Планка ASKO NEO J графіт 3м,Планка ASKO NEO J графіт 3м,Публічна картка товару Mizol; детальні параметри перевіряйте за посиланням,,https://mizol.ua/ua/261714-planka-asko-neo-j-grafut-3m
Планка ASKO NEO J дуб золотий 3м,Планка ASKO NEO J дуб золотий 3м,Публічна картка товару Mizol; детальні параметри перевіряйте за посиланням,,https://mizol.ua/ua/261710-planka-asko-neo-j-dub-zolotoy-3m
Планка ASKO NEO J коричнева 3м,Планка ASKO NEO J коричнева 3м,Публічна картка товару Mizol; детальні параметри перевіряйте за посиланням,,https://mizol.ua/ua/261706-planka-asko-neo-j-koruchnevaya-3m
Планка ASKO NEO J горіх 3м,Планка ASKO NEO J горіх 3м,Публічна картка товару Mizol; детальні параметри перевіряйте за посиланням,,https://mizol.ua/ua/261718-planka-asko-neo-j-oreh-3m
Планка ASKO NEO Н біла 3м,Планка ASKO NEO Н біла 3м,Публічна картка товару Mizol; детальні параметри перевіряйте за посиланням,,https://mizol.ua/ua/261727-planka-asko-neo-n-belaya-3m
Планка ASKO NEO Н вінчестер 3м,Планка ASKO NEO Н вінчестер 3м,Публічна картка товару Mizol; детальні параметри перевіряйте за посиланням,,https://mizol.ua/ua/261723-planka-asko-neo-n-vunchester-3m
Планка ASKO NEO Н графіт 3м,Планка ASKO NEO Н графіт 3м,Публічна картка товару Mizol; детальні параметри перевіряйте за посиланням,,https://mizol.ua/ua/261715-planka-asko-neo-n-grafut-3m
Планка ASKO NEO Н дуб золотий 3м,Планка ASKO NEO Н дуб золотий 3м,Публічна картка товару Mizol; детальні параметри перевіряйте за посиланням,,https://mizol.ua/ua/261711-planka-asko-neo-n-dub-zolotoy-3m
Планка ASKO NEO Н коричнева 3м,Планка ASKO NEO Н коричнева 3м,Публічна картка товару Mizol; детальні параметри перевіряйте за посиланням,,https://mizol.ua/ua/261707-planka-asko-neo-n-koruchnevaya-3m
Планка ASKO NEO Н горіх 3м,Планка ASKO NEO Н горіх 3м,Публічна картка товару Mizol; детальні параметри перевіряйте за посиланням,,https://mizol.ua/ua/261719-planka-asko-neo-n-oreh-3m
Планка ASKO NEO Н чорна 3м,Планка ASKO NEO Н чорна 3м,Публічна картка товару Mizol; детальні параметри перевіряйте за посиланням,,https://mizol.ua/ua/261735-planka-asko-neo-n-chernaya-3m
"Планка FaSiding Standard/BlockHouse ""J-trim"" ""Арахіс""","Планка FaSiding Standard/BlockHouse ""J-trim"" ""Арахіс""",Публічна картка товару Mizol; детальні параметри перевіряйте за посиланням,,https://mizol.ua/ua/17063-planka-fasiding-standardblockhouse-j-trim-arahus
"Планка FaSiding Standard/BlockHouse ""J-trim"" ""Грецький горіх""","Планка FaSiding Standard/BlockHouse ""J-trim"" ""Грецький горіх""",Публічна картка товару Mizol; детальні параметри перевіряйте за посиланням,,https://mizol.ua/ua/17107-planka-fasiding-standardblockhouse-j-trim-greckuy-oreh
"Планка FaSiding Standard/BlockHouse ""J-trim"" ""Какао""","Планка FaSiding Standard/BlockHouse ""J-trim"" ""Какао""",Публічна картка товару Mizol; детальні параметри перевіряйте за посиланням,,https://mizol.ua/ua/16730-planka-fasiding-standardblockhouse-j-trim-kakao
"Планка FaSiding Standard/BlockHouse ""J-trim"" ""Коричневий""","Планка FaSiding Standard/BlockHouse ""J-trim"" ""Коричневий""",Публічна картка товару Mizol; детальні параметри перевіряйте за посиланням,,https://mizol.ua/ua/26997-planka-fasiding-standardblockhouse-j-trim-koruchnevyy
"Планка FaSiding Standard/BlockHouse ""J-trim"" ""Льон""","Планка FaSiding Standard/BlockHouse ""J-trim"" ""Льон""",Публічна картка товару Mizol; детальні параметри перевіряйте за посиланням,,https://mizol.ua/ua/17110-planka-fasiding-standardblockhouse-j-trim-len
"Планка FaSiding Standard/BlockHouse ""J-trim"" ""Макові зерна""","Планка FaSiding Standard/BlockHouse ""J-trim"" ""Макові зерна""",Публічна картка товару Mizol; детальні параметри перевіряйте за посиланням,,https://mizol.ua/ua/17112-planka-fasiding-standardblockhouse-j-trim-makovye-zerna
"Планка FaSiding Standard/BlockHouse ""J-trim"" ""Мімоза""","Планка FaSiding Standard/BlockHouse ""J-trim"" ""Мімоза""",Публічна картка товару Mizol; детальні параметри перевіряйте за посиланням,,https://mizol.ua/ua/16911-planka-fasiding-standardblockhouse-j-trim-mumoza
"Планка FaSiding Standard/BlockHouse ""J-trim"" ""Мигдаль""","Планка FaSiding Standard/BlockHouse ""J-trim"" ""Мигдаль""",Публічна картка товару Mizol; детальні параметри перевіряйте за посиланням,,https://mizol.ua/ua/17108-planka-fasiding-standardblockhouse-j-trim-mundaly
"Планка FaSiding Standard/BlockHouse ""J-trim"" ""Папороть""","Планка FaSiding Standard/BlockHouse ""J-trim"" ""Папороть""",Публічна картка товару Mizol; детальні параметри перевіряйте за посиланням,,https://mizol.ua/ua/17111-planka-fasiding-standardblockhouse-j-trim-paporotnuk
"Планка FaSiding Standard/BlockHouse ""J-trim"" ""Пшениця""","Планка FaSiding Standard/BlockHouse ""J-trim"" ""Пшениця""",Публічна картка товару Mizol; детальні параметри перевіряйте за посиланням,,https://mizol.ua/ua/17109-planka-fasiding-standardblockhouse-j-trim-pshenuca
"Планка FaSiding Standard/BlockHouse ""J-trim"" ""Бавовна""","Планка FaSiding Standard/BlockHouse ""J-trim"" ""Бавовна""",Публічна картка товару Mizol; детальні параметри перевіряйте за посиланням,,https://mizol.ua/ua/17106-planka-fasiding-standardblockhouse-j-trim-hlopok
"Планка FaSiding Standard/BlockHouse ""зовнішній кут"" ""Арахіс""","Планка FaSiding Standard/BlockHouse ""зовнішній кут"" ""Арахіс""",Публічна картка товару Mizol; детальні параметри перевіряйте за посиланням,,https://mizol.ua/ua/16644-planka-fasiding-standardblockhouse-vneshnuy-ugol-arahus
"Планка FaSiding Standard/BlockHouse ""зовнішній кут"" ""Грецький горіх""","Планка FaSiding Standard/BlockHouse ""зовнішній кут"" ""Грецький горіх""",Публічна картка товару Mizol; детальні параметри перевіряйте за посиланням,,https://mizol.ua/ua/16645-planka-fasiding-standardblockhouse-vneshnuy-ugol-greckuy-oreh
"Планка FaSiding Standard/BlockHouse ""зовнішній кут"" ""Какао""","Планка FaSiding Standard/BlockHouse ""зовнішній кут"" ""Какао""",Публічна картка товару Mizol; детальні параметри перевіряйте за посиланням,,https://mizol.ua/ua/16646-planka-fasiding-standardblockhouse-vneshnuy-ugol-kakao
"Планка FaSiding Standard/BlockHouse ""зовнішній кут"" ""Льон""","Планка FaSiding Standard/BlockHouse ""зовнішній кут"" ""Льон""",Публічна картка товару Mizol; детальні параметри перевіряйте за посиланням,,https://mizol.ua/ua/16647-planka-fasiding-standardblockhouse-vneshnuy-ugol-len
"Планка FaSiding Standard/BlockHouse ""зовнішній кут"" ""Макові зерна""","Планка FaSiding Standard/BlockHouse ""зовнішній кут"" ""Макові зерна""",Публічна картка товару Mizol; детальні параметри перевіряйте за посиланням,,https://mizol.ua/ua/16648-planka-fasiding-standardblockhouse-vneshnuy-ugol-makovye-zerna
"Планка FaSiding Standard/BlockHouse ""зовнішній кут"" ""Мімоза""","Планка FaSiding Standard/BlockHouse ""зовнішній кут"" ""Мімоза""",Публічна картка товару Mizol; детальні параметри перевіряйте за посиланням,,https://mizol.ua/ua/16649-planka-fasiding-standardblockhouse-vneshnuy-ugol-mumoza
"Планка FaSiding Standard/BlockHouse ""зовнішній кут"" ""Мигдаль""","Планка FaSiding Standard/BlockHouse ""зовнішній кут"" ""Мигдаль""",Публічна картка товару Mizol; детальні параметри перевіряйте за посиланням,,https://mizol.ua/ua/16650-planka-fasiding-standardblockhouse-vneshnuy-ugol-mundaly
"Планка FaSiding Standard/BlockHouse ""зовнішній кут"" ""Папороть""","Планка FaSiding Standard/BlockHouse ""зовнішній кут"" ""Папороть""",Публічна картка товару Mizol; детальні параметри перевіряйте за посиланням,,https://mizol.ua/ua/16651-planka-fasiding-standardblockhouse-vneshnuy-ugol-paporotnuk
"Планка FaSiding Standard/BlockHouse ""зовнішній кут"" ""Пшениця""","Планка FaSiding Standard/BlockHouse ""зовнішній кут"" ""Пшениця""",Публічна картка товару Mizol; детальні параметри перевіряйте за посиланням,,https://mizol.ua/ua/16652-planka-fasiding-standardblockhouse-vneshnuy-ugol-pshenuca
"Планка FaSiding Standard/BlockHouse ""зовнішній кут"" ""Бавовна""","Планка FaSiding Standard/BlockHouse ""зовнішній кут"" ""Бавовна""",Публічна картка товару Mizol; детальні параметри перевіряйте за посиланням,,https://mizol.ua/ua/16653-planka-fasiding-standardblockhouse-vneshnuy-ugol-hlopok
"Планка FaSiding Standard/BlockHouse ""внутрішній кут"" ""Арахіс""","Планка FaSiding Standard/BlockHouse ""внутрішній кут"" ""Арахіс""",Публічна картка товару Mizol; детальні параметри перевіряйте за посиланням,,https://mizol.ua/ua/17064-planka-fasiding-standardblockhouse-vnutrennuy-ugol-arahus
"Планка FaSiding Standard/BlockHouse ""внутрішній кут"" ""Грецький горіх""","Планка FaSiding Standard/BlockHouse ""внутрішній кут"" ""Грецький горіх""",Публічна картка товару Mizol; детальні параметри перевіряйте за посиланням,,https://mizol.ua/ua/17115-planka-fasiding-standardblockhouse-vnutrennuy-ugol-greckuy-oreh
"Планка FaSiding Standard/BlockHouse ""внутрішній кут"" ""Какао""","Планка FaSiding Standard/BlockHouse ""внутрішній кут"" ""Какао""",Публічна картка товару Mizol; детальні параметри перевіряйте за посиланням,,https://mizol.ua/ua/17116-planka-fasiding-standardblockhouse-vnutrennuy-ugol-kakao
"Планка FaSiding Standard/BlockHouse ""внутрішній кут"" ""Коричневий""","Планка FaSiding Standard/BlockHouse ""внутрішній кут"" ""Коричневий""",Публічна картка товару Mizol; детальні параметри перевіряйте за посиланням,,https://mizol.ua/ua/26999-planka-fasiding-standardblockhouse-vnutrennuy-ugol-koruchnevyy
"Планка FaSiding Standard/BlockHouse ""внутрішній кут"" ""Льон""","Планка FaSiding Standard/BlockHouse ""внутрішній кут"" ""Льон""",Публічна картка товару Mizol; детальні параметри перевіряйте за посиланням,,https://mizol.ua/ua/17119-planka-fasiding-standardblockhouse-vnutrennuy-ugol-len
"Планка FaSiding Standard/BlockHouse ""внутрішній кут"" ""Макові зерна""","Планка FaSiding Standard/BlockHouse ""внутрішній кут"" ""Макові зерна""",Публічна картка товару Mizol; детальні параметри перевіряйте за посиланням,,https://mizol.ua/ua/17121-planka-fasiding-standardblockhouse-vnutrennuy-ugol-makovye-zerna
"Планка FaSiding Standard/BlockHouse ""внутрішній кут"" ""Мімоза""","Планка FaSiding Standard/BlockHouse ""внутрішній кут"" ""Мімоза""",Публічна картка товару Mizol; детальні параметри перевіряйте за посиланням,,https://mizol.ua/ua/16860-planka-fasiding-standardblockhouse-vnutrennuy-ugol-mumoza
"Планка FaSiding Standard/BlockHouse ""внутрішній кут"" ""Мигдаль""","Планка FaSiding Standard/BlockHouse ""внутрішній кут"" ""Мигдаль""",Публічна картка товару Mizol; детальні параметри перевіряйте за посиланням,,https://mizol.ua/ua/17117-planka-fasiding-standardblockhouse-vnutrennuy-ugol-mundaly
"Планка FaSiding Standard/BlockHouse ""внутрішній кут"" ""Папороть""","Планка FaSiding Standard/BlockHouse ""внутрішній кут"" ""Папороть""",Публічна картка товару Mizol; детальні параметри перевіряйте за посиланням,,https://mizol.ua/ua/17120-planka-fasiding-standardblockhouse-vnutrennuy-ugol-paporotnuk
"Планка FaSiding Standard/BlockHouse ""внутрішній кут"" ""Пшениця""","Планка FaSiding Standard/BlockHouse ""внутрішній кут"" ""Пшениця""",Публічна картка товару Mizol; детальні параметри перевіряйте за посиланням,,https://mizol.ua/ua/17118-planka-fasiding-standardblockhouse-vnutrennuy-ugol-pshenuca
"Планка FaSiding Standard/BlockHouse ""внутрішній кут"" ""Бавовна""","Планка FaSiding Standard/BlockHouse ""внутрішній кут"" ""Бавовна""",Публічна картка товару Mizol; детальні параметри перевіряйте за посиланням,,https://mizol.ua/ua/17114-planka-fasiding-standardblockhouse-vnutrennuy-ugol-hlopok
"Планка FaSiding Standard/BlockHouse ""навісна"" ""Бавовна""","Планка FaSiding Standard/BlockHouse ""навісна"" ""Бавовна""",Публічна картка товару Mizol; детальні параметри перевіряйте за посиланням,,https://mizol.ua/ua/17105-planka-fasiding-standardblockhouse-navesnaya-hlopok
"Планка FaSiding Standard/BlockHouse ""лиштва"" ""Бавовна""","Планка FaSiding Standard/BlockHouse ""лиштва"" ""Бавовна""",Публічна картка товару Mizol; детальні параметри перевіряйте за посиланням,,https://mizol.ua/ua/17104-planka-fasiding-standardblockhouse-naluchnuk-hlopok
"Планка FaSiding Standard/BlockHouse ""окантовочна"" ""Бавовна""","Планка FaSiding Standard/BlockHouse ""окантовочна"" ""Бавовна""",Публічна картка товару Mizol; детальні параметри перевіряйте за посиланням,,https://mizol.ua/ua/17103-planka-fasiding-standardblockhouse-okantovochnaya-hlopok
"Планка FaSiding Standard/BlockHouse ""білявіконна"" ""Арахіс""","Планка FaSiding Standard/BlockHouse ""білявіконна"" ""Арахіс""",Публічна картка товару Mizol; детальні параметри перевіряйте за посиланням,,https://mizol.ua/ua/16616-planka-fasiding-standardblockhouse-okolookonnaya-arahus
"Планка FaSiding Standard/BlockHouse ""білявіконна"" ""Грецький горіх""","Планка FaSiding Standard/BlockHouse ""білявіконна"" ""Грецький горіх""",Публічна картка товару Mizol; детальні параметри перевіряйте за посиланням,,https://mizol.ua/ua/16618-planka-fasiding-standardblockhouse-okolookonnaya-greckuy-oreh
"Планка FaSiding Standard/BlockHouse ""білявіконна"" ""Какао""","Планка FaSiding Standard/BlockHouse ""білявіконна"" ""Какао""",Публічна картка товару Mizol; детальні параметри перевіряйте за посиланням,,https://mizol.ua/ua/16619-planka-fasiding-standardblockhouse-okolookonnaya-kakao
"Планка FaSiding Standard/BlockHouse ""білявіконна"" ""Коричневий""","Планка FaSiding Standard/BlockHouse ""білявіконна"" ""Коричневий""",Публічна картка товару Mizol; детальні параметри перевіряйте за посиланням,,https://mizol.ua/ua/59990-planka-fasiding-standardblockhouse-okolookonnaya-koruchnevyy
"Планка FaSiding Standard/BlockHouse ""білявіконна"" ""Льон""","Планка FaSiding Standard/BlockHouse ""білявіконна"" ""Льон""",Публічна картка товару Mizol; детальні параметри перевіряйте за посиланням,,https://mizol.ua/ua/16620-planka-fasiding-standardblockhouse-okolookonnaya-len
"Планка FaSiding Standard/BlockHouse ""білявіконна"" ""Макові зерна""","Планка FaSiding Standard/BlockHouse ""білявіконна"" ""Макові зерна""",Публічна картка товару Mizol; детальні параметри перевіряйте за посиланням,,https://mizol.ua/ua/16621-planka-fasiding-standardblockhouse-okolookonnaya-makovye-zerna
"Планка FaSiding Standard/BlockHouse ""білявіконна"" ""Мімоза""","Планка FaSiding Standard/BlockHouse ""білявіконна"" ""Мімоза""",Публічна картка товару Mizol; детальні параметри перевіряйте за посиланням,,https://mizol.ua/ua/16854-planka-fasiding-standardblockhouse-okolookonnaya-mumoza
"Планка FaSiding Standard/BlockHouse ""білявіконна"" ""Мигдаль""","Планка FaSiding Standard/BlockHouse ""білявіконна"" ""Мигдаль""",Публічна картка товару Mizol; детальні параметри перевіряйте за посиланням,,https://mizol.ua/ua/16622-planka-fasiding-standardblockhouse-okolookonnaya-mundaly
"Планка FaSiding Standard/BlockHouse ""білявіконна"" ""Папороть""","Планка FaSiding Standard/BlockHouse ""білявіконна"" ""Папороть""",Публічна картка товару Mizol; детальні параметри перевіряйте за посиланням,,https://mizol.ua/ua/16623-planka-fasiding-standardblockhouse-okolookonnaya-paporotnuk
"Планка FaSiding Standard/BlockHouse ""білявіконна"" ""Пшениця""","Планка FaSiding Standard/BlockHouse ""білявіконна"" ""Пшениця""",Публічна картка товару Mizol; детальні параметри перевіряйте за посиланням,,https://mizol.ua/ua/16624-planka-fasiding-standardblockhouse-okolookonnaya-pshenuca
"Планка FaSiding Standard/BlockHouse ""білявіконна"" ""Бавовна""","Планка FaSiding Standard/BlockHouse ""білявіконна"" ""Бавовна""",Публічна картка товару Mizol; детальні параметри перевіряйте за посиланням,,https://mizol.ua/ua/17113-planka-fasiding-standardblockhouse-okolookonnaya-hlopok
"Планка FaSiding Standard/BlockHouse ""з'єднувальна"" ""Арахіс""","Планка FaSiding Standard/BlockHouse ""з'єднувальна"" ""Арахіс""",Публічна картка товару Mizol; детальні параметри перевіряйте за посиланням,,https://mizol.ua/ua/17062-planka-fasiding-standardblockhouse-soedunutelynaya-arahus
"Планка FaSiding Standard/BlockHouse ""з'єднувальна"" ""Грецький горіх""","Планка FaSiding Standard/BlockHouse ""з'єднувальна"" ""Грецький горіх""",Публічна картка товару Mizol; детальні параметри перевіряйте за посиланням,,https://mizol.ua/ua/17123-planka-fasiding-standardblockhouse-soedunutelynaya-greckuy-oreh
"Планка FaSiding Standard/BlockHouse ""з'єднувальна"" ""Какао""","Планка FaSiding Standard/BlockHouse ""з'єднувальна"" ""Какао""",Публічна картка товару Mizol; детальні параметри перевіряйте за посиланням,,https://mizol.ua/ua/17124-planka-fasiding-standardblockhouse-soedunutelynaya-kakao
"Планка FaSiding Standard/BlockHouse ""з'єднувальна"" ""Коричневий""","Планка FaSiding Standard/BlockHouse ""з'єднувальна"" ""Коричневий""",Публічна картка товару Mizol; детальні параметри перевіряйте за посиланням,,https://mizol.ua/ua/27000-planka-fasiding-standardblockhouse-soedunutelynaya-koruchnevyy
"Планка FaSiding Standard/BlockHouse ""з'єднувальна"" ""Льон""","Планка FaSiding Standard/BlockHouse ""з'єднувальна"" ""Льон""",Публічна картка товару Mizol; детальні параметри перевіряйте за посиланням,,https://mizol.ua/ua/17127-planka-fasiding-standardblockhouse-soedunutelynaya-len
"Планка FaSiding Standard/BlockHouse ""з'єднувальна"" ""Макові зерна""","Планка FaSiding Standard/BlockHouse ""з'єднувальна"" ""Макові зерна""",Публічна картка товару Mizol; детальні параметри перевіряйте за посиланням,,https://mizol.ua/ua/17129-planka-fasiding-standardblockhouse-soedunutelynaya-makovye-zerna
"Планка FaSiding Standard/BlockHouse ""з'єднувальна"" ""Мімоза""","Планка FaSiding Standard/BlockHouse ""з'єднувальна"" ""Мімоза""",Публічна картка товару Mizol; детальні параметри перевіряйте за посиланням,,https://mizol.ua/ua/16861-planka-fasiding-standardblockhouse-soedunutelynaya-mumoza
"Планка FaSiding Standard/BlockHouse ""з'єднувальна"" ""Мигдаль""","Планка FaSiding Standard/BlockHouse ""з'єднувальна"" ""Мигдаль""",Публічна картка товару Mizol; детальні параметри перевіряйте за посиланням,,https://mizol.ua/ua/17125-planka-fasiding-standardblockhouse-soedunutelynaya-mundaly
"Планка FaSiding Standard/BlockHouse ""з'єднувальна"" ""Папороть""","Планка FaSiding Standard/BlockHouse ""з'єднувальна"" ""Папороть""",Публічна картка товару Mizol; детальні параметри перевіряйте за посиланням,,https://mizol.ua/ua/17128-planka-fasiding-standardblockhouse-soedunutelynaya-paporotnuk
"Планка FaSiding Standard/BlockHouse ""з'єднувальна"" ""Пшениця""","Планка FaSiding Standard/BlockHouse ""з'єднувальна"" ""Пшениця""",Публічна картка товару Mizol; детальні параметри перевіряйте за посиланням,,https://mizol.ua/ua/17126-planka-fasiding-standardblockhouse-soedunutelynaya-pshenuca
"Планка FaSiding Standard/BlockHouse ""з'єднувальна"" ""Бавовна""","Планка FaSiding Standard/BlockHouse ""з'єднувальна"" ""Бавовна""",Публічна картка товару Mizol; детальні параметри перевіряйте за посиланням,,https://mizol.ua/ua/17122-planka-fasiding-standardblockhouse-soedunutelynaya-hlopok
"Планка FaSiding Standard/BlockHouse ""стартова"" ""Бавовна""","Планка FaSiding Standard/BlockHouse ""стартова"" ""Бавовна""",Публічна картка товару Mizol; детальні параметри перевіряйте за посиланням,,https://mizol.ua/ua/17138-planka-fasiding-standardblockhouse-startovaya-hlopok
"Планка FaSiding Standard/BlockHouse ""фінішна"" ""Арахіс""","Планка FaSiding Standard/BlockHouse ""фінішна"" ""Арахіс""",Публічна картка товару Mizol; детальні параметри перевіряйте за посиланням,,https://mizol.ua/ua/17096-planka-fasiding-standardblockhouse-funushnaya-arahus
"Планка FaSiding Standard/BlockHouse ""фінішна"" ""Грецький горіх""","Планка FaSiding Standard/BlockHouse ""фінішна"" ""Грецький горіх""",Публічна картка товару Mizol; детальні параметри перевіряйте за посиланням,,https://mizol.ua/ua/17131-planka-fasiding-standardblockhouse-funushnaya-greckuy-oreh
"Планка FaSiding Standard/BlockHouse ""фінішна"" ""Какао""","Планка FaSiding Standard/BlockHouse ""фінішна"" ""Какао""",Публічна картка товару Mizol; детальні параметри перевіряйте за посиланням,,https://mizol.ua/ua/17132-planka-fasiding-standardblockhouse-funushnaya-kakao
"Планка FaSiding Standard/BlockHouse ""фінішна"" ""Льон""","Планка FaSiding Standard/BlockHouse ""фінішна"" ""Льон""",Публічна картка товару Mizol; детальні параметри перевіряйте за посиланням,,https://mizol.ua/ua/17135-planka-fasiding-standardblockhouse-funushnaya-len
"Планка FaSiding Standard/BlockHouse ""фінішна"" ""Макові зерна""","Планка FaSiding Standard/BlockHouse ""фінішна"" ""Макові зерна""",Публічна картка товару Mizol; детальні параметри перевіряйте за посиланням,,https://mizol.ua/ua/17137-planka-fasiding-standardblockhouse-funushnaya-makovye-zerna
"Планка FaSiding Standard/BlockHouse ""фінішна"" ""Мімоза""","Планка FaSiding Standard/BlockHouse ""фінішна"" ""Мімоза""",Публічна картка товару Mizol; детальні параметри перевіряйте за посиланням,,https://mizol.ua/ua/16910-planka-fasiding-standardblockhouse-funushnaya-mumoza
"Планка FaSiding Standard/BlockHouse ""фінішна"" ""Мигдаль""","Планка FaSiding Standard/BlockHouse ""фінішна"" ""Мигдаль""",Публічна картка товару Mizol; детальні параметри перевіряйте за посиланням,,https://mizol.ua/ua/17133-planka-fasiding-standardblockhouse-funushnaya-mundaly
"Планка FaSiding Standard/BlockHouse ""фінішна"" ""Папороть""","Планка FaSiding Standard/BlockHouse ""фінішна"" ""Папороть""",Публічна картка товару Mizol; детальні параметри перевіряйте за посиланням,,https://mizol.ua/ua/17136-planka-fasiding-standardblockhouse-funushnaya-paporotnuk
"Планка FaSiding Standard/BlockHouse ""фінішна"" ""Пшениця""","Планка FaSiding Standard/BlockHouse ""фінішна"" ""Пшениця""",Публічна картка товару Mizol; детальні параметри перевіряйте за посиланням,,https://mizol.ua/ua/17134-planka-fasiding-standardblockhouse-funushnaya-pshenuca
"Планка FaSiding Standard/BlockHouse ""фінішна"" ""Бавовна""","Планка FaSiding Standard/BlockHouse ""фінішна"" ""Бавовна""",Публічна картка товару Mizol; детальні параметри перевіряйте за посиланням,,https://mizol.ua/ua/17130-planka-fasiding-standardblockhouse-funushnaya-hlopok
"Планка FaSiding Vifront ""J-Trim"" ""Cвітло-сірий""","Планка FaSiding Vifront ""J-Trim"" ""Cвітло-сірий""",Публічна картка товару Mizol; детальні параметри перевіряйте за посиланням,,https://mizol.ua/ua/172329-planka-fasiding-vifront-j-trim-cvetlo-seryy
"Планка FaSiding Vifront ""J-trim"" ""Бежевий""","Планка FaSiding Vifront ""J-trim"" ""Бежевий""",Публічна картка товару Mizol; детальні параметри перевіряйте за посиланням,,https://mizol.ua/ua/169045-planka-fasiding-vifront-j-trim-beghevyy
"Планка FaSiding Vifront ""J-Trim"" ""Білий""","Планка FaSiding Vifront ""J-Trim"" ""Білий""",Публічна картка товару Mizol; детальні параметри перевіряйте за посиланням,,https://mizol.ua/ua/172330-planka-fasiding-vifront-j-trim-belyy
"Планка FaSiding Vifront ""зовнішній кут"" ""Бежевий""","Планка FaSiding Vifront ""зовнішній кут"" ""Бежевий""",Публічна картка товару Mizol; детальні параметри перевіряйте за посиланням,,https://mizol.ua/ua/172647-planka-fasiding-vifront-vneshnuy-ugol-beghevyy
"Планка FaSiding Vifront ""зовнішній кут"" ""Білий""","Планка FaSiding Vifront ""зовнішній кут"" ""Білий""",Публічна картка товару Mizol; детальні параметри перевіряйте за посиланням,,https://mizol.ua/ua/172648-planka-fasiding-vifront-vneshnuy-ugol-belyy
"Планка FaSiding Vifront ""зовнішній кут"" ""Світло-сірий""","Планка FaSiding Vifront ""зовнішній кут"" ""Світло-сірий""",Публічна картка товару Mizol; детальні параметри перевіряйте за посиланням,,https://mizol.ua/ua/172650-planka-fasiding-vifront-vneshnuy-ugol-svetlo-seryy
"Планка FaSiding Vifront ""внутрішній кут"" ""Білий""","Планка FaSiding Vifront ""внутрішній кут"" ""Білий""",Публічна картка товару Mizol; детальні параметри перевіряйте за посиланням,,https://mizol.ua/ua/172644-planka-fasiding-vifront-vnutrennuy-ugol-belyy
"Планка FaSiding Vifront ""внутрішній кут"" ""Світло-сірий""","Планка FaSiding Vifront ""внутрішній кут"" ""Світло-сірий""",Публічна картка товару Mizol; детальні параметри перевіряйте за посиланням,,https://mizol.ua/ua/172646-planka-fasiding-vifront-vnutrennuy-ugol-svetlo-seryy
"Планка FaSiding Vifront ""з'єднувальна"" ""Бежевий""","Планка FaSiding Vifront ""з'єднувальна"" ""Бежевий""",Публічна картка товару Mizol; детальні параметри перевіряйте за посиланням,,https://mizol.ua/ua/169046-planka-fasiding-vifront-soedunutelynaya-beghevyy
"Планка FaSiding Vifront ""з'єднувальна"" ""Білий""","Планка FaSiding Vifront ""з'єднувальна"" ""Білий""",Публічна картка товару Mizol; детальні параметри перевіряйте за посиланням,,https://mizol.ua/ua/172332-planka-fasiding-vifront-soedunutelynaya-belyy
"Планка FaSiding Vifront ""з'єднувальна"" ""Світло-сірий""","Планка FaSiding Vifront ""з'єднувальна"" ""Світло-сірий""",Публічна картка товару Mizol; детальні параметри перевіряйте за посиланням,,https://mizol.ua/ua/172334-planka-fasiding-vifront-soedunutelynaya-svetlo-seryy
"Планка FaSiding Vifront ""стартова"" ""Білий""","Планка FaSiding Vifront ""стартова"" ""Білий""",Публічна картка товару Mizol; детальні параметри перевіряйте за посиланням,,https://mizol.ua/ua/172651-planka-fasiding-vifront-startovaya-belyy
"Планка FaSiding Vifront ""фінішна"" ""Білий""","Планка FaSiding Vifront ""фінішна"" ""Білий""",Публічна картка товару Mizol; детальні параметри перевіряйте за посиланням,,https://mizol.ua/ua/172653-planka-fasiding-vifront-funushnaya-belyy
Планка FaSiding WoodHouse “J-trim“ “Дуб золотий“; 3.05м,Планка FaSiding WoodHouse “J-trim“ “Дуб золотий“; 3.05м,Публічна картка товару Mizol; детальні параметри перевіряйте за посиланням,,https://mizol.ua/ua/58377-planka-fasiding-woodhouse-%E2%80%9Cj-trim%E2%80%9C-%E2%80%9Cdub-zolotoy%E2%80%9C-305m
Планка FaSiding WoodHouse “J-trim“ “Дуб морений“; 3.05м,Планка FaSiding WoodHouse “J-trim“ “Дуб морений“; 3.05м,Публічна картка товару Mizol; детальні параметри перевіряйте за посиланням,,https://mizol.ua/ua/58385-planka-fasiding-woodhouse-%E2%80%9Cj-trim%E2%80%9C-%E2%80%9Cdub-morenyy%E2%80%9C-305m
Планка FaSiding WoodHouse “зовнішній кут“ “Дуб золотий“; 3.05м,Планка FaSiding WoodHouse “зовнішній кут“ “Дуб золотий“; 3.05м,Публічна картка товару Mizol; детальні параметри перевіряйте за посиланням,,https://mizol.ua/ua/58378-planka-fasiding-woodhouse-%E2%80%9Cvneshnuy-ugol%E2%80%9C-%E2%80%9Cdub-zolotoy%E2%80%9C-305m
Планка FaSiding WoodHouse “зовнішній кут“ “Дуб морений“; 3.05м,Планка FaSiding WoodHouse “зовнішній кут“ “Дуб морений“; 3.05м,Публічна картка товару Mizol; детальні параметри перевіряйте за посиланням,,https://mizol.ua/ua/58386-planka-fasiding-woodhouse-%E2%80%9Cvneshnuy-ugol%E2%80%9C-%E2%80%9Cdub-morenyy%E2%80%9C-305m
Планка FaSiding WoodHouse “внутрішній кут“ “Дуб золотий“; 3.05м,Планка FaSiding WoodHouse “внутрішній кут“ “Дуб золотий“; 3.05м,Публічна картка товару Mizol; детальні параметри перевіряйте за посиланням,,https://mizol.ua/ua/58382-planka-fasiding-woodhouse-%E2%80%9Cvnutrennuy-ugol%E2%80%9C-%E2%80%9Cdub-zolotoy%E2%80%9C-305m
Планка FaSiding WoodHouse “навісна“ “Біла“ SV-16; 3.05м,Планка FaSiding WoodHouse “навісна“ “Біла“ SV-16; 3.05м,Публічна картка товару Mizol; детальні параметри перевіряйте за посиланням,,https://mizol.ua/ua/58383-planka-fasiding-woodhouse-%E2%80%9Cnavesnaya%E2%80%9C-%E2%80%9Cbelaya%E2%80%9C-sv-16-305m
Планка FaSiding WoodHouse “білявіконна мала“ “Біла“ SV-17; 3.05м,Планка FaSiding WoodHouse “білявіконна мала“ “Біла“ SV-17; 3.05м,Публічна картка товару Mizol; детальні параметри перевіряйте за посиланням,,https://mizol.ua/ua/58380-planka-fasiding-woodhouse-%E2%80%9Cokolookonnaya-malaya%E2%80%9C-%E2%80%9Cbelaya%E2%80%9C-sv-17-305m
Планка FaSiding WoodHouse “з'єднувальна“ “Дуб золотий“; 3.05м,Планка FaSiding WoodHouse “з'єднувальна“ “Дуб золотий“; 3.05м,Публічна картка товару Mizol; детальні параметри перевіряйте за посиланням,,https://mizol.ua/ua/58379-planka-fasiding-woodhouse-%E2%80%9Csoedunutelynaya%E2%80%9C-%E2%80%9Cdub-zolotoy%E2%80%9C-305m
Планка FaSiding WoodHouse “з'єднувальна“ “Дуб морений“; 3.05м,Планка FaSiding WoodHouse “з'єднувальна“ “Дуб морений“; 3.05м,Публічна картка товару Mizol; детальні параметри перевіряйте за посиланням,,https://mizol.ua/ua/58387-planka-fasiding-woodhouse-%E2%80%9Csoedunutelynaya%E2%80%9C-%E2%80%9Cdub-morenyy%E2%80%9C-305m
Планка FaSiding WoodHouse “стартова“ “Біла“; 3.05м,Планка FaSiding WoodHouse “стартова“ “Біла“; 3.05м,Публічна картка товару Mizol; детальні параметри перевіряйте за посиланням,,https://mizol.ua/ua/58384-planka-fasiding-woodhouse-%E2%80%9Cstartovaya%E2%80%9C-%E2%80%9Cbelaya%E2%80%9C-305m
Планка FaSiding WoodHouse “фінішна“ “Дуб золотий“; 3.05м,Планка FaSiding WoodHouse “фінішна“ “Дуб золотий“; 3.05м,Публічна картка товару Mizol; детальні параметри перевіряйте за посиланням,,https://mizol.ua/ua/58381-planka-fasiding-woodhouse-%E2%80%9Cfunushnaya%E2%80%9C-%E2%80%9Cdub-zolotoy%E2%80%9C-305m
Планка FaSiding WoodHouse “фінішна“ “Дуб морений“; 3.05м,Планка FaSiding WoodHouse “фінішна“ “Дуб морений“; 3.05м,Публічна картка товару Mizol; детальні параметри перевіряйте за посиланням,,https://mizol.ua/ua/58389-planka-fasiding-woodhouse-%E2%80%9Cfunushnaya%E2%80%9C-%E2%80%9Cdub-morenyy%E2%80%9C-305m
Планка J Білий ASKO NEO 3;8 м,Планка J Білий ASKO NEO 3;8 м,Публічна картка товару Mizol; детальні параметри перевіряйте за посиланням,,https://mizol.ua/ua/67726-planka-j-belyy-asko-neo-38-m-
Планка J Вінчестер ASKO NEO 3;8 м,Планка J Вінчестер ASKO NEO 3;8 м,Публічна картка товару Mizol; детальні параметри перевіряйте за посиланням,,https://mizol.ua/ua/67757-planka-j-vunchester-asko-neo-38-m-
Планка J Графіт ASKO NEO 3;8 м,Планка J Графіт ASKO NEO 3;8 м,Публічна картка товару Mizol; детальні параметри перевіряйте за посиланням,,https://mizol.ua/ua/67729-planka-j-grafut-asko-neo-38-m-
Планка J Золотий дуб ASKO NEO 3;8 м,Планка J Золотий дуб ASKO NEO 3;8 м,Публічна картка товару Mizol; детальні параметри перевіряйте за посиланням,,https://mizol.ua/ua/67730-planka-j-zolotoy-dub-asko-neo-38-m-
Планка J Коричневий ASKO NEO 3;8 м,Планка J Коричневий ASKO NEO 3;8 м,Публічна картка товару Mizol; детальні параметри перевіряйте за посиланням,,https://mizol.ua/ua/67732-planka-j-koruchnevyy-asko-neo-38-m-
Планка J Горіх ASKO NEO 3;8 м,Планка J Горіх ASKO NEO 3;8 м,Публічна картка товару Mizol; детальні параметри перевіряйте за посиланням,,https://mizol.ua/ua/67728-planka-j-oreh-asko-neo-38-m-
Планка J Світло-сірий ASKO NEO 3;8 м,Планка J Світло-сірий ASKO NEO 3;8 м,Публічна картка товару Mizol; детальні параметри перевіряйте за посиланням,,https://mizol.ua/ua/67751-planka-j-svetlo-seryy-asko-neo-38-m-
Планка J-trim KERRAFRONT FS-251 Anthracite 3 м,Планка J-trim KERRAFRONT FS-251 Anthracite 3 м,Публічна картка товару Mizol; детальні параметри перевіряйте за посиланням,,https://mizol.ua/ua/71497-planka-j-trim-kerrafront-fs-251-anthracite-3-m
Планка J-trim KERRAFRONT FS-251 Beige 3 м,Планка J-trim KERRAFRONT FS-251 Beige 3 м,Публічна картка товару Mizol; детальні параметри перевіряйте за посиланням,,https://mizol.ua/ua/76728-planka-j-trim-kerrafront-fs-251-beige-3-m
Планка J-trim KERRAFRONT FS-251 Ivory 3 м,Планка J-trim KERRAFRONT FS-251 Ivory 3 м,Публічна картка товару Mizol; детальні параметри перевіряйте за посиланням,,https://mizol.ua/ua/78378-planka-j-trim-kerrafront-fs-251-ivory-3-m
Планка J-trim KERRAFRONT FS-251 Light Grey 3 м,Планка J-trim KERRAFRONT FS-251 Light Grey 3 м,Публічна картка товару Mizol; детальні параметри перевіряйте за посиланням,,https://mizol.ua/ua/71501-planka-j-trim-kerrafront-fs-251-light-grey-3-m
Планка J-trim KERRAFRONT FS-251 Mastic 3 м,Планка J-trim KERRAFRONT FS-251 Mastic 3 м,Публічна картка товару Mizol; детальні параметри перевіряйте за посиланням,,https://mizol.ua/ua/78379-planka-j-trim-kerrafront-fs-251-mastic-3-m
Планка J-trim KERRAFRONT FS-251 Pearl Grey 3 м,Планка J-trim KERRAFRONT FS-251 Pearl Grey 3 м,Публічна картка товару Mizol; детальні параметри перевіряйте за посиланням,,https://mizol.ua/ua/72201-planka-j-trim-kerrafront-fs-251-pearl-grey-3-m
Планка J-trim KERRAFRONT FS-251 Quartz Grey 3 м,Планка J-trim KERRAFRONT FS-251 Quartz Grey 3 м,Публічна картка товару Mizol; детальні параметри перевіряйте за посиланням,,https://mizol.ua/ua/76729-planka-j-trim-kerrafront-fs-251-quartz-grey-3-m
Планка J-trim KERRAFRONT FS-251 White 3 м,Планка J-trim KERRAFRONT FS-251 White 3 м,Публічна картка товару Mizol; детальні параметри перевіряйте за посиланням,,https://mizol.ua/ua/46274-planka-j-trim-kerrafront-fs-251-white-3-m
"Планка VOX ""J-Trim"" ""біла""","Планка VOX ""J-Trim"" ""біла""",Публічна картка товару Mizol; детальні параметри перевіряйте за посиланням,,https://mizol.ua/ua/23598-planka-vox-j-trim-belaya-
"Планка VOX ""J-Trim"" ""дуб золотий""","Планка VOX ""J-Trim"" ""дуб золотий""",Публічна картка товару Mizol; детальні параметри перевіряйте за посиланням,,https://mizol.ua/ua/46123-planka-vox-j-trim-dub-zolotoy
"Планка VOX ""J-Trim"" ""дуб""","Планка VOX ""J-Trim"" ""дуб""",Публічна картка товару Mizol; детальні параметри перевіряйте за посиланням,,https://mizol.ua/ua/37389-planka-vox-j-trim-dub
"Планка VOX ""J-Trim"" ""ясен""","Планка VOX ""J-Trim"" ""ясен""",Публічна картка товару Mizol; детальні параметри перевіряйте за посиланням,,https://mizol.ua/ua/37598-planka-vox-j-trim-yasen
"Планка VOX ""зовнішній кут"" ""дуб золотий""","Планка VOX ""зовнішній кут"" ""дуб золотий""",Публічна картка товару Mizol; детальні параметри перевіряйте за посиланням,,https://mizol.ua/ua/46121-planka-vox-vneshnuy-ugol-dub-zolotoy
"Планка VOX ""зовнішній кут"" ""дуб""","Планка VOX ""зовнішній кут"" ""дуб""",Публічна картка товару Mizol; детальні параметри перевіряйте за посиланням,,https://mizol.ua/ua/23584-planka-vox-vneshnuy-ugol-dub
"Планка VOX ""зовнішній кут"" ""ясен""","Планка VOX ""зовнішній кут"" ""ясен""",Публічна картка товару Mizol; детальні параметри перевіряйте за посиланням,,https://mizol.ua/ua/23583-planka-vox-vneshnuy-ugol-yasen
"Планка VOX ""внутрішній кут"" ""біла""","Планка VOX ""внутрішній кут"" ""біла""",Публічна картка товару Mizol; детальні параметри перевіряйте за посиланням,,https://mizol.ua/ua/23586-planka-vox-vnutrennuy-ugol-belaya
"Планка VOX ""внутрішній кут"" ""дуб золотий""","Планка VOX ""внутрішній кут"" ""дуб золотий""",Публічна картка товару Mizol; детальні параметри перевіряйте за посиланням,,https://mizol.ua/ua/46122-planka-vox-vnutrennuy-ugol-dub-zolotoy
"Планка VOX ""внутрішній кут"" ""дуб""","Планка VOX ""внутрішній кут"" ""дуб""",Публічна картка товару Mizol; детальні параметри перевіряйте за посиланням,,https://mizol.ua/ua/23590-planka-vox-vnutrennuy-ugol-dub
"Планка VOX ""внутрішній кут"" ""ясен""","Планка VOX ""внутрішній кут"" ""ясен""",Публічна картка товару Mizol; детальні параметри перевіряйте за посиланням,,https://mizol.ua/ua/23589-planka-vox-vnutrennuy-ugol-yasen
"Планка VOX ""навісна"" ""біла""","Планка VOX ""навісна"" ""біла""",Публічна картка товару Mizol; детальні параметри перевіряйте за посиланням,,https://mizol.ua/ua/23604-planka-vox-navesnaya-belaya-
"Планка VOX ""навісна"" ""біла""","Планка VOX ""навісна"" ""біла""",Публічна картка товару Mizol; детальні параметри перевіряйте за посиланням,,https://mizol.ua/ua/46080-planka-vox-navesnaya-belaya
"Планка VOX ""з'єднувальна"" ""біла""","Планка VOX ""з'єднувальна"" ""біла""",Публічна картка товару Mizol; детальні параметри перевіряйте за посиланням,,https://mizol.ua/ua/23606-planka-vox-soedunutelynaya-belaya
"Планка VOX ""з'єднувальна"" ""дуб золотий""","Планка VOX ""з'єднувальна"" ""дуб золотий""",Публічна картка товару Mizol; детальні параметри перевіряйте за посиланням,,https://mizol.ua/ua/46124-planka-vox-soedunutelynaya-dub-zolotoy
"Планка VOX ""з'єднувальна"" ""дуб""","Планка VOX ""з'єднувальна"" ""дуб""",Публічна картка товару Mizol; детальні параметри перевіряйте за посиланням,,https://mizol.ua/ua/23610-planka-vox-soedunutelynaya-dub
"Планка VOX ""з'єднувальна"" ""ясен""","Планка VOX ""з'єднувальна"" ""ясен""",Публічна картка товару Mizol; детальні параметри перевіряйте за посиланням,,https://mizol.ua/ua/23609-planka-vox-soedunutelynaya-yasen
"Планка VOX ""стартова"" ""біла""","Планка VOX ""стартова"" ""біла""",Публічна картка товару Mizol; детальні параметри перевіряйте за посиланням,,https://mizol.ua/ua/37583-planka-vox-startovaya-belaya
"Планка VOX ""фінішна"" ""біла""","Планка VOX ""фінішна"" ""біла""",Публічна картка товару Mizol; детальні параметри перевіряйте за посиланням,,https://mizol.ua/ua/37599-planka-vox-funushnaya-belaya
"Планка VOX ""фінішна"" ""золотой дуб""","Планка VOX ""фінішна"" ""золотой дуб""",Публічна картка товару Mizol; детальні параметри перевіряйте за посиланням,,https://mizol.ua/ua/48201-planka-vox-funushnaya-zolotoy-dub
Планка VOX “J-Trim“ SVP-15 “Горіх“ 3;05 м,Планка VOX “J-Trim“ SVP-15 “Горіх“ 3;05 м,Публічна картка товару Mizol; детальні параметри перевіряйте за посиланням,,https://mizol.ua/ua/291099-planka-vox-%E2%80%9Cj-trim%E2%80%9C-svp-15-%E2%80%9Cgorih%E2%80%9C-305-m
Планка VOX “J-Trim“ SVP-15 “Дуб золотий“ 3;05 м,Планка VOX “J-Trim“ SVP-15 “Дуб золотий“ 3;05 м,Публічна картка товару Mizol; детальні параметри перевіряйте за посиланням,,https://mizol.ua/ua/291098-planka-vox-%E2%80%9Cj-trim%E2%80%9C-svp-15-%E2%80%9Cdub-zolotuy%E2%80%9C-305-m
Планка VOX “J-Trim“ SVP-15 “Дуб“ 3;05 м,Планка VOX “J-Trim“ SVP-15 “Дуб“ 3;05 м,Публічна картка товару Mizol; детальні параметри перевіряйте за посиланням,,https://mizol.ua/ua/291097-planka-vox-%E2%80%9Cj-trim%E2%80%9C-svp-15-%E2%80%9Cdub%E2%80%9C-305-m
Планка VOX “J-Trim“ SVP-15 “Світлий Дуб“ 3;05 м,Планка VOX “J-Trim“ SVP-15 “Світлий Дуб“ 3;05 м,Публічна картка товару Mizol; детальні параметри перевіряйте за посиланням,,https://mizol.ua/ua/291100-planka-vox-%E2%80%9Cj-trim%E2%80%9C-svp-15-%E2%80%9Csvitluy-dub%E2%80%9C-305-m
Планка VOX “J-Trim“ SVPU-15 “Дуб Медовий“ 3;05 м,Планка VOX “J-Trim“ SVPU-15 “Дуб Медовий“ 3;05 м,Публічна картка товару Mizol; детальні параметри перевіряйте за посиланням,,https://mizol.ua/ua/291102-planka-vox-%E2%80%9Cj-trim%E2%80%9C-svpu-15-%E2%80%9Cdub-medovuy%E2%80%9C-305-m
Планка VOX “з'єднувальна“ SVP-18 “Горіх“ 3;05 м,Планка VOX “з'єднувальна“ SVP-18 “Горіх“ 3;05 м,Публічна картка товару Mizol; детальні параметри перевіряйте за посиланням,,https://mizol.ua/ua/291105-planka-vox-%E2%80%9Czednuvalyna%E2%80%9C-svp-18-%E2%80%9Cgorih%E2%80%9C-305-m
Планка VOX “з'єднувальна“ SVP-18 “Дуб золотий“ 3;05 м,Планка VOX “з'єднувальна“ SVP-18 “Дуб золотий“ 3;05 м,Публічна картка товару Mizol; детальні параметри перевіряйте за посиланням,,https://mizol.ua/ua/291104-planka-vox-%E2%80%9Czednuvalyna%E2%80%9C-svp-18-%E2%80%9Cdub-zolotuy%E2%80%9C-305-m
Планка VOX “з'єднувальна“ SVP-18 “Світлий Дуб“ 3;05 м,Планка VOX “з'єднувальна“ SVP-18 “Світлий Дуб“ 3;05 м,Публічна картка товару Mizol; детальні параметри перевіряйте за посиланням,,https://mizol.ua/ua/291106-planka-vox-%E2%80%9Czednuvalyna%E2%80%9C-svp-18-%E2%80%9Csvitluy-dub%E2%80%9C-305-m
Планка VOX “з'єднувальна“ SVPU-18 “Дуб Медовий“ 3;05 м,Планка VOX “з'єднувальна“ SVPU-18 “Дуб Медовий“ 3;05 м,Публічна картка товару Mizol; детальні параметри перевіряйте за посиланням,,https://mizol.ua/ua/291108-planka-vox-%E2%80%9Czednuvalyna%E2%80%9C-svpu-18-%E2%80%9Cdub-medovuy%E2%80%9C-305-m
Планка VOX “зовнішній кут“ SVP-12 “Горіх“ 3;05 м,Планка VOX “зовнішній кут“ SVP-12 “Горіх“ 3;05 м,Публічна картка товару Mizol; детальні параметри перевіряйте за посиланням,,https://mizol.ua/ua/291111-planka-vox-%E2%80%9Czovnishniy-kut%E2%80%9C-svp-12-%E2%80%9Cgorih%E2%80%9C-305-m
Планка VOX “зовнішній кут“ SVP-12 “Дуб золотий“ 3;05 м,Планка VOX “зовнішній кут“ SVP-12 “Дуб золотий“ 3;05 м,Публічна картка товару Mizol; детальні параметри перевіряйте за посиланням,,https://mizol.ua/ua/291110-planka-vox-%E2%80%9Czovnishniy-kut%E2%80%9C-svp-12-%E2%80%9Cdub-zolotuy%E2%80%9C-305-m
Планка VOX “зовнішній кут“ SVP-12 “Світлий Дуб“ 3;05 м,Планка VOX “зовнішній кут“ SVP-12 “Світлий Дуб“ 3;05 м,Публічна картка товару Mizol; детальні параметри перевіряйте за посиланням,,https://mizol.ua/ua/291112-planka-vox-%E2%80%9Czovnishniy-kut%E2%80%9C-svp-12-%E2%80%9Csvitluy-dub%E2%80%9C-305-m
Планка VOX “стартова“ SVP-11 “біла“ 3;05 м,Планка VOX “стартова“ SVP-11 “біла“ 3;05 м,Публічна картка товару Mizol; детальні параметри перевіряйте за посиланням,,https://mizol.ua/ua/291121-planka-vox-%E2%80%9Cstartova%E2%80%9C-svp-11-%E2%80%9Cbila%E2%80%9C-305-m
Планка VOX “фінішна“ SVP-14 “Світлий Дуб“ 3;05 м,Планка VOX “фінішна“ SVP-14 “Світлий Дуб“ 3;05 м,Публічна картка товару Mizol; детальні параметри перевіряйте за посиланням,,https://mizol.ua/ua/291118-planka-vox-%E2%80%9Cfinishna%E2%80%9C-svp-14-%E2%80%9Csvitluy-dub%E2%80%9C-305-m
Планка вентиляційна KERRAFRONT FS-262 Anthracite 3 м,Планка вентиляційна KERRAFRONT FS-262 Anthracite 3 м,Публічна картка товару Mizol; детальні параметри перевіряйте за посиланням,,https://mizol.ua/ua/72197-planka-ventulyacuonnaya-kerrafront-fs-262-anthracite-3-m
Планка вентиляційна KERRAFRONT FS-262 Pearl Grey 3 м,Планка вентиляційна KERRAFRONT FS-262 Pearl Grey 3 м,Публічна картка товару Mizol; детальні параметри перевіряйте за посиланням,,https://mizol.ua/ua/72202-planka-ventulyacuonnaya-kerrafront-fs-262-pearl-grey-3-m
Планка Н Бежевий ASKO NEO 3;8 м,Планка Н Бежевий ASKO NEO 3;8 м,Публічна картка товару Mizol; детальні параметри перевіряйте за посиланням,,https://mizol.ua/ua/67738-planka-n-beghevyy-asko-neo-38-m-
Планка Н Білий ASKO NEO 3;8 м,Планка Н Білий ASKO NEO 3;8 м,Публічна картка товару Mizol; детальні параметри перевіряйте за посиланням,,https://mizol.ua/ua/67737-planka-n-belyy-asko-neo-38-m-
Планка Н Вінчестер ASKO NEO 3;8 м,Планка Н Вінчестер ASKO NEO 3;8 м,Публічна картка товару Mizol; детальні параметри перевіряйте за посиланням,,https://mizol.ua/ua/67758-planka-n-vunchester-asko-neo-38-m-
Планка Н Графіт ASKO NEO 3;8 м,Планка Н Графіт ASKO NEO 3;8 м,Публічна картка товару Mizol; детальні параметри перевіряйте за посиланням,,https://mizol.ua/ua/67740-planka-n-grafut-asko-neo-38-m-
Планка Н Золотий дуб ASKO NEO 3;8 м,Планка Н Золотий дуб ASKO NEO 3;8 м,Публічна картка товару Mizol; детальні параметри перевіряйте за посиланням,,https://mizol.ua/ua/67741-planka-n-zolotoy-dub-asko-neo-38-m-
Планка Н Коричневий ASKO NEO 3;8 м,Планка Н Коричневий ASKO NEO 3;8 м,Публічна картка товару Mizol; детальні параметри перевіряйте за посиланням,,https://mizol.ua/ua/67743-planka-n-koruchnevyy-asko-neo-38-m-
Планка Н Горіх ASKO NEO 3;8 м,Планка Н Горіх ASKO NEO 3;8 м,Публічна картка товару Mizol; детальні параметри перевіряйте за посиланням,,https://mizol.ua/ua/67739-planka-n-oreh-asko-neo-38-m-
Планка Н Світло-сірий ASKO NEO 3;8 м,Планка Н Світло-сірий ASKO NEO 3;8 м,Публічна картка товару Mizol; детальні параметри перевіряйте за посиланням,,https://mizol.ua/ua/67752-planka-n-svetlo-seryy-asko-neo-38-m-
Планка з'єднувальна KERRAFRONT FS-282 Light Grey 3 м,Планка з'єднувальна KERRAFRONT FS-282 Light Grey 3 м,Публічна картка товару Mizol; детальні параметри перевіряйте за посиланням,,https://mizol.ua/ua/68767-planka-soedunutelynaya-kerrafront-fs-282-light-grey-3-m
Планка з'єднувальна KERRAFRONT FS-282 White 3 м,Планка з'єднувальна KERRAFRONT FS-282 White 3 м,Публічна картка товару Mizol; детальні параметри перевіряйте за посиланням,,https://mizol.ua/ua/46263-planka-soedunutelynaya-kerrafront-fs-282-white-3-m
Планка стартова KERRAFRONT FS-211 White 3 м,Планка стартова KERRAFRONT FS-211 White 3 м,Публічна картка товару Mizol; детальні параметри перевіряйте за посиланням,,https://mizol.ua/ua/34853-planka-startovaya-kerrafront-fs-211-white-3-m
Планка фінішна KERRAFRONT FS-252 Pearl Grey 3 м,Планка фінішна KERRAFRONT FS-252 Pearl Grey 3 м,Публічна картка товару Mizol; детальні параметри перевіряйте за посиланням,,https://mizol.ua/ua/78428-planka-funushnaya-kerrafront-fs-252-pearl-grey-3-m
Планка фінішна KERRAFRONT FS-252 White 3 м,Планка фінішна KERRAFRONT FS-252 White 3 м,Публічна картка товару Mizol; детальні параметри перевіряйте за посиланням,,https://mizol.ua/ua/46264-planka-funushnaya-kerrafront-fs-252-white-3-m
Плівка мульчуюча SOTRAFA чорна (25мкм); 1;2*1000м,покрівельна плівка,Публічна картка товару Mizol; детальні параметри перевіряйте за посиланням,,https://mizol.ua/ua/48344-plenka-mulychuruyuschaya-sotrafa-chernaya-25mkm-121000m
Плівка мульчуюча SOTRAFA чорна (30мкм); 1;2*1000м,покрівельна плівка,Публічна картка товару Mizol; детальні параметри перевіряйте за посиланням,,https://mizol.ua/ua/54983-plenka-mulychuruyuschaya-sotrafa-chernaya-30-mkm-121000m
Плівка мульчуюча SOTRAFA чорна (25мкм) перфофорована 30*25см; 1;2*1000м,покрівельна плівка,Публічна картка товару Mizol; детальні параметри перевіряйте за посиланням,,https://mizol.ua/ua/48342-plenka-mulychuruyuschaya-sotrafa-chernaya-perforurovana-30h25-sm-25-mkm-121000m
Плита теплоізоляційна з мін.вати з покриттям Paroc Fireplace Slab 90 AL1 25мм,ізоляція,Публічна картка товару Mizol; детальні параметри перевіряйте за посиланням,,https://mizol.ua/ua/12629-pluta-teplouzolyacuonnaya-uz-munvaty-s-pokrytuem-paroc-fireplace-slab-90-al1-25mm
Підпокрівельна гідроізоляційна плівка Гідробар'єр Д110,гідроізоляція,Публічна картка товару Mizol; детальні параметри перевіряйте за посиланням,,https://mizol.ua/ua/1518-podkrovelynaya-gudrouzolyacuonnaya-plenka-gudrobaryer-d110
Підпокрівельна гідроізоляційна плівка Гідробар'єр Д90,гідроізоляція,Публічна картка товару Mizol; детальні параметри перевіряйте за посиланням,,https://mizol.ua/ua/1516-podkrovelynaya-gudrouzolyacuonnaya-plenka-gudrobaryer-d90
Підпокрівельна гідроізоляційна плівка під металочерепицю Антиконденсат Н 130,гідроізоляція,Публічна картка товару Mizol; детальні параметри перевіряйте за посиланням,,https://mizol.ua/ua/1171-podkrovelynaya-gudrouzolyacuonnaya-plenka-pod-metallocherepucu-antukondensat-n-130
Підпокрівельна пароізоляційна плівка Паробар'єр Н90,ізоляція,Публічна картка товару Mizol; детальні параметри перевіряйте за посиланням,,https://mizol.ua/ua/1606-podkrovelynaya-parouzolyacuonnaya-plenka-parobarer-n90
Підпокрівельна пароізоляційна плівка Паробар'єр Н110,ізоляція,Публічна картка товару Mizol; детальні параметри перевіряйте за посиланням,,https://mizol.ua/ua/1610-podkrovelynaya-parouzolyacuonnaya-plenka-parobaryer-n110
Підпокрівельна плівка Паробар'єр Н170 AL,покрівельна плівка,Публічна картка товару Mizol; детальні параметри перевіряйте за посиланням,,https://mizol.ua/ua/36506-podkrovelynaya-plenka-parobaryer-n170-al
Полімер-бітумна мембрана IZOBIT SUPER AL 4; 1х7;5 м,мембрана,Публічна картка товару Mizol; детальні параметри перевіряйте за посиланням,,https://mizol.ua/ua/280501-polimer-bitumna-membrana-izobit-super-al-4-1h75-m
Полікарбонатний шифер TOMO Plex бронзовий текстурований 2000*1045*1;1 мм хвиля,Полікарбонатний шифер TOMO Plex бронзовий текстурований 2000*1045*1;1 мм хвиля,Публічна картка товару Mizol; детальні параметри перевіряйте за посиланням,,https://mizol.ua/ua/229537-polukarbonatnyy-shufer-tomo-plex-bronzovyy-tekstururovannyy-2000104511-mm-volna
Полікарбонатний шифер TOMO Plex прозорий текстурований 2000*1045*1;1мм хвиля,Полікарбонатний шифер TOMO Plex прозорий текстурований 2000*1045*1;1мм хвиля,Публічна картка товару Mizol; детальні параметри перевіряйте за посиланням,,https://mizol.ua/ua/229536-polukarbonatnyy-shufer-tomo-plex-prozrachnyy-tekstururovannyy-2000104511mm-volna
Полікарбонатний шифер TOMO Plex прозорий текстурований 2000*1045*1;1мм трапеція,Полікарбонатний шифер TOMO Plex прозорий текстурований 2000*1045*1;1мм трапеція,Публічна картка товару Mizol; детальні параметри перевіряйте за посиланням,,https://mizol.ua/ua/229538-polukarbonatnyy-shufer-tomo-plex-prozrachnyy-tekstururovannyy-2000104511mm-trapecuya
Полімер-бітумна мембрана DACHBIT 20 250 S52 SBS; 1х6 м,мембрана,Публічна картка товару Mizol; детальні параметри перевіряйте за посиланням,,https://mizol.ua/ua/218299-polumer-butumnaya-membrana-dachbit-20-250-s52-sbs-1h6-m
Полімер-бітумна мембрана DACHBIT 5 250 S4 SBS FF; 1х7.5 м,мембрана,Публічна картка товару Mizol; детальні параметри перевіряйте за посиланням,,https://mizol.ua/ua/276893-polumer-butumnaya-membrana-dachbit-5-250-s4-sbs-ff-1h75-m
Полімер-бітумна мембрана DACHBIT 5 250 S52 SBS; 1х6 м,мембрана,Публічна картка товару Mizol; детальні параметри перевіряйте за посиланням,,https://mizol.ua/ua/254609-polumer-butumnaya-membrana-dachbit-5-250-s52-sbs-1h6-m
Полімер-бітумна мембрана IZOBIT GARDEN 42; 1х7.5 м,мембрана,Публічна картка товару Mizol; детальні параметри перевіряйте за посиланням,,https://mizol.ua/ua/218384-polumer-butumnaya-membrana-izobit-garden-42-1h75-m
Полімер-бітумна мембрана IZOBIT MOST; 1х8 м,мембрана,Публічна картка товару Mizol; детальні параметри перевіряйте за посиланням,,https://mizol.ua/ua/218386-polumer-butumnaya-membrana-izobit-most-1h8-m
Полімер-бітумна мембрана IZOBIT OPTIMA 52 DUO; 1х6 м,мембрана,Публічна картка товару Mizol; детальні параметри перевіряйте за посиланням,,https://mizol.ua/ua/218378-polumer-butumnaya-membrana-izobit-optima-52-duo-1h6-m
Полімер-бітумна мембрана IZOBIT RenoLine; 1х5 м,мембрана,Публічна картка товару Mizol; детальні параметри перевіряйте за посиланням,,https://mizol.ua/ua/218302-polumer-butumnaya-membrana-izobit-renoline-1h5-m
Полімер-бітумна мембрана IZOBIT SUPER FIREPROOF W-PYE 250 S52 SBS; 1х5 м,мембрана,Публічна картка товару Mizol; детальні параметри перевіряйте за посиланням,,https://mizol.ua/ua/218379-polumer-butumnaya-membrana-izobit-super-fireproof-w-pye-250-s52-sbs-1h5-m
Полімер-бітумна мембрана IZOBIT SUPER P-PYE 250 S 3 SBS FF 1х10,мембрана,Публічна картка товару Mizol; детальні параметри перевіряйте за посиланням,,https://mizol.ua/ua/291267-polumer-butumnaya-membrana-izobit-super-p-pye-250-s-3-sbs-ff-1h10
Полімер-бітумна мембрана IZOBIT SUPER PV3 FF; 1х10 м,мембрана,Публічна картка товару Mizol; детальні параметри перевіряйте за посиланням,,https://mizol.ua/ua/218388-polumer-butumnaya-membrana-izobit-super-pv3-ff-1h10-m
Полімер-бітумна мембрана IZOBIT SUPER STICK AL; 1х15 м,мембрана,Публічна картка товару Mizol; детальні параметри перевіряйте за посиланням,,https://mizol.ua/ua/218390-polumer-butumnaya-membrana-izobit-super-stick-al-1h15-m
Полімер-бітумна мембрана IZOBIT SUPER STICK PV 2;0; 1х15 м,мембрана,Публічна картка товару Mizol; детальні параметри перевіряйте за посиланням,,https://mizol.ua/ua/224377-polumer-butumnaya-membrana-izobit-super-stick-pv-20-1h15-m
Полімер-бітумна мембрана IZOBIT SUPER STICK TOP; 1х7.5 м,мембрана,Публічна картка товару Mizol; детальні параметри перевіряйте за посиланням,,https://mizol.ua/ua/218301-polumer-butumnaya-membrana-izobit-super-stick-top-1h75-m
Полімер-бітумна мембрана SOPREMA MAMUT PV 3; SBS; 1х15м,мембрана,Публічна картка товару Mizol; детальні параметри перевіряйте за посиланням,,https://mizol.ua/ua/209627-polumer-butumnaya-membrana-soprema-mamut-pv-3%3B-sbs-1h15m
Полімер-бітумна мембрана SOPREMA Mamut PV 4 AR; SBS; 1х10м,мембрана,Публічна картка товару Mizol; детальні параметри перевіряйте за посиланням,,https://mizol.ua/ua/209628-polumer-butumnaya-membrana-soprema-mamut-pv-4-ar%3B-sbs-1h10m
Полімер-бітумна мембрана SOPREMA RESISTO V 25; SBS; 1х15м,мембрана,Публічна картка товару Mizol; детальні параметри перевіряйте за посиланням,,https://mizol.ua/ua/218558-polumer-butumnaya-membrana-soprema-resisto-v-25-sbs-1h15m
Полімер-бітумна мембрана V-BIT V60 S30; 1х10 м,мембрана,Публічна картка товару Mizol; детальні параметри перевіряйте за посиланням,,https://mizol.ua/ua/218296-polumer-butumnaya-membrana-v-bit-v60-s30-1h10-m
Полімер-бітумна мембрана V-BIT V60 S42; 1х7.5 м,мембрана,Публічна картка товару Mizol; детальні параметри перевіряйте за посиланням,,https://mizol.ua/ua/218297-polumer-butumnaya-membrana-v-bit-v60-s42-1h75-m
Планка VOX “фінішна“ SVP-14 “Горіх“ 3;05 м,Планка VOX “фінішна“ SVP-14 “Горіх“ 3;05 м,Публічна картка товару Mizol; детальні параметри перевіряйте за посиланням,,https://mizol.ua/ua/291117-pplanka-vox-%E2%80%9Cfinishna%E2%80%9C-svp-14-%E2%80%9Cgorih%E2%80%9C-305-m
Проходка покрівельна для пласкої покрівлі коричнева ES,Проходка покрівельна для пласкої покрівлі коричнева ES,Публічна картка товару Mizol; детальні параметри перевіряйте за посиланням,,https://mizol.ua/ua/245683-prohodka-krovelynaya-dlya-ploskuh-krysh-koruchnevaya-es
Ремонтна воронка з поліуретану SitaSani 90 з ПВХ фартухом; (діаметр 98-107); висотою 550 мм,Ремонтна воронка з поліуретану SitaSani 90 з ПВХ фартухом; (діаметр 98-107); висотою 550 мм,Публічна картка товару Mizol; детальні параметри перевіряйте за посиланням,,https://mizol.ua/ua/177460-remontnaya-voronka-uz-poluuretana-sitasani-90-s-pvh-fartukom-duametr-98-107-mm-vysotoy-550-mm
Ремонтна воронка з поліуретану SitaSani 95 з Бітумним фартухом; (діаметр 100-140 мм); висотою 550 мм,Ремонтна воронка з поліуретану SitaSani 95 з Бітумним фартухом; (діаметр 100-140 мм); висотою 550 мм,Публічна картка товару Mizol; детальні параметри перевіряйте за посиланням,,https://mizol.ua/ua/207708-remontnaya-voronka-uz-poluuretana-sitasani-95-s-butumnym-fartukom-duametr-100-140-mm-vysotoy-550-mm
Ремонтна воронка з поліуретану SitaSani 95 з ПВХ фартуком; (діаметр 100-140 мм); висотою 550 мм,Ремонтна воронка з поліуретану SitaSani 95 з ПВХ фартуком; (діаметр 100-140 мм); висотою 550 мм,Публічна картка товару Mizol; детальні параметри перевіряйте за посиланням,,https://mizol.ua/ua/129735-remontnaya-voronka-uz-poluuretana-sitasani-95-s-pvh-fartukom-duametr-100-140-mm-vysota-550-mm
Надміцна паропроникна мембрана Tyvek Supro (1;5х50м),мембрана,Публічна картка товару Mizol; детальні параметри перевіряйте за посиланням,,https://mizol.ua/ua/260803-sverhprochnaya-paropronucaemaya-membrana-tyvek-supro-15h50m
Cітка полімерна для затінювання 35% (6*50м)#,Cітка полімерна для затінювання 35% (6*50м)#,Публічна картка товару Mizol; детальні параметри перевіряйте за посиланням,,https://mizol.ua/ua/203709-setka-dlya-zatenenuya-karatzis-35-650m
Cітка полімерна для затінювання 35% (8*50м)#,Cітка полімерна для затінювання 35% (8*50м)#,Публічна картка товару Mizol; детальні параметри перевіряйте за посиланням,,https://mizol.ua/ua/203710-setka-dlya-zatenenuya-karatzis-35-850m
Cітка полімерна для затінювання 50% (2*50м)#,Cітка полімерна для затінювання 50% (2*50м)#,Публічна картка товару Mizol; детальні параметри перевіряйте за посиланням,,https://mizol.ua/ua/203707-setka-dlya-zatenenuya-karatzis-50-250m
Cітка полімерна для затінювання 50% (3*50м)#,Cітка полімерна для затінювання 50% (3*50м)#,Публічна картка товару Mizol; детальні параметри перевіряйте за посиланням,,https://mizol.ua/ua/203711-setka-dlya-zatenenuya-karatzis-50-350m
Cітка полімерна для затінювання 50% (4*50м)#,Cітка полімерна для затінювання 50% (4*50м)#,Публічна картка товару Mizol; детальні параметри перевіряйте за посиланням,,https://mizol.ua/ua/201353-setka-dlya-zatenenuya-karatzis-50-450m
Cітка полімерна для затінювання 50% (6*50м)#,Cітка полімерна для затінювання 50% (6*50м)#,Публічна картка товару Mizol; детальні параметри перевіряйте за посиланням,,https://mizol.ua/ua/201351-setka-dlya-zatenenuya-karatzis-50-650m
Cітка полімерна для затінювання 50% (8*50м)#,Cітка полімерна для затінювання 50% (8*50м)#,Публічна картка товару Mizol; детальні параметри перевіряйте за посиланням,,https://mizol.ua/ua/203712-setka-dlya-zatenenuya-karatzis-50-850m
Cітка полімерна для затінювання 65% (10*50м),Cітка полімерна для затінювання 65% (10*50м),Публічна картка товару Mizol; детальні параметри перевіряйте за посиланням,,https://mizol.ua/ua/236824-setka-dlya-zatenenuya-karatzis-65-1050m
Cітка полімерна для затінювання 65% (4*50м)#,Cітка полімерна для затінювання 65% (4*50м)#,Публічна картка товару Mizol; детальні параметри перевіряйте за посиланням,,https://mizol.ua/ua/201348-setka-dlya-zatenenuya-karatzis-65-450m
Cітка полімерна для затінювання 65% (6*50м)#,Cітка полімерна для затінювання 65% (6*50м)#,Публічна картка товару Mizol; детальні параметри перевіряйте за посиланням,,https://mizol.ua/ua/201352-setka-dlya-zatenenuya-karatzis-65-650m
Cітка полімерна для затінювання 85% (4*50м)#,Cітка полімерна для затінювання 85% (4*50м)#,Публічна картка товару Mizol; детальні параметри перевіряйте за посиланням,,https://mizol.ua/ua/201350-setka-dlya-zatenenuya-karatzis-85-450m
Злив Regenau 100 білий,Злив Regenau 100 білий,Публічна картка товару Mizol; детальні параметри перевіряйте за посиланням,,https://mizol.ua/ua/166070-sluv-regenau-100-belyy
Злив Regenau 100 графіт,Злив Regenau 100 графіт,Публічна картка товару Mizol; детальні параметри перевіряйте за посиланням,,https://mizol.ua/ua/166071-sluv-regenau-100-grafut
Злив Regenau 100 коричневий,Злив Regenau 100 коричневий,Публічна картка товару Mizol; детальні параметри перевіряйте за посиланням,,https://mizol.ua/ua/166072-sluv-regenau-100-koruchnevyy
Злив Regenau 80 білий,Злив Regenau 80 білий,Публічна картка товару Mizol; детальні параметри перевіряйте за посиланням,,https://mizol.ua/ua/166067-sluv-regenau-80-belyy
Злив Regenau 80 графіт,Злив Regenau 80 графіт,Публічна картка товару Mizol; детальні параметри перевіряйте за посиланням,,https://mizol.ua/ua/166068-sluv-regenau-80-grafut
Злив Regenau 80 коричневий,Злив Regenau 80 коричневий,Публічна картка товару Mizol; детальні параметри перевіряйте за посиланням,,https://mizol.ua/ua/166069-sluv-regenau-80-koruchnevyy
Соединитель панели KERRAFRONT CLASSIC J-201 White 0;18 м,Соединитель панели KERRAFRONT CLASSIC J-201 White 0;18 м,Публічна картка товару Mizol; детальні параметри перевіряйте за посиланням,,https://mizol.ua/ua/46272-soedunutely-panelu-kerrafront-classic-j-201-white-018-m
Соединитель панели KERRAFRONT CLASSIC J-202 Anthracite 0;322 м,Соединитель панели KERRAFRONT CLASSIC J-202 Anthracite 0;322 м,Публічна картка товару Mizol; детальні параметри перевіряйте за посиланням,,https://mizol.ua/ua/78399-soedunutely-panelu-kerrafront-classic-j-202-anthracite-0322-m
Соединитель панели KERRAFRONT CLASSIC J-202 Light Grey 0;322 м,Соединитель панели KERRAFRONT CLASSIC J-202 Light Grey 0;322 м,Публічна картка товару Mizol; детальні параметри перевіряйте за посиланням,,https://mizol.ua/ua/78395-soedunutely-panelu-kerrafront-classic-j-202-light-grey-0322-m
Соединитель панели KERRAFRONT MW J-302 Ivory 0;322 м,Соединитель панели KERRAFRONT MW J-302 Ivory 0;322 м,Публічна картка товару Mizol; детальні параметри перевіряйте за посиланням,,https://mizol.ua/ua/78382-soedunutely-panelu-kerrafront-mw-j-302-ivory-0322-m
Соединитель панели KERRAFRONT MW J-302 Pearl Grey 0;322 м,Соединитель панели KERRAFRONT MW J-302 Pearl Grey 0;322 м,Публічна картка товару Mizol; детальні параметри перевіряйте за посиланням,,https://mizol.ua/ua/78381-soedunutely-panelu-kerrafront-mw-j-302-pearl-grey-0322-m
З'єднувач труби Regenau 100 білий,З'єднувач труби Regenau 100 білий,Публічна картка товару Mizol; детальні параметри перевіряйте за посиланням,,https://mizol.ua/ua/166082-soedunutely-truby-regenau-100-belyy
З'єднувач труби Regenau 100 графіт,З'єднувач труби Regenau 100 графіт,Публічна картка товару Mizol; детальні параметри перевіряйте за посиланням,,https://mizol.ua/ua/166083-soedunutely-truby-regenau-100-grafut
З'єднувач труби Regenau 100 коричневий,З'єднувач труби Regenau 100 коричневий,Публічна картка товару Mizol; детальні параметри перевіряйте за посиланням,,https://mizol.ua/ua/166084-soedunutely-truby-regenau-100-koruchnevyy
З'єднувач труби Regenau 80 білий,З'єднувач труби Regenau 80 білий,Публічна картка товару Mizol; детальні параметри перевіряйте за посиланням,,https://mizol.ua/ua/166079-soedunutely-truby-regenau-80-belyy
З'єднувач труби Regenau 80 графіт,З'єднувач труби Regenau 80 графіт,Публічна картка товару Mizol; детальні параметри перевіряйте за посиланням,,https://mizol.ua/ua/166080-soedunutely-truby-regenau-80-grafut
З'єднувач труби Regenau 80 коричневий,З'єднувач труби Regenau 80 коричневий,Публічна картка товару Mizol; детальні параметри перевіряйте за посиланням,,https://mizol.ua/ua/166081-soedunutely-truby-regenau-80-koruchnevyy
Сталевий радіатор PURMO Compact 11 500x 1000,Сталевий радіатор PURMO Compact 11 500x 1000,Публічна картка товару Mizol; детальні параметри перевіряйте за посиланням,,https://mizol.ua/ua/21475-stalynoy-raduator-purmo-compact-11-500x-1000
Сталевий радіатор PURMO Compact 11 500x 400,Сталевий радіатор PURMO Compact 11 500x 400,Публічна картка товару Mizol; детальні параметри перевіряйте за посиланням,,https://mizol.ua/ua/21405-stalynoy-raduator-purmo-compact-11-500x-400
Сталевий радіатор PURMO Compact 11 500x500,Сталевий радіатор PURMO Compact 11 500x500,Публічна картка товару Mizol; детальні параметри перевіряйте за посиланням,,https://mizol.ua/ua/21364-stalynoy-raduator-purmo-compact-11-500x500
Сталевий радіатор PURMO Compact 22 300x 1200,Сталевий радіатор PURMO Compact 22 300x 1200,Публічна картка товару Mizol; детальні параметри перевіряйте за посиланням,,https://mizol.ua/ua/22314-stalynoy-raduator-purmo-compact-22-300x-1200
Сталевий радіатор PURMO Compact 22 300x 1400,Сталевий радіатор PURMO Compact 22 300x 1400,Публічна картка товару Mizol; детальні параметри перевіряйте за посиланням,,https://mizol.ua/ua/22218-stalynoy-raduator-purmo-compact-22-300x-1400
Сталевий радіатор PURMO Compact 22 300x 1600,Сталевий радіатор PURMO Compact 22 300x 1600,Публічна картка товару Mizol; детальні параметри перевіряйте за посиланням,,https://mizol.ua/ua/21817-stalynoy-raduator-purmo-compact-22-300x-1600
Сталевий радіатор PURMO Compact 22 500x 1200,Сталевий радіатор PURMO Compact 22 500x 1200,Публічна картка товару Mizol; детальні параметри перевіряйте за посиланням,,https://mizol.ua/ua/20928-stalynoy-raduator-purmo-compact-22-500x-1200
Сталевий радіатор PURMO Compact 22 500x 1400,Сталевий радіатор PURMO Compact 22 500x 1400,Публічна картка товару Mizol; детальні параметри перевіряйте за посиланням,,https://mizol.ua/ua/20952-stalynoy-raduator-purmo-compact-22-500x-1400
Сталевий радіатор PURMO Compact 22 500x 1600,Сталевий радіатор PURMO Compact 22 500x 1600,Публічна картка товару Mizol; детальні параметри перевіряйте за посиланням,,https://mizol.ua/ua/20953-stalynoy-raduator-purmo-compact-22-500x-1600
Сталевий радіатор PURMO Compact 22 500x 1800,Сталевий радіатор PURMO Compact 22 500x 1800,Публічна картка товару Mizol; детальні параметри перевіряйте за посиланням,,https://mizol.ua/ua/21904-stalynoy-raduator-purmo-compact-22-500x-1800
Сталевий радіатор PURMO Compact 22 500x 2000,Сталевий радіатор PURMO Compact 22 500x 2000,Публічна картка товару Mizol; детальні параметри перевіряйте за посиланням,,https://mizol.ua/ua/21149-stalynoy-raduator-purmo-compact-22-500x-2000
Сталевий радіатор PURMO Compact 22 500x 500,Сталевий радіатор PURMO Compact 22 500x 500,Публічна картка товару Mizol; детальні параметри перевіряйте за посиланням,,https://mizol.ua/ua/20919-stalynoy-raduator-purmo-compact-22-500x-500
Сталевий радіатор PURMO Compact 22 500x 800,Сталевий радіатор PURMO Compact 22 500x 800,Публічна картка товару Mizol; детальні параметри перевіряйте за посиланням,,https://mizol.ua/ua/20924-stalynoy-raduator-purmo-compact-22-500x-800
Сталевий радіатор PURMO Compact 22 500x 900,Сталевий радіатор PURMO Compact 22 500x 900,Публічна картка товару Mizol; детальні параметри перевіряйте за посиланням,,https://mizol.ua/ua/20925-stalynoy-raduator-purmo-compact-22-500x-900
Сталевий радіатор PURMO Compact 22 600x 1000,Сталевий радіатор PURMO Compact 22 600x 1000,Публічна картка товару Mizol; детальні параметри перевіряйте за посиланням,,https://mizol.ua/ua/20935-stalynoy-raduator-purmo-compact-22-600x-1000
Сталевий радіатор PURMO Compact 22 600x 1200,Сталевий радіатор PURMO Compact 22 600x 1200,Публічна картка товару Mizol; детальні параметри перевіряйте за посиланням,,https://mizol.ua/ua/20937-stalynoy-raduator-purmo-compact-22-600x-1200
Сталевий радіатор PURMO Compact 22 600x 1400,Сталевий радіатор PURMO Compact 22 600x 1400,Публічна картка товару Mizol; детальні параметри перевіряйте за посиланням,,https://mizol.ua/ua/20938-stalynoy-raduator-purmo-compact-22-600x-1400
Сталевий радіатор PURMO Compact 33 500x 1000,Сталевий радіатор PURMO Compact 33 500x 1000,Публічна картка товару Mizol; детальні параметри перевіряйте за посиланням,,https://mizol.ua/ua/22207-stalynoy-raduator-purmo-compact-33-500x-1000
Сталевий радіатор PURMO Ventil Compact 11 500x 600,Сталевий радіатор PURMO Ventil Compact 11 500x 600,Публічна картка товару Mizol; детальні параметри перевіряйте за посиланням,,https://mizol.ua/ua/21011-stalynoy-raduator-purmo-ventil-compact-11-500x-600
Сталевий радіатор PURMO Ventil Compact 22 200x 1000,Сталевий радіатор PURMO Ventil Compact 22 200x 1000,Публічна картка товару Mizol; детальні параметри перевіряйте за посиланням,,https://mizol.ua/ua/21922-stalynoy-raduator-purmo-ventil-compact-22-200x-1000
Сталевий радіатор PURMO Ventil Compact 22 200x 1200,Сталевий радіатор PURMO Ventil Compact 22 200x 1200,Публічна картка товару Mizol; детальні параметри перевіряйте за посиланням,,https://mizol.ua/ua/21924-stalynoy-raduator-purmo-ventil-compact-22-200x-1200
Сталевий радіатор PURMO Ventil Compact 22 200x 1400,Сталевий радіатор PURMO Ventil Compact 22 200x 1400,Публічна картка товару Mizol; детальні параметри перевіряйте за посиланням,,https://mizol.ua/ua/21925-stalynoy-raduator-purmo-ventil-compact-22-200x-1400
Сталевий радіатор PURMO Ventil Compact 22 200x 1600,Сталевий радіатор PURMO Ventil Compact 22 200x 1600,Публічна картка товару Mizol; детальні параметри перевіряйте за посиланням,,https://mizol.ua/ua/21936-stalynoy-raduator-purmo-ventil-compact-22-200x-1600
Сталевий радіатор PURMO Ventil Compact 22 200x 1800,Сталевий радіатор PURMO Ventil Compact 22 200x 1800,Публічна картка товару Mizol; детальні параметри перевіряйте за посиланням,,https://mizol.ua/ua/23381-stalynoy-raduator-purmo-ventil-compact-22-200x-1800
Сталевий радіатор PURMO Ventil Compact 22 200x 2000,Сталевий радіатор PURMO Ventil Compact 22 200x 2000,Публічна картка товару Mizol; детальні параметри перевіряйте за посиланням,,https://mizol.ua/ua/22818-stalynoy-raduator-purmo-ventil-compact-22-200x-2000
Сталевий радіатор PURMO Ventil Compact 22 200x 2300,Сталевий радіатор PURMO Ventil Compact 22 200x 2300,Публічна картка товару Mizol; детальні параметри перевіряйте за посиланням,,https://mizol.ua/ua/23621-stalynoy-raduator-purmo-ventil-compact-22-200x-2300
Сталевий радіатор PURMO Ventil Compact 22 200x 2600,Сталевий радіатор PURMO Ventil Compact 22 200x 2600,Публічна картка товару Mizol; детальні параметри перевіряйте за посиланням,,https://mizol.ua/ua/23296-stalynoy-raduator-purmo-ventil-compact-22-200x-2600
Сталевий радіатор PURMO Ventil Compact 22 200x 800,Сталевий радіатор PURMO Ventil Compact 22 200x 800,Публічна картка товару Mizol; детальні параметри перевіряйте за посиланням,,https://mizol.ua/ua/21934-stalynoy-raduator-purmo-ventil-compact-22-200x-800
Сталевий радіатор PURMO Ventil Compact 22 300x 1200,Сталевий радіатор PURMO Ventil Compact 22 300x 1200,Публічна картка товару Mizol; детальні параметри перевіряйте за посиланням,,https://mizol.ua/ua/20908-stalynoy-raduator-purmo-ventil-compact-22-300x-1200
Сталевий радіатор PURMO Ventil Compact 22 300x 1600,Сталевий радіатор PURMO Ventil Compact 22 300x 1600,Публічна картка товару Mizol; детальні параметри перевіряйте за посиланням,,https://mizol.ua/ua/20910-stalynoy-raduator-purmo-ventil-compact-22-300x-1600
Сталевий радіатор PURMO Ventil Compact 22 300x 1800,Сталевий радіатор PURMO Ventil Compact 22 300x 1800,Публічна картка товару Mizol; детальні параметри перевіряйте за посиланням,,https://mizol.ua/ua/21196-stalynoy-raduator-purmo-ventil-compact-22-300x-1800
Сталевий радіатор PURMO Ventil Compact 22 300x 2600,Сталевий радіатор PURMO Ventil Compact 22 300x 2600,Публічна картка товару Mizol; детальні параметри перевіряйте за посиланням,,https://mizol.ua/ua/21996-stalynoy-raduator-purmo-ventil-compact-22-300x-2600
Сталевий радіатор PURMO Ventil Compact 22 300x 600,Сталевий радіатор PURMO Ventil Compact 22 300x 600,Публічна картка товару Mizol; детальні параметри перевіряйте за посиланням,,https://mizol.ua/ua/21273-stalynoy-raduator-purmo-ventil-compact-22-300x-600
Сталевий радіатор PURMO Ventil Compact 22 300x 800,Сталевий радіатор PURMO Ventil Compact 22 300x 800,Публічна картка товару Mizol; детальні параметри перевіряйте за посиланням,,https://mizol.ua/ua/20906-stalynoy-raduator-purmo-ventil-compact-22-300x-800
Сталевий радіатор PURMO Ventil Compact 22 300х 700,Сталевий радіатор PURMO Ventil Compact 22 300х 700,Публічна картка товару Mizol; детальні параметри перевіряйте за посиланням,,https://mizol.ua/ua/22054-stalynoy-raduator-purmo-ventil-compact-22-300h-700
Сталевий радіатор PURMO Ventil Compact 22 500x 1000,Сталевий радіатор PURMO Ventil Compact 22 500x 1000,Публічна картка товару Mizol; детальні параметри перевіряйте за посиланням,,https://mizol.ua/ua/20945-stalynoy-raduator-purmo-ventil-compact-22-500x-1000
Сталевий радіатор PURMO Ventil Compact 22 500x 1100,Сталевий радіатор PURMO Ventil Compact 22 500x 1100,Публічна картка товару Mizol; детальні параметри перевіряйте за посиланням,,https://mizol.ua/ua/20946-stalynoy-raduator-purmo-ventil-compact-22-500x-1100
Сталевий радіатор PURMO Ventil Compact 22 500x 1200,Сталевий радіатор PURMO Ventil Compact 22 500x 1200,Публічна картка товару Mizol; детальні параметри перевіряйте за посиланням,,https://mizol.ua/ua/20947-stalynoy-raduator-purmo-ventil-compact-22-500x-1200
Сталевий радіатор PURMO Ventil Compact 22 500x 1400,Сталевий радіатор PURMO Ventil Compact 22 500x 1400,Публічна картка товару Mizol; детальні параметри перевіряйте за посиланням,,https://mizol.ua/ua/20929-stalynoy-raduator-purmo-ventil-compact-22-500x-1400
Сталевий радіатор PURMO Ventil Compact 22 500x 1600,Сталевий радіатор PURMO Ventil Compact 22 500x 1600,Публічна картка товару Mizol; детальні параметри перевіряйте за посиланням,,https://mizol.ua/ua/20930-stalynoy-raduator-purmo-ventil-compact-22-500x-1600
Сталевий радіатор PURMO Ventil Compact 22 500x 1800,Сталевий радіатор PURMO Ventil Compact 22 500x 1800,Публічна картка товару Mizol; детальні параметри перевіряйте за посиланням,,https://mizol.ua/ua/20948-stalynoy-raduator-purmo-ventil-compact-22-500x-1800
Сталевий радіатор PURMO Ventil Compact 22 500x 2000,Сталевий радіатор PURMO Ventil Compact 22 500x 2000,Публічна картка товару Mizol; детальні параметри перевіряйте за посиланням,,https://mizol.ua/ua/21151-stalynoy-raduator-purmo-ventil-compact-22-500x-2000
Сталевий радіатор PURMO Ventil Compact 22 500x 400,Сталевий радіатор PURMO Ventil Compact 22 500x 400,Публічна картка товару Mizol; детальні параметри перевіряйте за посиланням,,https://mizol.ua/ua/20939-stalynoy-raduator-purmo-ventil-compact-22-500x-400
Сталевий радіатор PURMO Ventil Compact 22 500x 500,Сталевий радіатор PURMO Ventil Compact 22 500x 500,Публічна картка товару Mizol; детальні параметри перевіряйте за посиланням,,https://mizol.ua/ua/20940-stalynoy-raduator-purmo-ventil-compact-22-500x-500
Сталевий радіатор PURMO Ventil Compact 22 500x 600,Сталевий радіатор PURMO Ventil Compact 22 500x 600,Публічна картка товару Mizol; детальні параметри перевіряйте за посиланням,,https://mizol.ua/ua/20941-stalynoy-raduator-purmo-ventil-compact-22-500x-600
Сталевий радіатор PURMO Ventil Compact 22 500x 700,Сталевий радіатор PURMO Ventil Compact 22 500x 700,Публічна картка товару Mizol; детальні параметри перевіряйте за посиланням,,https://mizol.ua/ua/20942-stalynoy-raduator-purmo-ventil-compact-22-500x-700
Сталевий радіатор PURMO Ventil Compact 22 500x 800,Сталевий радіатор PURMO Ventil Compact 22 500x 800,Публічна картка товару Mizol; детальні параметри перевіряйте за посиланням,,https://mizol.ua/ua/20943-stalynoy-raduator-purmo-ventil-compact-22-500x-800
Сталевий радіатор PURMO Ventil Compact 22 500x 900,Сталевий радіатор PURMO Ventil Compact 22 500x 900,Публічна картка товару Mizol; детальні параметри перевіряйте за посиланням,,https://mizol.ua/ua/20944-stalynoy-raduator-purmo-ventil-compact-22-500x-900
Сталевий радіатор PURMO Ventil Compact 22 600x 1200,Сталевий радіатор PURMO Ventil Compact 22 600x 1200,Публічна картка товару Mizol; детальні параметри перевіряйте за посиланням,,https://mizol.ua/ua/20991-stalynoy-raduator-purmo-ventil-compact-22-600x-1200
Сталевий радіатор PURMO Ventil Compact 22 600x 500,Сталевий радіатор PURMO Ventil Compact 22 600x 500,Публічна картка товару Mizol; детальні параметри перевіряйте за посиланням,,https://mizol.ua/ua/20985-stalynoy-raduator-purmo-ventil-compact-22-600x-500
Сталевий радіатор PURMO Ventil Compact 22 600x 700,Сталевий радіатор PURMO Ventil Compact 22 600x 700,Публічна картка товару Mizol; детальні параметри перевіряйте за посиланням,,https://mizol.ua/ua/20989-stalynoy-raduator-purmo-ventil-compact-22-600x-700
Сталевий радіатор PURMO Ventil Compact 22 900x 500,Сталевий радіатор PURMO Ventil Compact 22 900x 500,Публічна картка товару Mizol; детальні параметри перевіряйте за посиланням,,https://mizol.ua/ua/21906-stalynoy-raduator-purmo-ventil-compact-22-900x-500
Сталевий радіатор PURMO Ventil Compact 33 300х 1000,Сталевий радіатор PURMO Ventil Compact 33 300х 1000,Публічна картка товару Mizol; детальні параметри перевіряйте за посиланням,,https://mizol.ua/ua/22279-stalynoy-raduator-purmo-ventil-compact-33-300h-1000
Сталевий радіатор PURMO Ventil Compact 33 300х 1200,Сталевий радіатор PURMO Ventil Compact 33 300х 1200,Публічна картка товару Mizol; детальні параметри перевіряйте за посиланням,,https://mizol.ua/ua/22247-stalynoy-raduator-purmo-ventil-compact-33-300h-1200
Сталевий радіатор PURMO Ventil Compact 33 300х 1400,Сталевий радіатор PURMO Ventil Compact 33 300х 1400,Публічна картка товару Mizol; детальні параметри перевіряйте за посиланням,,https://mizol.ua/ua/22248-stalynoy-raduator-purmo-ventil-compact-33-300h-1400
Сталевий радіатор PURMO Ventil Compact 33 300х 1600,Сталевий радіатор PURMO Ventil Compact 33 300х 1600,Публічна картка товару Mizol; детальні параметри перевіряйте за посиланням,,https://mizol.ua/ua/20980-stalynoy-raduator-purmo-ventil-compact-33-300h-1600
Сталевий радіатор PURMO Ventil Compact 33 500x 1000,Сталевий радіатор PURMO Ventil Compact 33 500x 1000,Публічна картка товару Mizol; детальні параметри перевіряйте за посиланням,,https://mizol.ua/ua/20949-stalynoy-raduator-purmo-ventil-compact-33-500x-1000
Сталевий радіатор PURMO Ventil Compact 33 500x 1200,Сталевий радіатор PURMO Ventil Compact 33 500x 1200,Публічна картка товару Mizol; детальні параметри перевіряйте за посиланням,,https://mizol.ua/ua/22163-stalynoy-raduator-purmo-ventil-compact-33-500x-1200
Сталевий радіатор PURMO Ventil Compact 33 500x 1600,Сталевий радіатор PURMO Ventil Compact 33 500x 1600,Публічна картка товару Mizol; детальні параметри перевіряйте за посиланням,,https://mizol.ua/ua/20950-stalynoy-raduator-purmo-ventil-compact-33-500x-1600
Стартова полоса для бітумної черепиці Cambridge,бітумна черепиця,Публічна картка товару Mizol; детальні параметри перевіряйте за посиланням,,https://mizol.ua/ua/78496-startovaya-polosa-dlya-butumnoy-cherepucy-cambridge
Супердиффузійна мембрана Monolitic,мембрана,Публічна картка товару Mizol; детальні параметри перевіряйте за посиланням,,https://mizol.ua/ua/67365-superduffuzuonnaya-membrana-monolitic
Супердиффузійна мембрана Thermoisol 2AP,мембрана,Публічна картка товару Mizol; детальні параметри перевіряйте за посиланням,,https://mizol.ua/ua/48143-superduffuzuonnaya-membrana-thermoisol-2ap
Супердиффузійна мембрана Євробар'єр,мембрана,Публічна картка товару Mizol; детальні параметри перевіряйте за посиланням,,https://mizol.ua/ua/1523-superduffuzuonnaya-membrana-evrobaryer
Супердиффузійна мембрана Евробарь'єр 210 Супер 2AP,мембрана,Публічна картка товару Mizol; детальні параметри перевіряйте за посиланням,,https://mizol.ua/ua/55002-superduffuzuonnaya-membrana-evrobaryer-210-super-2ap
Супердиффузійна мембрана Євробар'єр F 150,мембрана,Публічна картка товару Mizol; детальні параметри перевіряйте за посиланням,,https://mizol.ua/ua/245215-superduffuzuonnaya-membrana-evrobaryer-f150
Супердиффузійна мембрана Євробар'єр Q160,мембрана,Публічна картка товару Mizol; детальні параметри перевіряйте за посиланням,,https://mizol.ua/ua/1527-superduffuzuonnaya-membrana-evrobaryer-q160
Супердиффузійна мембрана Євробар'єр Плюс,мембрана,Публічна картка товару Mizol; детальні параметри перевіряйте за посиланням,,https://mizol.ua/ua/1526-superduffuzuonnaya-membrana-evrobaryer-plyus
Теплоізоляція каучукова для труб Eurobatex 13-018,ізоляція,Публічна картка товару Mizol; детальні параметри перевіряйте за посиланням,,https://mizol.ua/ua/1984-teplouzolyacuya-kauchukovaya-dlya-trub-eurobatex-13-018
Теплоізоляція каучукова для труб Eurobatex 13-022,ізоляція,Публічна картка товару Mizol; детальні параметри перевіряйте за посиланням,,https://mizol.ua/ua/1985-teplouzolyacuya-kauchukovaya-dlya-trub-eurobatex-13-022
Теплоізоляція каучукова для труб Eurobatex 13-028,ізоляція,Публічна картка товару Mizol; детальні параметри перевіряйте за посиланням,,https://mizol.ua/ua/1986-teplouzolyacuya-kauchukovaya-dlya-trub-eurobatex-13-028
Теплоізоляція каучукова для труб Eurobatex 13-035,ізоляція,Публічна картка товару Mizol; детальні параметри перевіряйте за посиланням,,https://mizol.ua/ua/1987-teplouzolyacuya-kauchukovaya-dlya-trub-eurobatex-13-035
Теплоізоляція каучукова для труб Eurobatex 13-042,ізоляція,Публічна картка товару Mizol; детальні параметри перевіряйте за посиланням,,https://mizol.ua/ua/1988-teplouzolyacuya-kauchukovaya-dlya-trub-eurobatex-13-042
Теплоізоляція каучукова для труб Eurobatex 13-048,ізоляція,Публічна картка товару Mizol; детальні параметри перевіряйте за посиланням,,https://mizol.ua/ua/1989-teplouzolyacuya-kauchukovaya-dlya-trub-eurobatex-13-048
Теплоізоляція каучукова для труб Eurobatex 13-054,ізоляція,Публічна картка товару Mizol; детальні параметри перевіряйте за посиланням,,https://mizol.ua/ua/1990-teplouzolyacuya-kauchukovaya-dlya-trub-eurobatex-13-054
Теплоізоляція каучукова для труб Eurobatex 13-060,ізоляція,Публічна картка товару Mizol; детальні параметри перевіряйте за посиланням,,https://mizol.ua/ua/1991-teplouzolyacuya-kauchukovaya-dlya-trub-eurobatex-13-060
Теплоізоляція каучукова для труб Eurobatex 13-076,ізоляція,Публічна картка товару Mizol; детальні параметри перевіряйте за посиланням,,https://mizol.ua/ua/1993-teplouzolyacuya-kauchukovaya-dlya-trub-eurobatex-13-076
Теплоізоляція каучукова для труб Eurobatex 13-090,ізоляція,Публічна картка товару Mizol; детальні параметри перевіряйте за посиланням,,https://mizol.ua/ua/1994-teplouzolyacuya-kauchukovaya-dlya-trub-eurobatex-13-090
Теплоізоляція каучукова для труб Eurobatex 13-108,ізоляція,Публічна картка товару Mizol; детальні параметри перевіряйте за посиланням,,https://mizol.ua/ua/1978-teplouzolyacuya-kauchukovaya-dlya-trub-eurobatex-13-108
Теплоізоляція каучукова для труб Eurobatex 13-114,ізоляція,Публічна картка товару Mizol; детальні параметри перевіряйте за посиланням,,https://mizol.ua/ua/1979-teplouzolyacuya-kauchukovaya-dlya-trub-eurobatex-13-114
Теплоізоляція каучукова для труб Eurobatex 19-022,ізоляція,Публічна картка товару Mizol; детальні параметри перевіряйте за посиланням,,https://mizol.ua/ua/2003-teplouzolyacuya-kauchukovaya-dlya-trub-eurobatex-19-022
Теплоізоляція каучукова для труб Eurobatex 19-028,ізоляція,Публічна картка товару Mizol; детальні параметри перевіряйте за посиланням,,https://mizol.ua/ua/2004-teplouzolyacuya-kauchukovaya-dlya-trub-eurobatex-19-028
Теплоізоляція каучукова для труб Eurobatex 19-035,ізоляція,Публічна картка товару Mizol; детальні параметри перевіряйте за посиланням,,https://mizol.ua/ua/2005-teplouzolyacuya-kauchukovaya-dlya-trub-eurobatex-19-035
Теплоізоляція каучукова для труб Eurobatex 19-048,ізоляція,Публічна картка товару Mizol; детальні параметри перевіряйте за посиланням,,https://mizol.ua/ua/2007-teplouzolyacuya-kauchukovaya-dlya-trub-eurobatex-19-048
Теплоізоляція каучукова для труб Eurobatex 19-054,ізоляція,Публічна картка товару Mizol; детальні параметри перевіряйте за посиланням,,https://mizol.ua/ua/2008-teplouzolyacuya-kauchukovaya-dlya-trub-eurobatex-19-054
Теплоізоляція каучукова для труб Eurobatex 19-060,ізоляція,Публічна картка товару Mizol; детальні параметри перевіряйте за посиланням,,https://mizol.ua/ua/2009-teplouzolyacuya-kauchukovaya-dlya-trub-eurobatex-19-060
Теплоізоляція каучукова для труб Eurobatex 19-076,ізоляція,Публічна картка товару Mizol; детальні параметри перевіряйте за посиланням,,https://mizol.ua/ua/2011-teplouzolyacuya-kauchukovaya-dlya-trub-eurobatex-19-076
Теплоізоляція каучукова для труб Eurobatex 19-090,ізоляція,Публічна картка товару Mizol; детальні параметри перевіряйте за посиланням,,https://mizol.ua/ua/2012-teplouzolyacuya-kauchukovaya-dlya-trub-eurobatex-19-090
Теплоізоляція каучукова для труб Eurobatex 19-108,ізоляція,Публічна картка товару Mizol; детальні параметри перевіряйте за посиланням,,https://mizol.ua/ua/1998-teplouzolyacuya-kauchukovaya-dlya-trub-eurobatex-19-108
Теплоізоляція каучукова для труб Eurobatex 19-114,ізоляція,Публічна картка товару Mizol; детальні параметри перевіряйте за посиланням,,https://mizol.ua/ua/3206-teplouzolyacuya-kauchukovaya-dlya-trub-eurobatex-19-114
Теплоізоляція каучукова для труб Eurobatex 25-018,ізоляція,Публічна картка товару Mizol; детальні параметри перевіряйте за посиланням,,https://mizol.ua/ua/50573-teplouzolyacuya-kauchukovaya-dlya-trub-eurobatex-25-018
Теплоізоляція каучукова для труб Eurobatex 25-133,ізоляція,Публічна картка товару Mizol; детальні параметри перевіряйте за посиланням,,https://mizol.ua/ua/25310-teplouzolyacuya-kauchukovaya-dlya-trub-eurobatex-25-133
Теплоізоляція каучукова для труб Eurobatex 6-015/016,ізоляція,Публічна картка товару Mizol; детальні параметри перевіряйте за посиланням,,https://mizol.ua/ua/58447-teplouzolyacuya-kauchukovaya-dlya-trub-eurobatex-6-015016
Теплоізоляція каучукова для труб Eurobatex 6-035,ізоляція,Публічна картка товару Mizol; детальні параметри перевіряйте за посиланням,,https://mizol.ua/ua/2030-teplouzolyacuya-kauchukovaya-dlya-trub-eurobatex-6-035
Теплоізоляція каучукова для труб Eurobatex 9-012,ізоляція,Публічна картка товару Mizol; детальні параметри перевіряйте за посиланням,,https://mizol.ua/ua/10364-teplouzolyacuya-kauchukovaya-dlya-trub-eurobatex-9-012
Теплоізоляція каучукова для труб Eurobatex 9-016,ізоляція,Публічна картка товару Mizol; детальні параметри перевіряйте за посиланням,,https://mizol.ua/ua/2035-teplouzolyacuya-kauchukovaya-dlya-trub-eurobatex-9-016
Теплоізоляція каучукова для труб Eurobatex 9-018,ізоляція,Публічна картка товару Mizol; детальні параметри перевіряйте за посиланням,,https://mizol.ua/ua/2036-teplouzolyacuya-kauchukovaya-dlya-trub-eurobatex-9-018
Теплоізоляція каучукова для труб Eurobatex 9-022,ізоляція,Публічна картка товару Mizol; детальні параметри перевіряйте за посиланням,,https://mizol.ua/ua/2037-teplouzolyacuya-kauchukovaya-dlya-trub-eurobatex-9-022
Теплоізоляція каучукова для труб Eurobatex 9-028,ізоляція,Публічна картка товару Mizol; детальні параметри перевіряйте за посиланням,,https://mizol.ua/ua/2038-teplouzolyacuya-kauchukovaya-dlya-trub-eurobatex-9-028
Теплоізоляція каучукова для труб Eurobatex 9-035,ізоляція,Публічна картка товару Mizol; детальні параметри перевіряйте за посиланням,,https://mizol.ua/ua/2039-teplouzolyacuya-kauchukovaya-dlya-trub-eurobatex-9-035
Теплоізоляція каучукова для труб Eurobatex 9-042,ізоляція,Публічна картка товару Mizol; детальні параметри перевіряйте за посиланням,,https://mizol.ua/ua/2040-teplouzolyacuya-kauchukovaya-dlya-trub-eurobatex-9-042
Теплоізоляція каучукова для труб Eurobatex 9-048,ізоляція,Публічна картка товару Mizol; детальні параметри перевіряйте за посиланням,,https://mizol.ua/ua/2041-teplouzolyacuya-kauchukovaya-dlya-trub-eurobatex-9-048
Теплоізоляція каучукова для труб Eurobatex 9-054,ізоляція,Публічна картка товару Mizol; детальні параметри перевіряйте за посиланням,,https://mizol.ua/ua/2042-teplouzolyacuya-kauchukovaya-dlya-trub-eurobatex-9-054
Теплоізоляція каучукова для труб Eurobatex 9-060,ізоляція,Публічна картка товару Mizol; детальні параметри перевіряйте за посиланням,,https://mizol.ua/ua/2043-teplouzolyacuya-kauchukovaya-dlya-trub-eurobatex-9-060
Теплоізоляція каучукова для труб Eurobatex AT 13-022,ізоляція,Публічна картка товару Mizol; детальні параметри перевіряйте за посиланням,,https://mizol.ua/ua/2047-teplouzolyacuya-kauchukovaya-dlya-trub-eurobatex-at-13-022
Теплоізоляція каучукова для труб Eurobatex AT 13-028,ізоляція,Публічна картка товару Mizol; детальні параметри перевіряйте за посиланням,,https://mizol.ua/ua/9527-teplouzolyacuya-kauchukovaya-dlya-trub-eurobatex-at-13-028
Теплоізоляція каучукова для труб Eurobatex AT 13-042,ізоляція,Публічна картка товару Mizol; детальні параметри перевіряйте за посиланням,,https://mizol.ua/ua/13223-teplouzolyacuya-kauchukovaya-dlya-trub-eurobatex-at-13-042
Теплоізоляція каучукова для труб Eurobatex AT 19-018,ізоляція,Публічна картка товару Mizol; детальні параметри перевіряйте за посиланням,,https://mizol.ua/ua/9742-teplouzolyacuya-kauchukovaya-dlya-trub-eurobatex-at-19-018
Теплоізоляція каучукова для труб Eurobatex AT 19-022,ізоляція,Публічна картка товару Mizol; детальні параметри перевіряйте за посиланням,,https://mizol.ua/ua/14511-teplouzolyacuya-kauchukovaya-dlya-trub-eurobatex-at-19-022
Теплоізоляція каучукова для труб Eurobatex AT 19-028,ізоляція,Публічна картка товару Mizol; детальні параметри перевіряйте за посиланням,,https://mizol.ua/ua/3213-teplouzolyacuya-kauchukovaya-dlya-trub-eurobatex-at-19-028
Теплоізоляція каучукова для труб Eurobatex AT 19-035,ізоляція,Публічна картка товару Mizol; детальні параметри перевіряйте за посиланням,,https://mizol.ua/ua/7607-teplouzolyacuya-kauchukovaya-dlya-trub-eurobatex-at-19-035
Теплоізоляція каучукова листова Eurobatex 10мм; самоклеюча,ізоляція,Публічна картка товару Mizol; детальні параметри перевіряйте за посиланням,,https://mizol.ua/ua/36472-teplouzolyacuya-kauchukovaya-lustovaya-eurobatex-10mm--samokleyaschayasya
Теплоізоляція каучукова листова Eurobatex 13мм; самоклеюча,ізоляція,Публічна картка товару Mizol; детальні параметри перевіряйте за посиланням,,https://mizol.ua/ua/1976-teplouzolyacuya-kauchukovaya-lustovaya-eurobatex-13mm--samokleyaschayasya
Теплоізоляція каучукова листова Eurobatex 19мм,ізоляція,Публічна картка товару Mizol; детальні параметри перевіряйте за посиланням,,https://mizol.ua/ua/1995-teplouzolyacuya-kauchukovaya-lustovaya-eurobatex-19mm
Теплоізоляція каучукова листова Eurobatex 19мм; самоклеюча,ізоляція,Публічна картка товару Mizol; детальні параметри перевіряйте за посиланням,,https://mizol.ua/ua/1996-teplouzolyacuya-kauchukovaya-lustovaya-eurobatex-19mm--samokleyaschayasya
Теплоізоляція каучукова листова Eurobatex 6мм; самоклеюча,ізоляція,Публічна картка товару Mizol; детальні параметри перевіряйте за посиланням,,https://mizol.ua/ua/2026-teplouzolyacuya-kauchukovaya-lustovaya-eurobatex-6mm--samokleyaschayasya
Теплоізоляція каучукова листова з покриттям Eurobatex Triplex 10мм; самоклеюча,ізоляція,Публічна картка товару Mizol; детальні параметри перевіряйте за посиланням,,https://mizol.ua/ua/60928-teplouzolyacuya-kauchukovaya-lustovaya-s-pokrytuem-eurobatex-triplex-10mm-samokleyaschayasya
Теплоізоляція ПЕ для труб EcoLine G C-18/6,ізоляція,Публічна картка товару Mizol; детальні параметри перевіряйте за посиланням,,https://mizol.ua/ua/48618-teplouzolyacuya-pe-dlya-trub-ecoline-g-c-186
Теплоізоляція ПЕ для труб Thermaflex EcoLine G C-22/6,ізоляція,Публічна картка товару Mizol; детальні параметри перевіряйте за посиланням,,https://mizol.ua/ua/48619-teplouzolyacuya-pe-dlya-trub-ecoline-g-c-226
Теплоізоляція ПЕ для труб Thermaflex EcoLine G C-28/6,ізоляція,Публічна картка товару Mizol; детальні параметри перевіряйте за посиланням,,https://mizol.ua/ua/48620-teplouzolyacuya-pe-dlya-trub-ecoline-g-c-286
Теплоізоляція ПЕ для труб EcoLine G C-35/6,ізоляція,Публічна картка товару Mizol; детальні параметри перевіряйте за посиланням,,https://mizol.ua/ua/48621-teplouzolyacuya-pe-dlya-trub-ecoline-g-c-356
Теплоізоляція ПЕ для труб EcoLine G E-28/9,ізоляція,Публічна картка товару Mizol; детальні параметри перевіряйте за посиланням,,https://mizol.ua/ua/48624-teplouzolyacuya-pe-dlya-trub-ecoline-g-e-289
Теплоізоляція ПЕ для труб EcoLine G E-35/9,ізоляція,Публічна картка товару Mizol; детальні параметри перевіряйте за посиланням,,https://mizol.ua/ua/48625-teplouzolyacuya-pe-dlya-trub-ecoline-g-e-359
Теплоізоляція ПЕ для труб EcoLine G E-42/9,ізоляція,Публічна картка товару Mizol; детальні параметри перевіряйте за посиланням,,https://mizol.ua/ua/48626-teplouzolyacuya-pe-dlya-trub-ecoline-g-e-429
Теплоізоляція ПЕ для труб EcoLine R C-22/6 (blue),ізоляція,Публічна картка товару Mizol; детальні параметри перевіряйте за посиланням,,https://mizol.ua/ua/52475-teplouzolyacuya-pe-dlya-trub-ecoline-r-c-226
Теплоізоляція ПЕ для труб EcoLine R C-22/6,ізоляція,Публічна картка товару Mizol; детальні параметри перевіряйте за посиланням,,https://mizol.ua/ua/48615-teplouzolyacuya-pe-dlya-trub-ecoline-r-c-226
Теплоізоляція ПЕ для труб EcoLine R C-28/6,ізоляція,Публічна картка товару Mizol; детальні параметри перевіряйте за посиланням,,https://mizol.ua/ua/48616-teplouzolyacuya-pe-dlya-trub-ecoline-r-c-286
Теплоізоляція ПЕ для труб EcoLine R C-28/6 (blue),ізоляція,Публічна картка товару Mizol; детальні параметри перевіряйте за посиланням,,https://mizol.ua/ua/52476-teplouzolyacuya-pe-dlya-trub-ecoline-r-c-286-blue
Теплоізоляція ПЕ для труб EcoLine R C-35/6,ізоляція,Публічна картка товару Mizol; детальні параметри перевіряйте за посиланням,,https://mizol.ua/ua/48617-teplouzolyacuya-pe-dlya-trub-ecoline-r-c-356
Теплоізоляція ПЕ для труб EcoLine R C-35/6 (blue),ізоляція,Публічна картка товару Mizol; детальні параметри перевіряйте за посиланням,,https://mizol.ua/ua/52477-teplouzolyacuya-pe-dlya-trub-ecoline-r-c-356-blue
Теплоізоляція ПЕ для труб Thermacompact S C-15,ізоляція,Публічна картка товару Mizol; детальні параметри перевіряйте за посиланням,,https://mizol.ua/ua/2611-teplouzolyacuya-pe-dlya-trub-thermacompact-s-c-15
Теплоізоляція ПЕ для труб Thermacompact S C-18 (blue),ізоляція,Публічна картка товару Mizol; детальні параметри перевіряйте за посиланням,,https://mizol.ua/ua/42216-teplouzolyacuya-pe-dlya-trub-thermacompact-s-c-18
Теплоізоляція ПЕ для труб Thermacompact S C-18,ізоляція,Публічна картка товару Mizol; детальні параметри перевіряйте за посиланням,,https://mizol.ua/ua/2612-teplouzolyacuya-pe-dlya-trub-thermacompact-s-c-18
Теплоізоляція ПЕ для труб Thermacompact S C-22 (blue),ізоляція,Публічна картка товару Mizol; детальні параметри перевіряйте за посиланням,,https://mizol.ua/ua/42217-teplouzolyacuya-pe-dlya-trub-thermacompact-s-c-22
Теплоізоляція ПЕ для труб Thermacompact S C-22,ізоляція,Публічна картка товару Mizol; детальні параметри перевіряйте за посиланням,,https://mizol.ua/ua/2613-teplouzolyacuya-pe-dlya-trub-thermacompact-s-c-22
Теплоізоляція ПЕ для труб Thermacompact S C-28,ізоляція,Публічна картка товару Mizol; детальні параметри перевіряйте за посиланням,,https://mizol.ua/ua/2614-teplouzolyacuya-pe-dlya-trub-thermacompact-s-c-28
Теплоізоляція ПЕ для труб Thermacompact S C-28 (blue),ізоляція,Публічна картка товару Mizol; детальні параметри перевіряйте за посиланням,,https://mizol.ua/ua/42218-teplouzolyacuya-pe-dlya-trub-thermacompact-s-c-28-blue
Теплоізоляція ПЕ для труб Thermacompact S C-35,ізоляція,Публічна картка товару Mizol; детальні параметри перевіряйте за посиланням,,https://mizol.ua/ua/2615-teplouzolyacuya-pe-dlya-trub-thermacompact-s-c-35
Теплоізоляція ПЕ для труб Thermacompact S C-35 (blue),ізоляція,Публічна картка товару Mizol; детальні параметри перевіряйте за посиланням,,https://mizol.ua/ua/42219-teplouzolyacuya-pe-dlya-trub-thermacompact-s-c-35-blue
Теплоізоляція ПЕ для труб Thermacompact S E-18,ізоляція,Публічна картка товару Mizol; детальні параметри перевіряйте за посиланням,,https://mizol.ua/ua/2617-teplouzolyacuya-pe-dlya-trub-thermacompact-s-e-18
Теплоізоляція ПЕ для труб Thermacompact S E-18 (blue),ізоляція,Публічна картка товару Mizol; детальні параметри перевіряйте за посиланням,,https://mizol.ua/ua/59767-teplouzolyacuya-pe-dlya-trub-thermacompact-s-e-18-blue
Теплоізоляція ПЕ для труб Thermacompact S E-22,ізоляція,Публічна картка товару Mizol; детальні параметри перевіряйте за посиланням,,https://mizol.ua/ua/2618-teplouzolyacuya-pe-dlya-trub-thermacompact-s-e-22
Теплоізоляція ПЕ для труб Thermacompact S E-22 (blue),ізоляція,Публічна картка товару Mizol; детальні параметри перевіряйте за посиланням,,https://mizol.ua/ua/65532-teplouzolyacuya-pe-dlya-trub-thermacompact-s-e-22-blue
Теплоізоляція ПЕ для труб Thermacompact S E-28,ізоляція,Публічна картка товару Mizol; детальні параметри перевіряйте за посиланням,,https://mizol.ua/ua/2619-teplouzolyacuya-pe-dlya-trub-thermacompact-s-e-28
Теплоізоляція ПЕ для труб Thermacompact S E-28/9 (blue),ізоляція,Публічна картка товару Mizol; детальні параметри перевіряйте за посиланням,,https://mizol.ua/ua/59770-teplouzolyacuya-pe-dlya-trub-thermacompact-s-e-289-blue
Теплоізоляція ПЕ для труб Thermacompact S E-42,ізоляція,Публічна картка товару Mizol; детальні параметри перевіряйте за посиланням,,https://mizol.ua/ua/45935-teplouzolyacuya-pe-dlya-trub-thermacompact-s-e-35
Теплоізоляція ПЕ для труб Thermacompact S E-35,ізоляція,Публічна картка товару Mizol; детальні параметри перевіряйте за посиланням,,https://mizol.ua/ua/2620-teplouzolyacuya-pe-dlya-trub-thermacompact-s-e-35
Теплоізоляція ПЕ для труб Thermacompact S E-35 (blue),ізоляція,Публічна картка товару Mizol; детальні параметри перевіряйте за посиланням,,https://mizol.ua/ua/64976-teplouzolyacuya-pe-dlya-trub-thermacompact-s-e-35
Теплоізоляція ПЕ для труб Thermaflex FRZ C-18/6,ізоляція,Публічна картка товару Mizol; детальні параметри перевіряйте за посиланням,,https://mizol.ua/ua/2623-teplouzolyacuya-pe-dlya-trub-thermaflex-frz-c-186
Теплоізоляція ПЕ для труб Thermaflex FRZ C-22/6,ізоляція,Публічна картка товару Mizol; детальні параметри перевіряйте за посиланням,,https://mizol.ua/ua/2624-teplouzolyacuya-pe-dlya-trub-thermaflex-frz-c-226
Теплоізоляція ПЕ для труб Thermaflex FRZ C-28/6,ізоляція,Публічна картка товару Mizol; детальні параметри перевіряйте за посиланням,,https://mizol.ua/ua/2625-teplouzolyacuya-pe-dlya-trub-thermaflex-frz-c-286
Теплоізоляція ПЕ для труб Thermaflex FRZ C-35/6,ізоляція,Публічна картка товару Mizol; детальні параметри перевіряйте за посиланням,,https://mizol.ua/ua/2626-teplouzolyacuya-pe-dlya-trub-thermaflex-frz-c-356
Теплоізоляція ПЕ для труб Thermaflex FRZ E-18/9,ізоляція,Публічна картка товару Mizol; детальні параметри перевіряйте за посиланням,,https://mizol.ua/ua/2629-teplouzolyacuya-pe-dlya-trub-thermaflex-frz-e-189
Теплоізоляція ПЕ для труб Thermaflex FRZ E-22/9,ізоляція,Публічна картка товару Mizol; детальні параметри перевіряйте за посиланням,,https://mizol.ua/ua/2630-teplouzolyacuya-pe-dlya-trub-thermaflex-frz-e-229
Теплоізоляція ПЕ для труб Thermaflex FRZ E-28/9,ізоляція,Публічна картка товару Mizol; детальні параметри перевіряйте за посиланням,,https://mizol.ua/ua/2631-teplouzolyacuya-pe-dlya-trub-thermaflex-frz-e-289
Теплоізоляція ПЕ для труб Thermaflex FRZ E-35/9,ізоляція,Публічна картка товару Mizol; детальні параметри перевіряйте за посиланням,,https://mizol.ua/ua/2632-teplouzolyacuya-pe-dlya-trub-thermaflex-frz-e-359
Теплоізоляція ПЕ для труб Thermaflex FRZ E-42/9,ізоляція,Публічна картка товару Mizol; детальні параметри перевіряйте за посиланням,,https://mizol.ua/ua/2633-teplouzolyacuya-pe-dlya-trub-thermaflex-frz-e-429
Теплоізоляція ПЕ для труб Thermaflex FRZ E-48-50/9,ізоляція,Публічна картка товару Mizol; детальні параметри перевіряйте за посиланням,,https://mizol.ua/ua/2634-teplouzolyacuya-pe-dlya-trub-thermaflex-frz-e-48-509
Теплоізоляція ПЕ для труб Thermaflex FRZ E-54/9,ізоляція,Публічна картка товару Mizol; детальні параметри перевіряйте за посиланням,,https://mizol.ua/ua/2635-teplouzolyacuya-pe-dlya-trub-thermaflex-frz-e-549
Теплоізоляція ПЕ для труб Thermaflex FRZ E-60/9,ізоляція,Публічна картка товару Mizol; детальні параметри перевіряйте за посиланням,,https://mizol.ua/ua/2637-teplouzolyacuya-pe-dlya-trub-thermaflex-frz-e-609
Теплоізоляція ПЕ для труб Thermaflex FRZ E-63/9,ізоляція,Публічна картка товару Mizol; детальні параметри перевіряйте за посиланням,,https://mizol.ua/ua/2638-teplouzolyacuya-pe-dlya-trub-thermaflex-frz-e-639
Теплоізоляція ПЕ для труб Thermaflex FRZ E-75-76/9,ізоляція,Публічна картка товару Mizol; детальні параметри перевіряйте за посиланням,,https://mizol.ua/ua/2639-teplouzolyacuya-pe-dlya-trub-thermaflex-frz-e-75-769
Теплоізоляція ПЕ для труб Thermaflex FRZ J-102/13,ізоляція,Публічна картка товару Mizol; детальні параметри перевіряйте за посиланням,,https://mizol.ua/ua/2640-teplouzolyacuya-pe-dlya-trub-thermaflex-frz-j-10213
Теплоізоляція ПЕ для труб Thermaflex FRZ J-108/13,ізоляція,Публічна картка товару Mizol; детальні параметри перевіряйте за посиланням,,https://mizol.ua/ua/2641-teplouzolyacuya-pe-dlya-trub-thermaflex-frz-j-10813
Теплоізоляція ПЕ для труб Thermaflex FRZ J-114/13,ізоляція,Публічна картка товару Mizol; детальні параметри перевіряйте за посиланням,,https://mizol.ua/ua/2642-teplouzolyacuya-pe-dlya-trub-thermaflex-frz-j-11413
Теплоізоляція ПЕ для труб Thermaflex FRZ J-18/13,ізоляція,Публічна картка товару Mizol; детальні параметри перевіряйте за посиланням,,https://mizol.ua/ua/2644-teplouzolyacuya-pe-dlya-trub-thermaflex-frz-j-1813
Теплоізоляція ПЕ для труб Thermasmart PRO J-22/13,ізоляція,Публічна картка товару Mizol; детальні параметри перевіряйте за посиланням,,https://mizol.ua/ua/47903-teplouzolyacuya-pe-dlya-trub-thermaflex-frz-j-2213
Теплоізоляція ПЕ для труб Thermaflex FRZ J-22/13,ізоляція,Публічна картка товару Mizol; детальні параметри перевіряйте за посиланням,,https://mizol.ua/ua/2645-teplouzolyacuya-pe-dlya-trub-thermaflex-frz-j-2213
Теплоізоляція ПЕ для труб Thermaflex FRZ J-28/13,ізоляція,Публічна картка товару Mizol; детальні параметри перевіряйте за посиланням,,https://mizol.ua/ua/2646-teplouzolyacuya-pe-dlya-trub-thermaflex-frz-j-2813
Теплоізоляція ПЕ для труб Thermasmart PRO J-35/13,ізоляція,Публічна картка товару Mizol; детальні параметри перевіряйте за посиланням,,https://mizol.ua/ua/47901-teplouzolyacuya-pe-dlya-trub-thermaflex-frz-j-3513
Теплоізоляція ПЕ для труб Thermaflex FRZ J-35/13,ізоляція,Публічна картка товару Mizol; детальні параметри перевіряйте за посиланням,,https://mizol.ua/ua/2647-teplouzolyacuya-pe-dlya-trub-thermaflex-frz-j-3513
Теплоізоляція ПЕ для труб Thermaflex FRZ J-42/13,ізоляція,Публічна картка товару Mizol; детальні параметри перевіряйте за посиланням,,https://mizol.ua/ua/2648-teplouzolyacuya-pe-dlya-trub-thermaflex-frz-j-4213
Теплоізоляція ПЕ для труб Thermaflex FRZ J-48/13,ізоляція,Публічна картка товару Mizol; детальні параметри перевіряйте за посиланням,,https://mizol.ua/ua/2649-teplouzolyacuya-pe-dlya-trub-thermaflex-frz-j-4813
Теплоізоляція ПЕ для труб Thermasmart PRO J-48/13,ізоляція,Публічна картка товару Mizol; детальні параметри перевіряйте за посиланням,,https://mizol.ua/ua/47898-teplouzolyacuya-pe-dlya-trub-thermaflex-frz-j-4813
Теплоізоляція ПЕ для труб Thermaflex FRZ J-54/13,ізоляція,Публічна картка товару Mizol; детальні параметри перевіряйте за посиланням,,https://mizol.ua/ua/2650-teplouzolyacuya-pe-dlya-trub-thermaflex-frz-j-5413
Теплоізоляція ПЕ для труб Thermaflex FRZ J-60/13,ізоляція,Публічна картка товару Mizol; детальні параметри перевіряйте за посиланням,,https://mizol.ua/ua/2652-teplouzolyacuya-pe-dlya-trub-thermaflex-frz-j-6013
Теплоізоляція ПЕ для труб Thermasmart PRO J-63/13,ізоляція,Публічна картка товару Mizol; детальні параметри перевіряйте за посиланням,,https://mizol.ua/ua/47897-teplouzolyacuya-pe-dlya-trub-thermaflex-frz-j-6313
Теплоізоляція ПЕ для труб Thermaflex FRZ J-76/13,ізоляція,Публічна картка товару Mizol; детальні параметри перевіряйте за посиланням,,https://mizol.ua/ua/2655-teplouzolyacuya-pe-dlya-trub-thermaflex-frz-j-7613
Теплоізоляція ПЕ для труб Thermaflex FRZ J-89/13,ізоляція,Публічна картка товару Mizol; детальні параметри перевіряйте за посиланням,,https://mizol.ua/ua/2656-teplouzolyacuya-pe-dlya-trub-thermaflex-frz-j-8913
Теплоізоляція ПЕ для труб Thermasmart PRO J-89/13,ізоляція,Публічна картка товару Mizol; детальні параметри перевіряйте за посиланням,,https://mizol.ua/ua/47895-teplouzolyacuya-pe-dlya-trub-thermaflex-frz-j-8913
Теплоізоляція ПЕ для труб Thermaflex FRZ N-18/20,ізоляція,Публічна картка товару Mizol; детальні параметри перевіряйте за посиланням,,https://mizol.ua/ua/2661-teplouzolyacuya-pe-dlya-trub-thermaflex-frz-n-1820
Теплоізоляція ПЕ для труб Thermaflex FRZ N-22/20,ізоляція,Публічна картка товару Mizol; детальні параметри перевіряйте за посиланням,,https://mizol.ua/ua/2662-teplouzolyacuya-pe-dlya-trub-thermaflex-frz-n-2220
Теплоізоляція ПЕ для труб Thermaflex FRZ N-48/20,ізоляція,Публічна картка товару Mizol; детальні параметри перевіряйте за посиланням,,https://mizol.ua/ua/2666-teplouzolyacuya-pe-dlya-trub-thermaflex-frz-n-4820
Теплоізоляція ПЕ для труб Thermaflex FRZ N-60/20,ізоляція,Публічна картка товару Mizol; детальні параметри перевіряйте за посиланням,,https://mizol.ua/ua/2669-teplouzolyacuya-pe-dlya-trub-thermaflex-frz-n-6020
Теплоізоляція ПЕ для труб Thermaflex FRZ N-89/20,ізоляція,Публічна картка товару Mizol; детальні параметри перевіряйте за посиланням,,https://mizol.ua/ua/2673-teplouzolyacuya-pe-dlya-trub-thermaflex-frz-n-8920
Теплоізоляція ПЕ для труб Thermaflex FRZ P-108/25,ізоляція,Публічна картка товару Mizol; детальні параметри перевіряйте за посиланням,,https://mizol.ua/ua/2675-teplouzolyacuya-pe-dlya-trub-thermaflex-frz-p-10825
Теплоізоляція ПЕ для труб Thermaflex FRZ P-35/25,ізоляція,Публічна картка товару Mizol; детальні параметри перевіряйте за посиланням,,https://mizol.ua/ua/2680-teplouzolyacuya-pe-dlya-trub-thermaflex-frz-p-3525
Теплоізоляція ПЕ для труб Thermaflex FRZ P-42/25,ізоляція,Публічна картка товару Mizol; детальні параметри перевіряйте за посиланням,,https://mizol.ua/ua/2681-teplouzolyacuya-pe-dlya-trub-thermaflex-frz-p-4225
Теплоізоляція ПЕ для труб Thermaflex FRZ P-48/25,ізоляція,Публічна картка товару Mizol; детальні параметри перевіряйте за посиланням,,https://mizol.ua/ua/2682-teplouzolyacuya-pe-dlya-trub-thermaflex-frz-p-4825
Теплоізоляція ПЕ для труб Thermaflex FRZ P-70/25,ізоляція,Публічна картка товару Mizol; детальні параметри перевіряйте за посиланням,,https://mizol.ua/ua/2686-teplouzolyacuya-pe-dlya-trub-thermaflex-frz-p-7025
Теплоізоляція ПЕ для труб Thermaflex FRZ S-35,ізоляція,Публічна картка товару Mizol; детальні параметри перевіряйте за посиланням,,https://mizol.ua/ua/2691-teplouzolyacuya-pe-dlya-trub-thermaflex-frz-s-35
Теплоізоляція ПЕ для труб Thermaflex FRZ S-42,ізоляція,Публічна картка товару Mizol; детальні параметри перевіряйте за посиланням,,https://mizol.ua/ua/2692-teplouzolyacuya-pe-dlya-trub-thermaflex-frz-s-42
Теплоізоляція ПЕ для труб Thermaflex FRZ S-48,ізоляція,Публічна картка товару Mizol; детальні параметри перевіряйте за посиланням,,https://mizol.ua/ua/2693-teplouzolyacuya-pe-dlya-trub-thermaflex-frz-s-48
Теплоізоляція ПЕ для труб Thermaflex FRZ S-54,ізоляція,Публічна картка товару Mizol; детальні параметри перевіряйте за посиланням,,https://mizol.ua/ua/19223-teplouzolyacuya-pe-dlya-trub-thermaflex-frz-s-54
Теплоізоляція ПЕ для труб Thermaflex FRZ S-60,ізоляція,Публічна картка товару Mizol; детальні параметри перевіряйте за посиланням,,https://mizol.ua/ua/2695-teplouzolyacuya-pe-dlya-trub-thermaflex-frz-s-60
Теплоізоляція ПЕ для труб Thermaflex FRZ S-76,ізоляція,Публічна картка товару Mizol; детальні параметри перевіряйте за посиланням,,https://mizol.ua/ua/2696-teplouzolyacuya-pe-dlya-trub-thermaflex-frz-s-76
Термакліпси (100 шт),Термакліпси (100 шт),Публічна картка товару Mizol; детальні параметри перевіряйте за посиланням,,https://mizol.ua/ua/2727-termaklupsu-100-sht
Терасна насадка SitaCompact з дренажним кільцем; з решіткою з нержавіючої сталі 100 x 100 мм. Висота 65-105мм.,дренажний матеріал,Публічна картка товару Mizol; детальні параметри перевіряйте за посиланням,,https://mizol.ua/ua/201889-terrasnaya-nasadka-sitacompact-s-drenaghnym-kolycom-s-reshetkoy-uz-nerghaveyuschey-stalu-100-x-100-mm-vysota-65-105-mm
Вентиляційний ел-т Armourvent Standart чорн.,Вентиляційний ел-т Armourvent Standart чорн.,Публічна картка товару Mizol; детальні параметри перевіряйте за посиланням,,https://mizol.ua/ua/12274-tochechnyy-ventulyator-armourvent-standart-chernyy
Вентиляційний ел-т VентПоинт коричн.,Вентиляційний ел-т VентПоинт коричн.,Публічна картка товару Mizol; детальні параметри перевіряйте за посиланням,,https://mizol.ua/ua/35116-tochechnyy-ventulyator-vent-point
Трійник d110/110/67°,Трійник d110/110/67°,Публічна картка товару Mizol; детальні параметри перевіряйте за посиланням,,https://mizol.ua/ua/11580-triynuk-d11011067-
Трійник 67.5° Regenau 100 білий,Трійник 67.5° Regenau 100 білий,Публічна картка товару Mizol; детальні параметри перевіряйте за посиланням,,https://mizol.ua/ua/166076-troynuk-675--regenau-100-belyy
Трійник 67.5° Regenau 100 графіт,Трійник 67.5° Regenau 100 графіт,Публічна картка товару Mizol; детальні параметри перевіряйте за посиланням,,https://mizol.ua/ua/166077-troynuk-675--regenau-100-grafut
Трійник 67.5° Regenau 100 коричневий,Трійник 67.5° Regenau 100 коричневий,Публічна картка товару Mizol; детальні параметри перевіряйте за посиланням,,https://mizol.ua/ua/166078-troynuk-675--regenau-100-koruchnevyy
Трійник 67.5° Regenau 80 білий,Трійник 67.5° Regenau 80 білий,Публічна картка товару Mizol; детальні параметри перевіряйте за посиланням,,https://mizol.ua/ua/166073-troynuk-675--regenau-80-belyy
Трійник 67.5° Regenau 80 графіт,Трійник 67.5° Regenau 80 графіт,Публічна картка товару Mizol; детальні параметри перевіряйте за посиланням,,https://mizol.ua/ua/166074-troynuk-675--regenau-80-grafut
Трійник 67.5° Regenau 80 коричневий,Трійник 67.5° Regenau 80 коричневий,Публічна картка товару Mizol; детальні параметри перевіряйте за посиланням,,https://mizol.ua/ua/166075-troynuk-675--regenau-80-koruchnevyy
Трійник GeoDrain 100/100/100 мм,Трійник GeoDrain 100/100/100 мм,Публічна картка товару Mizol; детальні параметри перевіряйте за посиланням,,https://mizol.ua/ua/259733-troynuk-geodrain-100100100-mm
Трійник GeoDrain 160/160/160 мм,Трійник GeoDrain 160/160/160 мм,Публічна картка товару Mizol; детальні параметри перевіряйте за посиланням,,https://mizol.ua/ua/259736-troynuk-geodrain-160160160-mm
Трійник ПВХ зовнішньої каналізації Magnaplast Ø160x110/45°,Трійник ПВХ зовнішньої каналізації Magnaplast Ø160x110/45°,Публічна картка товару Mizol; детальні параметри перевіряйте за посиланням,,https://mizol.ua/ua/253535-troynuk-pvh-narughnoy-kanaluzacuu-magnaplast-%C3%B8160x11045-
Трійник ПП внутрішньої каналізації Magnaplast HT Plus 110/50/45°,Трійник ПП внутрішньої каналізації Magnaplast HT Plus 110/50/45°,Публічна картка товару Mizol; детальні параметри перевіряйте за посиланням,,https://mizol.ua/ua/261307-troynuk-pp-vnutrenney-kanaluzacuu-magnaplast-ht-plus-1105045-
Труба d110 x 3;2 x 500 SN8,труба,Публічна картка товару Mizol; детальні параметри перевіряйте за посиланням,,https://mizol.ua/ua/12148-truba-d110-x-32-x-500-sn8
Труба водостічна 3м Regenau 100 графіт,водостічна система,Публічна картка товару Mizol; детальні параметри перевіряйте за посиланням,,https://mizol.ua/ua/166047-truba-vodostochnaya-3m-regenau-100-grafut
Труба водостічна 3м Regenau 100 коричневий,водостічна система,Публічна картка товару Mizol; детальні параметри перевіряйте за посиланням,,https://mizol.ua/ua/166048-truba-vodostochnaya-3m-regenau-100-koruchnevaya
Труба водостічна 3м Regenau 80 білий,водостічна система,Публічна картка товару Mizol; детальні параметри перевіряйте за посиланням,,https://mizol.ua/ua/166043-truba-vodostochnaya-3m-regenau-80-belaya
Труба водостічна 3м Regenau 80 коричневий,водостічна система,Публічна картка товару Mizol; детальні параметри перевіряйте за посиланням,,https://mizol.ua/ua/166045-truba-vodostochnaya-3m-regenau-80-koruchnevaya
Кутовий з'єднувальний елемент HAURATON TOP Х (137 х 125 х 137); РР-РЕ (чорний); з решіткою PP-copo,Кутовий з'єднувальний елемент HAURATON TOP Х (137 х 125 х 137); РР-РЕ (чорний); з решіткою PP-copo,Публічна картка товару Mizol; детальні параметри перевіряйте за посиланням,,https://mizol.ua/ua/28246-uglovoy-soedunutelynyy-element-hauraton-top-h-137-h-125-h-137-rr-re-chernyy-s-reshetkoy-pp-copo
Кут універсальний KERRAFRONT FS-222 Claystone 3 м,Кут універсальний KERRAFRONT FS-222 Claystone 3 м,Публічна картка товару Mizol; детальні параметри перевіряйте за посиланням,,https://mizol.ua/ua/78365-ugol-unuversalynyy-kerrafront-fs-222-claystone-3-m
Кут універсальний KERRAFRONT FS-222 White 3 м,Кут універсальний KERRAFRONT FS-222 White 3 м,Публічна картка товару Mizol; детальні параметри перевіряйте за посиланням,,https://mizol.ua/ua/46273-ugol-unuversalynyy-kerrafront-fs-222-white-3-m
Вузол нижнього підключення прямий; 000M856A001,Вузол нижнього підключення прямий; 000M856A001,Публічна картка товару Mizol; детальні параметри перевіряйте за посиланням,,https://mizol.ua/ua/102319-uzel-nughnego-podklyuchenuya-pryamoy-000m856a001
Вузол нижнього підключення кутовий; 000M855A001,Вузол нижнього підключення кутовий; 000M855A001,Публічна картка товару Mizol; детальні параметри перевіряйте за посиланням,,https://mizol.ua/ua/102320-uzel-nughnego-podklyuchenuya-uglovoy-000m855a001
Універсальна парапетна-покрівельна аварійна воронка з поліуретану SitaEasy Plus з ПВХ фартухом (діаметр 110 мм) висота 105 мм.,Універсальна парапетна-покрівельна аварійна воронка з поліуретану SitaEasy Plus з ПВХ фартухом (діаметр 110 мм) висота 105 мм.,Публічна картка товару Mizol; детальні параметри перевіряйте за посиланням,,https://mizol.ua/ua/125003-unuversalynaya-parapetnaya-krovelynaya-avaruynaya-voronka-uz-poluuretana-sitaeasy-plus-s-pvh-fartukom-duametr-110-mm-vysota-105-mm
Універсальне кріплення SOPRASOLAR FIX EVO,Універсальне кріплення SOPRASOLAR FIX EVO,Публічна картка товару Mizol; детальні параметри перевіряйте за посиланням,,https://mizol.ua/ua/147872-unuversalynoe-kreplenue-soprasolar-fix-evo%09
Ущільнювач поролоновий 60х1000мм антрацит,Ущільнювач поролоновий 60х1000мм антрацит,Публічна картка товару Mizol; детальні параметри перевіряйте за посиланням,,https://mizol.ua/ua/1603-uplotnutely-krovelynyy-60h1000mm-antracut
Ущільнювач поліуритановий 60х1000мм антрацит ES,Ущільнювач поліуритановий 60х1000мм антрацит ES,Публічна картка товару Mizol; детальні параметри перевіряйте за посиланням,,https://mizol.ua/ua/245682-uplotnutely-poluurutanovyy-60h1000-mm-antracut-es
Посилена паропроникна мембрана Tyvek Pro (1;5х50м),мембрана,Публічна картка товару Mizol; детальні параметри перевіряйте за посиланням,,https://mizol.ua/ua/260802-usulennaya-paropronucaemaya-membrana-tyvek-pro-15h50m
Утеплювач ISOVER Akuplat+ 100 мм (7;2 кв.м/уп. 20 уп/пал),теплоізоляція,Публічна картка товару Mizol; детальні параметри перевіряйте за посиланням,,https://mizol.ua/ua/154003-uteplutely-isover-akuplat-100-mm-72-kvmup-20-uppal
Утеплювач ISOVER Akuplat+ 50 мм (14.4 кв.м/уп. 20 уп/пал),теплоізоляція,Публічна картка товару Mizol; детальні параметри перевіряйте за посиланням,,https://mizol.ua/ua/154004-uteplutely-isover-akuplat-50-mm-144-kvmup-20-uppal
Утеплювач Rockwool Frontrock Super 100 мм,теплоізоляція,Публічна картка товару Mizol; детальні параметри перевіряйте за посиланням,,https://mizol.ua/ua/76086-uteplutely-rockwool-frontrock-max-e-100-mm
Утеплювач Rockwool Frontrock Super 150 мм,теплоізоляція,Публічна картка товару Mizol; детальні параметри перевіряйте за посиланням,,https://mizol.ua/ua/77664-uteplutely-rockwool-frontrock-max-e-150-mm
Флюгарка ПВХ Flagon діаметром 75 мм; висотою 240 мм (без ковпачка),Флюгарка ПВХ Flagon діаметром 75 мм; висотою 240 мм (без ковпачка),Публічна картка товару Mizol; детальні параметри перевіряйте за посиланням,,https://mizol.ua/ua/45159-flyugarka-pvh-flagon-duametrom-75-mm-vysotoyu-240-mm-bez-kolpachka
Флюгарка ПВХ Flagon діаметром 75 мм; висотою 400 мм (без ковпачка),Флюгарка ПВХ Flagon діаметром 75 мм; висотою 400 мм (без ковпачка),Публічна картка товару Mizol; детальні параметри перевіряйте за посиланням,,https://mizol.ua/ua/45160-flyugarka-pvh-flagon-duametrom-75-mm-vysotoyu-400-mm--bez-kolpachka
Цементно-стружкова плита ArmoPlit 1250х1200х10мм,Цементно-стружкова плита ArmoPlit 1250х1200х10мм,Публічна картка товару Mizol; детальні параметри перевіряйте за посиланням,,https://mizol.ua/ua/175241-cementno-strughechnaya-pluta-armoplit-1250h1200h10mm
Цементно-стружкова плита ArmoPlit 3100х1250х10мм,Цементно-стружкова плита ArmoPlit 3100х1250х10мм,Публічна картка товару Mizol; детальні параметри перевіряйте за посиланням,,https://mizol.ua/ua/179282-cementno-strughechnaya-pluta-armoplit-3100h1250h10mm
Цементно-стружкова плита ArmoPlit 3100х1250х20мм,Цементно-стружкова плита ArmoPlit 3100х1250х20мм,Публічна картка товару Mizol; детальні параметри перевіряйте за посиланням,,https://mizol.ua/ua/179285-cementno-strughechnaya-pluta-armoplit-3100h1250h20mm
Цементно-стружкова плита ArmoPlit 3200х1250х10мм,Цементно-стружкова плита ArmoPlit 3200х1250х10мм,Публічна картка товару Mizol; детальні параметри перевіряйте за посиланням,,https://mizol.ua/ua/165490-cementno-strughechnaya-pluta-armoplit-3200h1250h10mm
Цементно-стружкова плита ArmoPlit 3200х1250х12мм,Цементно-стружкова плита ArmoPlit 3200х1250х12мм,Публічна картка товару Mizol; детальні параметри перевіряйте за посиланням,,https://mizol.ua/ua/173643-cementno-strughechnaya-pluta-armoplit-3200h1250h12mm
Цементно-стружкова плита ArmoPlit 3200х1250х16мм,Цементно-стружкова плита ArmoPlit 3200х1250х16мм,Публічна картка товару Mizol; детальні параметри перевіряйте за посиланням,,https://mizol.ua/ua/174576-cementno-strughechnaya-pluta-armoplit-3200h1250h16mm
Цементно-стружкова плита ArmoPlit 3100х1250х12мм,Цементно-стружкова плита ArmoPlit 3100х1250х12мм,Публічна картка товару Mizol; детальні параметри перевіряйте за посиланням,,https://mizol.ua/ua/179283-cementno-strughkova-pluta-armoplit-3100h1250h12mm
Цементно-стружкова плита ArmoPlit 3100х1250х16мм,Цементно-стружкова плита ArmoPlit 3100х1250х16мм,Публічна картка товару Mizol; детальні параметри перевіряйте за посиланням,,https://mizol.ua/ua/179284-cementno-strughkova-pluta-armoplit-3100h1250h16mm
Цементно-стружкова плита ArmoPlit 3200х1250х20мм,Цементно-стружкова плита ArmoPlit 3200х1250х20мм,Публічна картка товару Mizol; детальні параметри перевіряйте за посиланням,,https://mizol.ua/ua/170284-cementno-strughkova-pluta-armoplit-3200h1250h20mm
Циліндричний комір до труби ПВХ Flagon діаметром 100 мм,Циліндричний комір до труби ПВХ Flagon діаметром 100 мм,Публічна картка товару Mizol; детальні параметри перевіряйте за посиланням,,https://mizol.ua/ua/45238-culundrucheskuy-fartuh-dlya-trub-pvh-flagon-duametrom-100-mm
Сходи на горище Oman Alu Profi Extra (120x70) H280,Сходи на горище Oman Alu Profi Extra (120x70) H280,Публічна картка товару Mizol; детальні параметри перевіряйте за посиланням,,https://mizol.ua/ua/45768-cherdachnaya-lestnuca-oman-alu-profi-extra-120x70-h280
Сходи на горище Oman Flex Polar (120x60) H290,Сходи на горище Oman Flex Polar (120x60) H290,Публічна картка товару Mizol; детальні параметри перевіряйте за посиланням,,https://mizol.ua/ua/56757-cherdachnaya-lestnuca-oman-flex-polar-120x60-h290
Сходи на горище Oman Flex Termo (120x70) H290,Сходи на горище Oman Flex Termo (120x70) H290,Публічна картка товару Mizol; детальні параметри перевіряйте за посиланням,,https://mizol.ua/ua/45772-cherdachnaya-lestnuca-oman-flex-termo-120x70-h290
Сходи на горище Oman Flex Termo (80x70) H290,Сходи на горище Oman Flex Termo (80x70) H290,Публічна картка товару Mizol; детальні параметри перевіряйте за посиланням,,https://mizol.ua/ua/45896-cherdachnaya-lestnuca-oman-flex-termo-80x70-h290
Сходи на горище Oman Long Flex Termo (120x70) H310,Сходи на горище Oman Long Flex Termo (120x70) H310,Публічна картка товару Mizol; детальні параметри перевіряйте за посиланням,,https://mizol.ua/ua/48095-cherdachnaya-lestnuca-oman-long-flex-termo-120x70-h310
Сходи на горище Oman Mini Polar (90x70) H265,Сходи на горище Oman Mini Polar (90x70) H265,Публічна картка товару Mizol; детальні параметри перевіряйте за посиланням,,https://mizol.ua/ua/48036-cherdachnaya-lestnuca-oman-mini-polar-90x70-h265
Сходи на горище Oman Mini Termo (100x70) H265,Сходи на горище Oman Mini Termo (100x70) H265,Публічна картка товару Mizol; детальні параметри перевіряйте за посиланням,,https://mizol.ua/ua/45897-cherdachnaya-lestnuca-oman-mini-termo-100x70-h265
Сходи на горище Oman Mini Termo (80x60) H265,Сходи на горище Oman Mini Termo (80x60) H265,Публічна картка товару Mizol; детальні параметри перевіряйте за посиланням,,https://mizol.ua/ua/45770-cherdachnaya-lestnuca-oman-mini-termo-80x60-h265
Сходи на горище Oman Mini Termo (80x70) H265,Сходи на горище Oman Mini Termo (80x70) H265,Публічна картка товару Mizol; детальні параметри перевіряйте за посиланням,,https://mizol.ua/ua/45771-cherdachnaya-lestnuca-oman-mini-termo-80x70-h265
Сходи на горище Oman Mini Termo (90x60) H265,Сходи на горище Oman Mini Termo (90x60) H265,Публічна картка товару Mizol; детальні параметри перевіряйте за посиланням,,https://mizol.ua/ua/47962-cherdachnaya-lestnuca-oman-mini-termo-90x60-h265
Сходи на горище Oman Mini Termo (90x70) H265,Сходи на горище Oman Mini Termo (90x70) H265,Публічна картка товару Mizol; детальні параметри перевіряйте за посиланням,,https://mizol.ua/ua/46718-cherdachnaya-lestnuca-oman-mini-termo-90x70-h265
Сходи на горище Oman Polar (120x60) H280,Сходи на горище Oman Polar (120x60) H280,Публічна картка товару Mizol; детальні параметри перевіряйте за посиланням,,https://mizol.ua/ua/86849-cherdachnaya-lestnuca-oman-polar-120x60-h280
Сxоди на горище Oman Polar (120x70) H280,Сxоди на горище Oman Polar (120x70) H280,Публічна картка товару Mizol; детальні параметри перевіряйте за посиланням,,https://mizol.ua/ua/86848-cherdachnaya-lestnuca-oman-polar-120x70-h280
Сходи на горище Oman Polar Plus (120x70),Сходи на горище Oman Polar Plus (120x70),Публічна картка товару Mizol; детальні параметри перевіряйте за посиланням,,https://mizol.ua/ua/59229-cherdachnaya-lestnuca-oman-polar-plus-120x70
Сxоди на горище Oman Prima (120x60) H280,Сxоди на горище Oman Prima (120x60) H280,Публічна картка товару Mizol; детальні параметри перевіряйте за посиланням,,https://mizol.ua/ua/86841-cherdachnaya-lestnuca-oman-prima-120x60-h280
Сxоди на горище Oman Prima (120x70) H280,Сxоди на горище Oman Prima (120x70) H280,Публічна картка товару Mizol; детальні параметри перевіряйте за посиланням,,https://mizol.ua/ua/86842-cherdachnaya-lestnuca-oman-prima-120x70-h280
Сходи на горище Oman Solid Termo (120x70) H280,Сходи на горище Oman Solid Termo (120x70) H280,Публічна картка товару Mizol; детальні параметри перевіряйте за посиланням,,https://mizol.ua/ua/45769-cherdachnaya-lestnuca-oman-solid-termo-120x70-h280
Сходи на горище Oman Stallux Termo (110x70) H280,Сходи на горище Oman Stallux Termo (110x70) H280,Публічна картка товару Mizol; детальні параметри перевіряйте за посиланням,,https://mizol.ua/ua/45773-cherdachnaya-lestnuca-oman-stallux-termo-110x70-h280
Сходи на горище Oman Stallux Termo (120x60) H280,Сходи на горище Oman Stallux Termo (120x60) H280,Публічна картка товару Mizol; детальні параметри перевіряйте за посиланням,,https://mizol.ua/ua/45774-cherdachnaya-lestnuca-oman-stallux-termo-120x60-h280
Сходи на горище Oman Stallux Termo (120x70) H280,Сходи на горище Oman Stallux Termo (120x70) H280,Публічна картка товару Mizol; детальні параметри перевіряйте за посиланням,,https://mizol.ua/ua/45775-cherdachnaya-lestnuca-oman-stallux-termo-120x70-h280
Сходи на горище Oman Termo PS (120x60) H280,Сходи на горище Oman Termo PS (120x60) H280,Публічна картка товару Mizol; детальні параметри перевіряйте за посиланням,,https://mizol.ua/ua/45779-cherdachnaya-lestnuca-oman-termo-ps-120x60-h280
Сходи на горище Oman Termo PS (120x70) H280,Сходи на горище Oman Termo PS (120x70) H280,Публічна картка товару Mizol; детальні параметри перевіряйте за посиланням,,https://mizol.ua/ua/12182-cherdachnaya-lestnuca-oman-termo-ps-120x70-h280
Горищні сходи Termo PS (110x60) з поручнем,Горищні сходи Termo PS (110x60) з поручнем,Публічна картка товару Mizol; детальні параметри перевіряйте за посиланням,,https://mizol.ua/ua/47991-cherdachnaya-lestnuca-termo-ps-110x60-s-poruchnem
Шахта озеленення SitaGreen,Шахта озеленення SitaGreen,Публічна картка товару Mizol; детальні параметри перевіряйте за посиланням,,https://mizol.ua/ua/114845-shahta-ozelenenuya-sitagreen
Шест до сходів Оман,Шест до сходів Оман,Публічна картка товару Mizol; детальні параметри перевіряйте за посиланням,,https://mizol.ua/ua/22264-shest-k-lestnuce-oman
Шипоподібна геомембрана Cottage (1;5х20 м),геомембрана,Публічна картка товару Mizol; детальні параметри перевіряйте за посиланням,,https://mizol.ua/ua/67525-shupovudnaya-geomembrana--cottage-15h20-m
Шипоподібна геомембрана Cottage (1х20 м),геомембрана,Публічна картка товару Mizol; детальні параметри перевіряйте за посиланням,,https://mizol.ua/ua/67514-shupovudnaya-geomembrana--cottage-1h20-m
Шипоподібна геомембрана Cottage (2х20 м),геомембрана,Публічна картка товару Mizol; детальні параметри перевіряйте за посиланням,,https://mizol.ua/ua/67513-shupovudnaya-geomembrana--cottage-2h20-m
Шипоподібна геомембрана Profi 0;5 (2х20 м),геомембрана,Публічна картка товару Mizol; детальні параметри перевіряйте за посиланням,,https://mizol.ua/ua/65496-shupovudnaya-geomembrana--profi-05-2h20-m
Шипоподібна геомембрана Profi 0;6 (2х20 м),геомембрана,Публічна картка товару Mizol; детальні параметри перевіряйте за посиланням,,https://mizol.ua/ua/27471-shupovudnaya-geomembrana--profi-06-2h20-m
Шиповидна мембрана Drainfol 400 (2x20 м),геомембрана,Публічна картка товару Mizol; детальні параметри перевіряйте за посиланням,,https://mizol.ua/ua/37377-shupovudnaya-membrana-drainfol-400-2x20-m
Шиповидна геомембрана Ізоліт Profi Geo 10 (2х12.5м),геомембрана,Публічна картка товару Mizol; детальні параметри перевіряйте за посиланням,,https://mizol.ua/ua/29599-shupovudnaya-membrana-izolut-profi-geo-10-2h125m
Шнур для розподілу навантаження ПВХ Flagfoil 200 м,Шнур для розподілу навантаження ПВХ Flagfoil 200 м,Публічна картка товару Mizol; детальні параметри перевіряйте за посиланням,,https://mizol.ua/ua/45740-shnur-dlya-raspredelenuya-nagruzku-pvh-flagfoil-200-m
Якірні кріплення GrondMeester гума; діам. 5 см; 388 шт/пак.,Якірні кріплення GrondMeester гума; діам. 5 см; 388 шт/пак.,Публічна картка товару Mizol; детальні параметри перевіряйте за посиланням,,https://mizol.ua/ua/45021-yakornye-kreplenuya-grondmeester-rezuna-duam-5-sm-388-shtup
Якірні кріплення GrondMeester гума; діам. 8 см; 275 шт/пак.; 0;5 кг,Якірні кріплення GrondMeester гума; діам. 8 см; 275 шт/пак.; 0;5 кг,Публічна картка товару Mizol; детальні параметри перевіряйте за посиланням,,https://mizol.ua/ua/45492-yakornye-kreplenuya-grondmeester-rezuna-duam-8-sm-275-shtup-05-kg-
Автокомплекс BMW,Автокомплекс BMW,Публічна картка товару Mizol; детальні параметри перевіряйте за посиланням,,https://mizol.ua/ua/avtokompleks-bmw
Бізнес-центр ECO Tower,Бізнес-центр ECO Tower,Публічна картка товару Mizol; детальні параметри перевіряйте за посиланням,,https://mizol.ua/ua/buznes-centr-eco-tower
Бізнес-центр Silver Breeze,Бізнес-центр Silver Breeze,Публічна картка товару Mizol; детальні параметри перевіряйте за посиланням,,https://mizol.ua/ua/buznes-centr-silver-breeze
Погляд європейців на культуру будівництва дахів в Україні. Спостереження і висновки,Погляд європейців на культуру будівництва дахів в Україні. Спостереження і висновки,Публічна картка товару Mizol; детальні параметри перевіряйте за посиланням,,https://mizol.ua/ua/vzglyad-evropeycev-na-kulyturu-stroutelystva-krysh-v-ukraune-nablyudenuya-u-vyvody
Відеоінструкція по монтажу водостічних систем PROFIL,водостічна система,Публічна картка товару Mizol; детальні параметри перевіряйте за посиланням,,https://mizol.ua/ua/videoinstrukciya-po-montaghu-vodostochnyh-sistem-profil
Відеоінструкції з монтажу утеплювача ROCKWOOL ДЛЯ СТІН,теплоізоляція,Публічна картка товару Mizol; детальні параметри перевіряйте за посиланням,,https://mizol.ua/ua/videoinstrukciya-po-montaghu-uteplitelya-rockwool-dlya-sten
Відеоінструкції з монтажу утеплювача ROCKWOOL ДЛЯ ТРУБ,теплоізоляція,Публічна картка товару Mizol; детальні параметри перевіряйте за посиланням,,https://mizol.ua/ua/videoinstrukciya-po-montaghu-uteplitelya-rockwool-dlya-trub
Вінницька міська клінічна лікарня №2,Вінницька міська клінічна лікарня №2,Публічна картка товару Mizol; детальні параметри перевіряйте за посиланням,,https://mizol.ua/ua/vunnuckaya-gorodskaya-klunucheskaya-bolynuca-%E2%84%962
Гідроізоляція підземної частини споруди,гідроізоляція,Публічна картка товару Mizol; детальні параметри перевіряйте за посиланням,,https://mizol.ua/ua/gudrouzolyacuya-podzemnoy-chastu-soorughenuya
Гідроізоляція фундаменту. СПОСОБИ І МАТЕРІАЛИ ГІДРОІЗОЛЯЦІЇ.,гідроізоляція,Публічна картка товару Mizol; детальні параметри перевіряйте за посиланням,,https://mizol.ua/ua/gidroizolyaciya-fundamenta-sposoby-i-materialy-gidroizolyacii-
Гіпермаркет &quot;Ашан&quot;,Гіпермаркет &quot;Ашан&quot;,Публічна картка товару Mizol; детальні параметри перевіряйте за посиланням,,https://mizol.ua/ua/gupermarket-%E2%80%9Cashan%E2%80%9D
Горло ринви 130; чи правильно я розумію: він мав би підійти для прийому води з плоских покрівель?,Горло ринви 130; чи правильно я розумію: він мав би підійти для прийому води з плоских покрівель?,Публічна картка товару Mizol; детальні параметри перевіряйте за посиланням,,https://mizol.ua/ua/gorlo-zheloba-130-pravilno-li-ya-ponimayu-dolzhen-podojti-dlya-priema-vody-iz-ploskih-krovel
Дитячий садок,Дитячий садок,Публічна картка товару Mizol; детальні параметри перевіряйте за посиланням,,https://mizol.ua/ua/detskuy-sad-
Євробар'єр ™ 100% ЗАХИСТ ВІД ВОДИ,Євробар'єр ™ 100% ЗАХИСТ ВІД ВОДИ,Публічна картка товару Mizol; детальні параметри перевіряйте за посиланням,,https://mizol.ua/ua/evrobaryer%E2%84%A2-100-zaschita-ot-vody
Ринва PROFiL 130 коричнева 3м,Ринва PROFiL 130 коричнева 3м,Публічна картка товару Mizol; детальні параметри перевіряйте за посиланням,,https://mizol.ua/ua/1241-ghelob-130-koruchnevyy-3-m
Ринва 3м Regenau 125 коричнева,Ринва 3м Regenau 125 коричнева,Публічна картка товару Mizol; детальні параметри перевіряйте за посиланням,,https://mizol.ua/ua/118985-ghelob-3m-regenau-125-koruchnevyy
Житловий Комплекс Sunny Village,Житловий Комплекс Sunny Village,Публічна картка товару Mizol; детальні параметри перевіряйте за посиланням,,https://mizol.ua/ua/ghk-sunny-village
Житловий Комплекс Taryan Towers,Житловий Комплекс Taryan Towers,Публічна картка товару Mizol; детальні параметри перевіряйте за посиланням,,https://mizol.ua/ua/ghk-taryan-towers
Житловий Комплекс «Атол»,Житловий Комплекс «Атол»,Публічна картка товару Mizol; детальні параметри перевіряйте за посиланням,,https://mizol.ua/ua/ghk-atol-
ЖК «Новопечерські ЛИПКИ»,ЖК «Новопечерські ЛИПКИ»,Публічна картка товару Mizol; детальні параметри перевіряйте за посиланням,,https://mizol.ua/ua/ghk-novopecherskie-lipki-
Завод «Єврокар»,Завод «Єврокар»,Публічна картка товару Mizol; детальні параметри перевіряйте за посиланням,,https://mizol.ua/ua/zavod-evrokar-
Завод «Монсанто»,Завод «Монсанто»,Публічна картка товару Mizol; детальні параметри перевіряйте за посиланням,,https://mizol.ua/ua/zavod-monsanto-
Звукоізоляція міжповерхових перекриттів. Пол по лагам 1,ізоляція,Публічна картка товару Mizol; детальні параметри перевіряйте за посиланням,,https://mizol.ua/ua/zvukouzolyacuya-meghetaghnyh-perekrytuy-pol-po-lagam-1
Звукоізоляція міжповерхових перекриттів. Пол по лагам 2,ізоляція,Публічна картка товару Mizol; детальні параметри перевіряйте за посиланням,,https://mizol.ua/ua/zvukouzolyacuya-meghetaghnyh-perekrytuy-pol-po-lagam-2
Інверсійної покрівлі У ПРИВАТНОМУ БУДІВНИЦТВІ,Інверсійної покрівлі У ПРИВАТНОМУ БУДІВНИЦТВІ,Публічна картка товару Mizol; детальні параметри перевіряйте за посиланням,,https://mizol.ua/ua/inversionnaya-krovlya-v-chastnom-stroitelystve
ЯК ВИБРАТИ БУДІВЕЛЬНІ МАТЕРІАЛИ?,ЯК ВИБРАТИ БУДІВЕЛЬНІ МАТЕРІАЛИ?,Публічна картка товару Mizol; детальні параметри перевіряйте за посиланням,,https://mizol.ua/ua/kak-vybraty-stroitelynye-materialy
ЯК ВИБРАТИ ТЕПЛОІЗОЛЯЦІЮ ПІД САЙДИНГ?,сайдинг,Публічна картка товару Mizol; детальні параметри перевіряйте за посиланням,,https://mizol.ua/ua/kak-vybraty-teploizolyaciyu-pod-sayding
ЯК обшити будинок сайдингом?,сайдинг,Публічна картка товару Mizol; детальні параметри перевіряйте за посиланням,,https://mizol.ua/ua/kak-obshity-dom-saydingom
ЯК ПРАВИЛЬНО РОЗРАХУВАТИ ВОДОСТІЧНУ СИСТЕМУ?,водостічна система,Публічна картка товару Mizol; детальні параметри перевіряйте за посиланням,,https://mizol.ua/ua/kak-pravilyno-rasschitaty-vodostochnuyu-sistemu
ЯК Забрати вогкості З підвалу?,ЯК Забрати вогкості З підвалу?,Публічна картка товару Mizol; детальні параметри перевіряйте за посиланням,,https://mizol.ua/ua/kak-ubraty-syrosty-iz-podvala
Як доглядати за водостоком,водостічна система,Публічна картка товару Mizol; детальні параметри перевіряйте за посиланням,,https://mizol.ua/ua/kak-uhaghivaty-za-vodostokom
Як часто потрібно проводити ревізію і очищення водостічної системи?,водостічна система,Публічна картка товару Mizol; детальні параметри перевіряйте за посиланням,,https://mizol.ua/ua/kak-chasto-nughno-provoduty-revuzuyu-u-ochustku-vodostochnoy-sustemy
Клубний будинок «Крит»,Клубний будинок «Крит»,Публічна картка товару Mizol; детальні параметри перевіряйте за посиланням,,https://mizol.ua/ua/klubnyy-dom-krut-
КОМПЛЕКСНИЙ ВОДОВІДВЕДЕННЯ - ТАК ЦЕ СКЛАДНО?,КОМПЛЕКСНИЙ ВОДОВІДВЕДЕННЯ - ТАК ЦЕ СКЛАДНО?,Публічна картка товару Mizol; детальні параметри перевіряйте за посиланням,,https://mizol.ua/ua/kompleksnyy-vodootvod-%E2%80%93-tak-li-eto-sloghno
КОМПЛЕКСНИЙ ВОДОВІДВЕДЕННЯ. СИСТЕМНИЙ ПІДХІД,КОМПЛЕКСНИЙ ВОДОВІДВЕДЕННЯ. СИСТЕМНИЙ ПІДХІД,Публічна картка товару Mizol; детальні параметри перевіряйте за посиланням,,https://mizol.ua/ua/kompleksnyy-vodootvod-sistemnyy-podhod
Коростенський завод МДФ,Коростенський завод МДФ,Публічна картка товару Mizol; детальні параметри перевіряйте за посиланням,,https://mizol.ua/ua/korostenskuy-zavod-mdf
Котеджне містечко Montana Village,Котеджне містечко Montana Village,Публічна картка товару Mizol; детальні параметри перевіряйте за посиланням,,https://mizol.ua/ua/kottedghnyy-gorodok-montana-village
Купольний ДІМ-КОТЕДЖ,Купольний ДІМ-КОТЕДЖ,Публічна картка товару Mizol; детальні параметри перевіряйте за посиланням,,https://mizol.ua/ua/kupolynyy-dom-kottedgh
Мембрани або плівки: хто кого?,мембрана,Публічна картка товару Mizol; детальні параметри перевіряйте за посиланням,,https://mizol.ua/ua/membrany-ulu-plenku%3A-kto-kogo-
Меморіал пам'яті жертвам Голодомору в Україні,Меморіал пам'яті жертвам Голодомору в Україні,Публічна картка товару Mizol; детальні параметри перевіряйте за посиланням,,https://mizol.ua/ua/memorual-pamyatu-ghertvam-golodomora-v-ukraune
Багатофункціональний комплекс «Менора»,Багатофункціональний комплекс «Менора»,Публічна картка товару Mizol; детальні параметри перевіряйте за посиланням,,https://mizol.ua/ua/mnogofunkcuonalynyy-kompleks-menora-
Чи можна починати кріпити сайдинг без стартової?,сайдинг,Публічна картка товару Mizol; детальні параметри перевіряйте за посиланням,,https://mizol.ua/ua/moghno-lu-nachaty-kreputy-saydung-bez-startovoy
Чи можна укладати супердифузійну мембрану безпосередньо на руберойд?,мембрана,Публічна картка товару Mizol; детальні параметри перевіряйте за посиланням,,https://mizol.ua/ua/moghno-lu-ukladyvaty-superduffuzuonnuyu-membranu-neposredstvenno-na-ruberoud
Монтаж ПВХ-мембрани FLAGON,мембрана,Публічна картка товару Mizol; детальні параметри перевіряйте за посиланням,,https://mizol.ua/ua/montagh-pvh-membrany-flagon
Зовнішня стіна поелементної збірки із стальних листів,Зовнішня стіна поелементної збірки із стальних листів,Публічна картка товару Mizol; детальні параметри перевіряйте за посиланням,,https://mizol.ua/ua/narughnaya-stena-poelementnoy-sborku-uz-stalynyh-profulurovannyh-lustov
Національний пам'ятник «Андріївська церква»,Національний пам'ятник «Андріївська церква»,Публічна картка товару Mizol; детальні параметри перевіряйте за посиланням,,https://mizol.ua/ua/nacuonalynyy-pamyatnuk-andreevskaya-cerkovy-
Недорогої і якісної ЗВЕДЕННЯ ВЛАСНОГО ЖИТЛА,Недорогої і якісної ЗВЕДЕННЯ ВЛАСНОГО ЖИТЛА,Публічна картка товару Mizol; детальні параметри перевіряйте за посиланням,,https://mizol.ua/ua/nedorogoe-i-kachestvennoe-vozvedenie-sobstvennogo-ghilyya
НОВА КОЛЕКЦІЯ САМОГО ПОПУЛЯРНОГО СОФІТУ НА РИНКУ ASKO NEO!,НОВА КОЛЕКЦІЯ САМОГО ПОПУЛЯРНОГО СОФІТУ НА РИНКУ ASKO NEO!,Публічна картка товару Mizol; детальні параметри перевіряйте за посиланням,,https://mizol.ua/ua/novaya-kollekciya-samogo-populyarnogo-sofita-na-rynke-asko-neo
НОВИНКА В АСОРТИМЕНТІ водостічних систем PROFIL!,водостічна система,Публічна картка товару Mizol; детальні параметри перевіряйте за посиланням,,https://mizol.ua/ua/novinka-v-assortimente-vodostochnyh-sistem-profil
НСК «Олімпійський»,НСК «Олімпійський»,Публічна картка товару Mizol; детальні параметри перевіряйте за посиланням,,https://mizol.ua/ua/nsk-olumpuyskuy-
Офісно-торгово-розважальний комплекс KOMOD,Офісно-торгово-розважальний комплекс KOMOD,Публічна картка товару Mizol; детальні параметри перевіряйте за посиланням,,https://mizol.ua/ua/ofusno-torgovo-razvlekatelynyy-kompleks-komod
Парковка міжнародного аеропорту «БОРИСПІЛЬ»,Парковка міжнародного аеропорту «БОРИСПІЛЬ»,Публічна картка товару Mizol; детальні параметри перевіряйте за посиланням,,https://mizol.ua/ua/parkovka-meghdunarodnogo-aeroporta-borispoly-
ПЛОСКІ ПОКРІВЛІ: СУЧАСНІ СТАНДАРТИ РЕКОНСТРУКЦІЇ,ПЛОСКІ ПОКРІВЛІ: СУЧАСНІ СТАНДАРТИ РЕКОНСТРУКЦІЇ,Публічна картка товару Mizol; детальні параметри перевіряйте за посиланням,,https://mizol.ua/ua/ploskie-krovli%3A-sovremennye-standarty-rekonstrukcii
Підпокрівельні плівки - ДАНИНА МОДІ ЧИ ПРАВИЛА БУДІВНИЦТВА?,покрівельна плівка,Публічна картка товару Mizol; детальні параметри перевіряйте за посиланням,,https://mizol.ua/ua/podkrovelynye-plenki-%E2%80%93-dany-mode-ili-pravila-stroitelystva
ПОЛІМЕРНА СЕТКА У ПРИВАТНОМУ БУДИНКУ: ВІД СТАТІ ДО ГОРОДУ,ПОЛІМЕРНА СЕТКА У ПРИВАТНОМУ БУДИНКУ: ВІД СТАТІ ДО ГОРОДУ,Публічна картка товару Mizol; детальні параметри перевіряйте за посиланням,,https://mizol.ua/ua/polimernaya-setka-v-chastnom-dome%3A-ot-pola-do-ogoroda
Примикання до вертикальних конструкцій покрівлі,Примикання до вертикальних конструкцій покрівлі,Публічна картка товару Mizol; детальні параметри перевіряйте за посиланням,,https://mizol.ua/ua/prumykanue-k-vertukalynym-konstrukcuyam-krovlu
Птахофабрика ПАТ «Миронівка Хлібопродукт»,Птахофабрика ПАТ «Миронівка Хлібопродукт»,Публічна картка товару Mizol; детальні параметри перевіряйте за посиланням,,https://mizol.ua/ua/ptucefabruka-pat-muronovkuy-hleboprodukt-
Розбиратися МАТЕРІАЛИ ДЛЯ ДАХУ ПІД МІКРОСКОПОМ. ЧАСТИНА 1,Розбиратися МАТЕРІАЛИ ДЛЯ ДАХУ ПІД МІКРОСКОПОМ. ЧАСТИНА 1,Публічна картка товару Mizol; детальні параметри перевіряйте за посиланням,,https://mizol.ua/ua/razbiraem-materialy-dlya-kryshi-pod-mikroskopom-chasty-1
РОЗБИРАЄМО МАТЕРІАЛИ ДЛЯ ДАХУ ПІД МІКРОСКОПОМ. ЧАСТИНА 2,РОЗБИРАЄМО МАТЕРІАЛИ ДЛЯ ДАХУ ПІД МІКРОСКОПОМ. ЧАСТИНА 2,Публічна картка товару Mizol; детальні параметри перевіряйте за посиланням,,https://mizol.ua/ua/razbiraem-materialy-dlya-kryshi-pod-mikroskopom-chasty-2
РЕКОМЕНДАЦІЇ ЩОДО МОНТАЖУ підпокрівельних плівок І МЕМБРАН,мембрана,Публічна картка товару Mizol; детальні параметри перевіряйте за посиланням,,https://mizol.ua/ua/rekomendacii-po-montaghu-podkrovelynyh-plenok-i-membran
Реконструкція площі на вулиці Банковій,Реконструкція площі на вулиці Банковій,Публічна картка товару Mizol; детальні параметри перевіряйте за посиланням,,https://mizol.ua/ua/rekonstrukcuya-ploschadu-na-uluce-bankovskoy-
Ринок «Початок»,Ринок «Початок»,Публічна картка товару Mizol; детальні параметри перевіряйте за посиланням,,https://mizol.ua/ua/rynok-pochatok-
САЙДИНГ АБО ШТУКАТУРКА? «БИТВА» ЗА ФАСАД,сайдинг,Публічна картка товару Mizol; детальні параметри перевіряйте за посиланням,,https://mizol.ua/ua/sayding-ili-shtukaturka-bitva-za-fasad
Сервісний центр «АВТО ВЕСТ ГРУПП»,Сервісний центр «АВТО ВЕСТ ГРУПП»,Публічна картка товару Mizol; детальні параметри перевіряйте за посиланням,,https://mizol.ua/ua/servusnyy-centr-avto-vest-grupp-
СКАТНИЙ ДАХ: ЯКЕ фінішного покриття ВИБРАТИ,СКАТНИЙ ДАХ: ЯКЕ фінішного покриття ВИБРАТИ,Публічна картка товару Mizol; детальні параметри перевіряйте за посиланням,,https://mizol.ua/ua/skatnaya-krysha%3A-kakoe-finishnoe-pokrytie-vybraty
Скатної покрівлі: ЩО ТАКЕ «КРОВЕЛЬНИЙ ПИРІГ»?,Скатної покрівлі: ЩО ТАКЕ «КРОВЕЛЬНИЙ ПИРІГ»?,Публічна картка товару Mizol; детальні параметри перевіряйте за посиланням,,https://mizol.ua/ua/skatnye-krovli%3A-chto-takoe-krovelynyy-pirog-
СОФІТ - продумана підшивки карнизних звисів,СОФІТ - продумана підшивки карнизних звисів,Публічна картка товару Mizol; детальні параметри перевіряйте за посиланням,,https://mizol.ua/ua/sofit-%E2%80%94-produmannaya-podshivka-karniznyh-svesov
Софіт - НАВІЩО ЦЕ ПОТРІБНО?,Софіт - НАВІЩО ЦЕ ПОТРІБНО?,Публічна картка товару Mizol; детальні параметри перевіряйте за посиланням,,https://mizol.ua/ua/sofity-%E2%80%93-zachem-eto-nughno
БУДІВЕЛЬНІ МАТЕРІАЛИ ДЛЯ фасаду БУДИНКУ,фасадна панель,Публічна картка товару Mizol; детальні параметри перевіряйте за посиланням,,https://mizol.ua/ua/stroitelynye-materialy-dlya-fasada-doma
БУДІВЕЛЬНІ МАТЕРІАЛИ НОВОГО ПОКОЛІННЯ,БУДІВЕЛЬНІ МАТЕРІАЛИ НОВОГО ПОКОЛІННЯ,Публічна картка товару Mizol; детальні параметри перевіряйте за посиланням,,https://mizol.ua/ua/stroitelynye-materialy-novogo-pokoleniya
Теплоізоляція - обгрунтоване зростання продажів і свідомий покупець,ізоляція,Публічна картка товару Mizol; детальні параметри перевіряйте за посиланням,,https://mizol.ua/ua/teplouzolyacuya-%E2%80%93-obosnovannyy-rost-prodagh-u-soznatelynyy-pokupately
Тканий і нетканий ГЕОТЕКСТИЛЬ,геотекстиль,Публічна картка товару Mizol; детальні параметри перевіряйте за посиланням,,https://mizol.ua/ua/tkanyy-i-netkanyy-geotekstily
Торговий комплекс «Епіцентр»,Торговий комплекс «Епіцентр»,Публічна картка товару Mizol; детальні параметри перевіряйте за посиланням,,https://mizol.ua/ua/torgovyy-kompleks-epucentr-
ТРЦ Lavina Mall,ТРЦ Lavina Mall,Публічна картка товару Mizol; детальні параметри перевіряйте за посиланням,,https://mizol.ua/ua/trc-lavina-mall-
Устрій гідроізоляції фундаменту,гідроізоляція,Публічна картка товару Mizol; детальні параметри перевіряйте за посиланням,,https://mizol.ua/ua/ustroystvo-gudrouzolyacuu-fundamenta-
Пристрій деформаційного шва в зоні проїзду пожежного автомобіля,Пристрій деформаційного шва в зоні проїзду пожежного автомобіля,Публічна картка товару Mizol; детальні параметри перевіряйте за посиланням,,https://mizol.ua/ua/ustroystvo-deformacuonnogo-shva-v-zone-proezda-pogharnogo-avtomobulya
Пристрій деформаційного шва на які не експлуатуються покрівлі,Пристрій деформаційного шва на які не експлуатуються покрівлі,Публічна картка товару Mizol; детальні параметри перевіряйте за посиланням,,https://mizol.ua/ua/ustroystvo-deformacuonnogo-shva-na-ne-ekspluaturuemoy-krovle
Пристрій зеленої покрівлі,Пристрій зеленої покрівлі,Публічна картка товару Mizol; детальні параметри перевіряйте за посиланням,,https://mizol.ua/ua/ustroystvo-zelenoy-krovlu-
Пристрій зенітного ліхтаря LAMILUX на покрівлі з підставою з профнастилу,Пристрій зенітного ліхтаря LAMILUX на покрівлі з підставою з профнастилу,Публічна картка товару Mizol; детальні параметри перевіряйте за посиланням,,https://mizol.ua/ua/ustroystvo-zenutnogo-fonarya-lamilux-na-krovle-s-osnovanuem-uz-profnastula-
Пристрій контр ухилу в зоні парапету до воронки на не експлуатувати покрівлі,Пристрій контр ухилу в зоні парапету до воронки на не експлуатувати покрівлі,Публічна картка товару Mizol; детальні параметри перевіряйте за посиланням,,https://mizol.ua/ua/ustroystvo-kontr-uklona-v-zone-parapeta-do-voronku-na-ne-ekspluaturovannoy-krovle-
Пристрій контр-уклону в зоні парапету до воронки на які не експлуатуються покрівлі,Пристрій контр-уклону в зоні парапету до воронки на які не експлуатуються покрівлі,Публічна картка товару Mizol; детальні параметри перевіряйте за посиланням,,https://mizol.ua/ua/ustroystvo-kontruklona-v-zone-parapeta-do-voronku-na-ne-ekspluaturuemoy-krovle
Пристрій покрівлі каркасного будинку. Примикання до парапету,Пристрій покрівлі каркасного будинку. Примикання до парапету,Публічна картка товару Mizol; детальні параметри перевіряйте за посиланням,,https://mizol.ua/ua/ustroystvo-krovlu-karkasnogo-doma-prumykanue-k-parapetu
Пристрій покрівлі каркасного типу з гідроізоляцією з ПВХ мембрани FLAGON ART,мембрана,Публічна картка товару Mizol; детальні параметри перевіряйте за посиланням,,https://mizol.ua/ua/ustroystvo-krovlu-karkasnogo-tupa-s-gudrouzolyacuey-uz-pvh-membrany-flagon-art
Пристрій покрівлі по профільованому металевого настилу,Пристрій покрівлі по профільованому металевого настилу,Публічна картка товару Mizol; детальні параметри перевіряйте за посиланням,,https://mizol.ua/ua/ustroystvo-krovlu-po-profulurovannomu-metallucheskomu-nastulu-
Пристрій покрівлі з покриттям з профільованого настилу,Пристрій покрівлі з покриттям з профільованого настилу,Публічна картка товару Mizol; детальні параметри перевіряйте за посиланням,,https://mizol.ua/ua/ustroystvo-krovlu-s-metallucheskum-pokrytuem-uz-profulurovannogo-nastula
Пристрій покрівлі з покриттям з ПВХ або ТПО мембрани без демонтажу старого бітумного покриття по ребристим плитам,мембрана,Публічна картка товару Mizol; детальні параметри перевіряйте за посиланням,,https://mizol.ua/ua/ustroystvo-krovlu-s-pokrytuem-uz-pvh-ulu-tpo-membrany-bez-demontagha-starogo-butumnogo-pokrytuya-po-rebrustym-plutam-
ПРИСТРІЙ ДАХУ: ЩО ПОТРІБНО ПРО ЦЕ ЗНАТИ?,ПРИСТРІЙ ДАХУ: ЩО ПОТРІБНО ПРО ЦЕ ЗНАТИ?,Публічна картка товару Mizol; детальні параметри перевіряйте за посиланням,,https://mizol.ua/ua/ustroystvo-kryshi%3A-chto-nughno-ob-etom-znaty
Пристрій неутеплені покрівлі по профільованому металевого настилу. реконструкція,теплоізоляція,Публічна картка товару Mizol; детальні параметри перевіряйте за посиланням,,https://mizol.ua/ua/ustroystvo-neuteplennoy-krovlu-po-profulurovannomu-metallucheskomu-nastulu-rekonstrukcuya-
Пристрій перекриття з неопалюваним горищем,Пристрій перекриття з неопалюваним горищем,Публічна картка товару Mizol; детальні параметри перевіряйте за посиланням,,https://mizol.ua/ua/ustroystvo-perekrytuya-s-neotapluvaemym-cherdakom
Пристрій пішохідної доріжки,Пристрій пішохідної доріжки,Публічна картка товару Mizol; детальні параметри перевіряйте за посиланням,,https://mizol.ua/ua/ustroystvo-peshehodnoy-doroghku
Пристрій під'їзної дороги,Пристрій під'їзної дороги,Публічна картка товару Mizol; детальні параметри перевіряйте за посиланням,,https://mizol.ua/ua/ustroystvo-podyezdnoy-dorogu
Пристрій покриття спортивного майданчика,Пристрій покриття спортивного майданчика,Публічна картка товару Mizol; детальні параметри перевіряйте за посиланням,,https://mizol.ua/ua/ustroystvo-pokrytuya-sportuvnoy-ploschadku
Влаштування промислової підлоги,Влаштування промислової підлоги,Публічна картка товару Mizol; детальні параметри перевіряйте за посиланням,,https://mizol.ua/ua/ustroystvo-promyshlennogo-pola-
Пристрій світловий стрічкової конструкції LAMILUX ТИП &quot;В&quot; на покрівлі по профільованому металевого настилу,Пристрій світловий стрічкової конструкції LAMILUX ТИП &quot;В&quot; на покрівлі по профільованому металевого настилу,Публічна картка товару Mizol; детальні параметри перевіряйте за посиланням,,https://mizol.ua/ua/ustroystvo-svetovoy-lentochnoy-konstrukcuu-lamilux-tip-v-na-krovle-po-profulurovannomu-metallucheskomu-nastulu
Пристрій поєднаного покриття з легкоскидними ділянками покрівлі,Пристрій поєднаного покриття з легкоскидними ділянками покрівлі,Публічна картка товару Mizol; детальні параметри перевіряйте за посиланням,,https://mizol.ua/ua/ustroystvo-sovmeschennogo-pokrytuya-s-legkosbrasyvaemymu-uchastkamu-krovlu-
Пристрій традиційної покрівлі з баластними типом кріплення,Пристрій традиційної покрівлі з баластними типом кріплення,Публічна картка товару Mizol; детальні параметри перевіряйте за посиланням,,https://mizol.ua/ua/ustroystvo-traducuonnoy-krovlu-s-ballastnym-tupom-kreplenuya
Пристрій традиційної покрівлі з баластними типом кріплення і захисним шаром з шиповидного геомембрани ізоліт,геомембрана,Публічна картка товару Mizol; детальні параметри перевіряйте за посиланням,,https://mizol.ua/ua/ustroystvo-traducuonnoy-krovlu-s-ballastnym-tupom-kreplenuya-u-zaschutnym-sloem-uz-shupovudnoy-geomembrany-uzolut
Влаштування традиційної покрівлі з механічною фіксацією ПВХ/ТПО-мембрани,мембрана,Публічна картка товару Mizol; детальні параметри перевіряйте за посиланням,,https://mizol.ua/ua/ustrojstvo-tradicionnoj-krovli-s-mehanicheskoj-fiksaciej-pvh-i-tpo-membrany
Пристрій традиційної покрівлі. ізоляція парапету,ізоляція,Публічна картка товару Mizol; детальні параметри перевіряйте за посиланням,,https://mizol.ua/ua/ustroystvo-traducuonnoy-krovlu-uzolyacuya-parapeta
Пристрій традиційної покрівлі. примикання до вертикальної конструкції,Пристрій традиційної покрівлі. примикання до вертикальної конструкції,Публічна картка товару Mizol; детальні параметри перевіряйте за посиланням,,https://mizol.ua/ua/ustroystvo-traducuonnoy-krovlu-prumykanue-k-vertukalynoy-konstrukcuu
Влаштування експлуатованого інверсійного покриття. Примикання до системи водовідведення,Влаштування експлуатованого інверсійного покриття. Примикання до системи водовідведення,Публічна картка товару Mizol; детальні параметри перевіряйте за посиланням,,https://mizol.ua/ua/ustroystvo-ekspluaturuemogo-unversuonnogo-pokrytuya-prumykanue-k-custeme-vodootvoda
Пристрій / реконструкція покрівлі з покриттям з профільованого металевого настилу,Пристрій / реконструкція покрівлі з покриттям з профільованого металевого настилу,Публічна картка товару Mizol; детальні параметри перевіряйте за посиланням,,https://mizol.ua/ua/ustroystvo-rekonstrukcuya-krovlu-s-pokrytuem-uz-profulurovannogo-metallucheskogo-nastula
УТЕПЛЕННЯ СТАРОГО БУДИНКУ: З ЧОГО ПОЧАТИ І ЧИМ ЗАКІНЧИТИ?,теплоізоляція,Публічна картка товару Mizol; детальні параметри перевіряйте за посиланням,,https://mizol.ua/ua/uteplenie-starogo-doma%3A-s-chego-nachaty-i-chem-zakonchity
Приватний будинок,Приватний будинок,Публічна картка товару Mizol; детальні параметри перевіряйте за посиланням,,https://mizol.ua/ua/chastnyy-dom-
Приватний будинок м. Рівне,Приватний будинок м. Рівне,Публічна картка товару Mizol; детальні параметри перевіряйте за посиланням,,https://mizol.ua/ua/chastnyy-dom-g-rovno
Сходи на горище - БЕЗПЕЧНИЙ ШЛЯХ НАВЕРХ,Сходи на горище - БЕЗПЕЧНИЙ ШЛЯХ НАВЕРХ,Публічна картка товару Mizol; детальні параметри перевіряйте за посиланням,,https://mizol.ua/ua/cherdachnye-lestnicy-bezopasnyy-puty-naverh
FLAGON ТПО,FLAGON ТПО,Публічна картка товару Mizol; детальні параметри перевіряйте за посиланням,,https://mizol.ua/ua/flagon-tpo
Ринва PROFiL 90 коричнева 3м,Ринва PROFiL 90 коричнева 3м,Публічна картка товару Mizol; детальні параметри перевіряйте за посиланням,,https://mizol.ua/ua/1316-ghelob-90-koruchnevyy-3-m
Ринва Regenau 3м 125 біла,Ринва Regenau 3м 125 біла,Публічна картка товару Mizol; детальні параметри перевіряйте за посиланням,,https://mizol.ua/ua/118951-ghelob-regenau-3m-125-belyy
Ринва PROFiL 130 біла 3м,Ринва PROFiL 130 біла 3м,Публічна картка товару Mizol; детальні параметри перевіряйте за посиланням,,https://mizol.ua/ua/1240-ghelob-130-belyy-3m
Ринва Regenau 3м 125 графіт,Ринва Regenau 3м 125 графіт,Публічна картка товару Mizol; детальні параметри перевіряйте за посиланням,,https://mizol.ua/ua/118968-ghelob-regenau-3m-125-grafut
Тримач ринви Regenau метал. 125 коричневий,Тримач ринви Regenau метал. 125 коричневий,Публічна картка товару Mizol; детальні параметри перевіряйте за посиланням,,https://mizol.ua/ua/118988-derghately-gheloba-regenau-metal-125-koruchnevyy
Ринва PROFiL 90 біла 3м,Ринва PROFiL 90 біла 3м,Публічна картка товару Mizol; детальні параметри перевіряйте за посиланням,,https://mizol.ua/ua/1315-ghelob-90-belyy-3-m
Тримач ринви Regenau метал. 125 білий,Тримач ринви Regenau метал. 125 білий,Публічна картка товару Mizol; детальні параметри перевіряйте за посиланням,,https://mizol.ua/ua/118954-derghately-gheloba-regenau-metal-125-belyy
Ринва PROFiL 130 графітова 3м,Ринва PROFiL 130 графітова 3м,Публічна картка товару Mizol; детальні параметри перевіряйте за посиланням,,https://mizol.ua/ua/1186-ghelob-130-grafutovyy-3-m
Тримач ринви Regenau метал. 125 графіт,Тримач ринви Regenau метал. 125 графіт,Публічна картка товару Mizol; детальні параметри перевіряйте за посиланням,,https://mizol.ua/ua/118971-derghately-gheloba-regenau-metal-125-grafut
Ринва PROFiL 90 графітова 3м,Ринва PROFiL 90 графітова 3м,Публічна картка товару Mizol; детальні параметри перевіряйте за посиланням,,https://mizol.ua/ua/1382-ghelob-90-grafutovyy-3-m
Тримач ринви Regenau метал. малий 125 коричневий,Тримач ринви Regenau метал. малий 125 коричневий,Публічна картка товару Mizol; детальні параметри перевіряйте за посиланням,,https://mizol.ua/ua/118989-derghately-gheloba-regenau-metal-malyy-125-koruchnevyy
Ринва PROFiL 130 цегляна 3м,Ринва PROFiL 130 цегляна 3м,Публічна картка товару Mizol; детальні параметри перевіряйте за посиланням,,https://mizol.ua/ua/1187-ghelob-130-kurpuchyy-3-m
Тримач ринви Regenau метал. малий 125 білий,Тримач ринви Regenau метал. малий 125 білий,Публічна картка товару Mizol; детальні параметри перевіряйте за посиланням,,https://mizol.ua/ua/118955-derghately-gheloba-regenau-metal-malyy-125-belyy
Ринва PROFiL 90 цегляна 3м,Ринва PROFiL 90 цегляна 3м,Публічна картка товару Mizol; детальні параметри перевіряйте за посиланням,,https://mizol.ua/ua/1288-ghelob-90-kurpuchnyy-3-m
Тримач ринви Regenau метал. малий 125 графіт,Тримач ринви Regenau метал. малий 125 графіт,Публічна картка товару Mizol; детальні параметри перевіряйте за посиланням,,https://mizol.ua/ua/118972-derghately-gheloba-regenau-metal-malyy-125-grafut
Ринва PROFiL 130 чорна 3м,Ринва PROFiL 130 чорна 3м,Публічна картка товару Mizol; детальні параметри перевіряйте за посиланням,,https://mizol.ua/ua/68461-ghelob-130-chernyy-3m
Тримач ринви Regenau пласт. 125 коричневий,Тримач ринви Regenau пласт. 125 коричневий,Публічна картка товару Mizol; детальні параметри перевіряйте за посиланням,,https://mizol.ua/ua/118987-derghately-gheloba-regenau-plast-125-koruchnevyy
Ринва PROFiL 90 чорна 3м,Ринва PROFiL 90 чорна 3м,Публічна картка товару Mizol; детальні параметри перевіряйте за посиланням,,https://mizol.ua/ua/68492-ghelob-90-chernyy-3m
Тримач ринви Regenau пласт. 125 білий,Тримач ринви Regenau пласт. 125 білий,Публічна картка товару Mizol; детальні параметри перевіряйте за посиланням,,https://mizol.ua/ua/118953-derghately-gheloba-regenau-plast-125-belyy
Ринва PROFiL 130 червона 3м,Ринва PROFiL 130 червона 3м,Публічна картка товару Mizol; детальні параметри перевіряйте за посиланням,,https://mizol.ua/ua/19516-ghelob-130-krasnyy-3-m
Тримач ринви Regenau пласт. 125 графіт,Тримач ринви Regenau пласт. 125 графіт,Публічна картка товару Mizol; детальні параметри перевіряйте за посиланням,,https://mizol.ua/ua/118970-derghately-gheloba-regenau-plast-125-grafut
Ринва PROFiL 90 червона 3м,Ринва PROFiL 90 червона 3м,Публічна картка товару Mizol; детальні параметри перевіряйте за посиланням,,https://mizol.ua/ua/19517-ghelob-90-krasnyy-3-m
Тримач ринви PROFiL метал. 130 коричневий,Тримач ринви PROFiL метал. 130 коричневий,Публічна картка товару Mizol; детальні параметри перевіряйте за посиланням,,https://mizol.ua/ua/1227-derghately-gheloba-dlunnyy-metall-130-koruchnevyy
З'єднувач ринви Regenau 125 коричневий,З'єднувач ринви Regenau 125 коричневий,Публічна картка товару Mizol; детальні параметри перевіряйте за посиланням,,https://mizol.ua/ua/118977-soedunutely-gheloba-regenau-125-koruchnevyy
Тримач ринви PROFiL метал. 90 коричневий,Тримач ринви PROFiL метал. 90 коричневий,Публічна картка товару Mizol; детальні параметри перевіряйте за посиланням,,https://mizol.ua/ua/1303-derghately-gheloba-dlunnyy-metall-90-koruchnevyy
З'єднувач ринви Regenau 125 білий,З'єднувач ринви Regenau 125 білий,Публічна картка товару Mizol; детальні параметри перевіряйте за посиланням,,https://mizol.ua/ua/118943-soedunutely-gheloba-regenau-125-belyy
Тримач ринви PROFiL метал. 130 білий,Тримач ринви PROFiL метал. 130 білий,Публічна картка товару Mizol; детальні параметри перевіряйте за посиланням,,https://mizol.ua/ua/1226-derghately-gheloba-dlunnyy-metall-130-belyy
З'єднувач ринви Regenau 125 графіт,З'єднувач ринви Regenau 125 графіт,Публічна картка товару Mizol; детальні параметри перевіряйте за посиланням,,https://mizol.ua/ua/118960-soedunutely-gheloba-regenau-80-grafut
Тримач ринви PROFiL метал. 90 білий,Тримач ринви PROFiL метал. 90 білий,Публічна картка товару Mizol; детальні параметри перевіряйте за посиланням,,https://mizol.ua/ua/1302-derghately-gheloba-dlunnyy-metall-90-belyy
Кут ринви Regenau 90° 125 коричневий,Кут ринви Regenau 90° 125 коричневий,Публічна картка товару Mizol; детальні параметри перевіряйте за посиланням,,https://mizol.ua/ua/118982-ugol-regenau-90---125-koruchnevyy
Тримач ринви PROFiL метал. 130 графітовий,Тримач ринви PROFiL метал. 130 графітовий,Публічна картка товару Mizol; детальні параметри перевіряйте за посиланням,,https://mizol.ua/ua/1175-derghately-gheloba-dlunnyy-metall-130-grafutovyy
Кут ринви Regenau 90° 125 білий,Кут ринви Regenau 90° 125 білий,Публічна картка товару Mizol; детальні параметри перевіряйте за посиланням,,https://mizol.ua/ua/118948-ugol-regenau-90--125-belyy
Тримач ринви PROFiL метал. 90 графітовий,Тримач ринви PROFiL метал. 90 графітовий,Публічна картка товару Mizol; детальні параметри перевіряйте за посиланням,,https://mizol.ua/ua/2765-derghately-gheloba-dlunnyy-metall-90-grafutovyy
Кут ринви Regenau 90° 125 графіт,Кут ринви Regenau 90° 125 графіт,Публічна картка товару Mizol; детальні параметри перевіряйте за посиланням,,https://mizol.ua/ua/118965-ugol-regenau-90--125-grafut
Тримач ринви PROFiL метал. 130 цегляний,Тримач ринви PROFiL метал. 130 цегляний,Публічна картка товару Mizol; детальні параметри перевіряйте за посиланням,,https://mizol.ua/ua/1176-derghately-gheloba-dlunnyy-metall-130-kurpuchnyy
Кут ринви регульований Regenau 60°-160° 125 коричневий,Кут ринви регульований Regenau 60°-160° 125 коричневий,Публічна картка товару Mizol; детальні параметри перевіряйте за посиланням,,https://mizol.ua/ua/118983-ugol-regenau-reguluruemyy-60--160--125-koruchnevyy
Тримач ринви PROFiL метал. 90 цегляний,Тримач ринви PROFiL метал. 90 цегляний,Публічна картка товару Mizol; детальні параметри перевіряйте за посиланням,,https://mizol.ua/ua/1284-derghately-gheloba-dlunnyy-metall-90-kurpuchnyy
Кут ринви Regenau регульований 60°-160° 125 білий,Кут ринви Regenau регульований 60°-160° 125 білий,Публічна картка товару Mizol; детальні параметри перевіряйте за посиланням,,https://mizol.ua/ua/118949-ugol-regenau-reguluruemyy-60--160--125-belyy
Тримач ринви PROFiL метал. 130 чорний,Тримач ринви PROFiL метал. 130 чорний,Публічна картка товару Mizol; детальні параметри перевіряйте за посиланням,,https://mizol.ua/ua/67820-derghately-gheloba-metal-130-chernyy
Кут ринви регульований Regenau 60°-160° 125 графіт,Кут ринви регульований Regenau 60°-160° 125 графіт,Публічна картка товару Mizol; детальні параметри перевіряйте за посиланням,,https://mizol.ua/ua/118966-ugol-regenau-reguluruemyy-60--160--125-grafut
Тримач ринви PROFiL метал. 90 чорний,Тримач ринви PROFiL метал. 90 чорний,Публічна картка товару Mizol; детальні параметри перевіряйте за посиланням,,https://mizol.ua/ua/68470-derghately-gheloba-metal-90-chernyy
Заглушка ринви Regenau 125 коричнева,Заглушка ринви Regenau 125 коричнева,Публічна картка товару Mizol; детальні параметри перевіряйте за посиланням,,https://mizol.ua/ua/118979-zaglushka-gheloba-regenau-125-koruchnevaya
Тримач ринви PROFiL метал. 100 червоний,Тримач ринви PROFiL метал. 100 червоний,Публічна картка товару Mizol; детальні параметри перевіряйте за посиланням,,https://mizol.ua/ua/19995-derghately-gheloba-dlunnyy-metall-130-krasnyy
Заглушка ринви Regenau 125 біла,Заглушка ринви Regenau 125 біла,Публічна картка товару Mizol; детальні параметри перевіряйте за посиланням,,https://mizol.ua/ua/118945-zaglushka-gheloba-regenau-125-belaya
Тримач ринви PROFiL метал. 90 червоний,Тримач ринви PROFiL метал. 90 червоний,Публічна картка товару Mizol; детальні параметри перевіряйте за посиланням,,https://mizol.ua/ua/21450-derghately-gheloba-dlunnyy-metall-90-krasnyy
Заглушка ринви Regenau 125 графіт,Заглушка ринви Regenau 125 графіт,Публічна картка товару Mizol; детальні параметри перевіряйте за посиланням,,https://mizol.ua/ua/118962-zaglushka-gheloba-regenau-125-grafut
Тримач ринви PROFiL метал. малий 130 коричневий,Тримач ринви PROFiL метал. малий 130 коричневий,Публічна картка товару Mizol; детальні параметри перевіряйте за посиланням,,https://mizol.ua/ua/9044-derghately-gheloba-korotkuy-metall-130-koruchnevyy
Тримач ринви PROFiL метал. малий 90 коричневий,Тримач ринви PROFiL метал. малий 90 коричневий,Публічна картка товару Mizol; детальні параметри перевіряйте за посиланням,,https://mizol.ua/ua/9049-derghately-gheloba-korotkuy-metall-90-koruchnevyy
Тримач ринви PROFiL метал. малий 130 білий,Тримач ринви PROFiL метал. малий 130 білий,Публічна картка товару Mizol; детальні параметри перевіряйте за посиланням,,https://mizol.ua/ua/9046-derghately-gheloba-korotkuy-metall-130-belyy
Тримач ринви PROFiL метал. малий 90 білий,Тримач ринви PROFiL метал. малий 90 білий,Публічна картка товару Mizol; детальні параметри перевіряйте за посиланням,,https://mizol.ua/ua/9048-derghately-gheloba-korotkuy-metall-90-belyy
Тримач ринви PROFiL метал. малий 130 графіт,Тримач ринви PROFiL метал. малий 130 графіт,Публічна картка товару Mizol; детальні параметри перевіряйте за посиланням,,https://mizol.ua/ua/16677-derghately-gheloba-korotkuy-metall-130-grafutovyy
Тримач ринви PROFiL метал. 90 графітовий,Тримач ринви PROFiL метал. 90 графітовий,Публічна картка товару Mizol; детальні параметри перевіряйте за посиланням,,https://mizol.ua/ua/20650-derghately-gheloba-korotkuy-metall-90-grafutovyy
Тримач ринви PROFiL метал. малий 130 цегляний,Тримач ринви PROFiL метал. малий 130 цегляний,Публічна картка товару Mizol; детальні параметри перевіряйте за посиланням,,https://mizol.ua/ua/9045-derghately-gheloba-korotkuy-metall-130-kurpuchnyy
Тримач труби Regenau метал. 80 L100 коричневий,Тримач труби Regenau метал. 80 L100 коричневий,Публічна картка товару Mizol; детальні параметри перевіряйте за посиланням,,https://mizol.ua/ua/118990-derghately-truby-regenau-metal-80-l100-koruchnevyy
HAURATON TOP Х,HAURATON TOP Х,Публічна картка товару Mizol; детальні параметри перевіряйте за посиланням,,https://mizol.ua/ua/hauraton-top-h
Тримач ринви PROFiL метал. малий 90 цегляний,Тримач ринви PROFiL метал. малий 90 цегляний,Публічна картка товару Mizol; детальні параметри перевіряйте за посиланням,,https://mizol.ua/ua/9050-derghately-gheloba-korotkuy-metall-90-kurpuchnyy
Тримач труби Regenau метал. 80 L100 білий,Тримач труби Regenau метал. 80 L100 білий,Публічна картка товару Mizol; детальні параметри перевіряйте за посиланням,,https://mizol.ua/ua/118956-derghately-truby-regenau-metal-80-l-100-belyy
GEODRAIN,GEODRAIN,Публічна картка товару Mizol; детальні параметри перевіряйте за посиланням,,https://mizol.ua/ua/geodrain-
Тримач ринви PROFiL метал. малий 130 чорний,Тримач ринви PROFiL метал. малий 130 чорний,Публічна картка товару Mizol; детальні параметри перевіряйте за посиланням,,https://mizol.ua/ua/67821-derghately-gheloba-metal-malyy-130-chernyy
Тримач труби Regenau метал. 80 L100 графіт,Тримач труби Regenau метал. 80 L100 графіт,Публічна картка товару Mizol; детальні параметри перевіряйте за посиланням,,https://mizol.ua/ua/118973-derghately-truby-regenau-metal-80-l-100-grafut
Тримач ринви PROFiL метал. малий 90 чорний,Тримач ринви PROFiL метал. малий 90 чорний,Публічна картка товару Mizol; детальні параметри перевіряйте за посиланням,,https://mizol.ua/ua/68471-derghately-gheloba-metal-malyy-90-chernyy
Тримач труби Regenau метал. 80 L160 коричневий,Тримач труби Regenau метал. 80 L160 коричневий,Публічна картка товару Mizol; детальні параметри перевіряйте за посиланням,,https://mizol.ua/ua/118991-derghately-truby-regenau-metal-80-l160-koruchnevyy
Тримач ринви PROFiL метал. малий 130 червоний,Тримач ринви PROFiL метал. малий 130 червоний,Публічна картка товару Mizol; детальні параметри перевіряйте за посиланням,,https://mizol.ua/ua/21451-derghately-gheloba-korotkuy-metall-130-krasnyy
Тримач труби Regenau метал. 80 L160 білий,Тримач труби Regenau метал. 80 L160 білий,Публічна картка товару Mizol; детальні параметри перевіряйте за посиланням,,https://mizol.ua/ua/118957-derghately-truby-regenau-metal-80-l-160-belyy
Тримач ринви PROFiL метал. малий 90 червоний,Тримач ринви PROFiL метал. малий 90 червоний,Публічна картка товару Mizol; детальні параметри перевіряйте за посиланням,,https://mizol.ua/ua/21449-derghately-gheloba-korotkuy-metall-90-krasnyy
Тримач труби Regenau метал. 80 L160 графіт,Тримач труби Regenau метал. 80 L160 графіт,Публічна картка товару Mizol; детальні параметри перевіряйте за посиланням,,https://mizol.ua/ua/118974-derghately-truby-regenau-metal-80-l-160-grafut
Тримач ринви PROFiL пласт. 130 коричневий,Тримач ринви PROFiL пласт. 130 коричневий,Публічна картка товару Mizol; детальні параметри перевіряйте за посиланням,,https://mizol.ua/ua/1229-derghately-gheloba-plast-130-koruchnevyy
Тримач труби Regenau метал. 80 L220 коричневий,Тримач труби Regenau метал. 80 L220 коричневий,Публічна картка товару Mizol; детальні параметри перевіряйте за посиланням,,https://mizol.ua/ua/118992-derghately-truby-regenau-metal-80-l220-koruchnevyy
Тримач ринви PROFiL пласт. 90 коричневий,Тримач ринви PROFiL пласт. 90 коричневий,Публічна картка товару Mizol; детальні параметри перевіряйте за посиланням,,https://mizol.ua/ua/1305-derghately-gheloba-plast-90-koruchnevyy
Тримач труби Regenau метал. 80 L220 білий,Тримач труби Regenau метал. 80 L220 білий,Публічна картка товару Mizol; детальні параметри перевіряйте за посиланням,,https://mizol.ua/ua/118958-derghately-truby-regenau-metal-80-l-220-belyy
Тримач ринви PROFiL пласт. 130 білий,Тримач ринви PROFiL пласт. 130 білий,Публічна картка товару Mizol; детальні параметри перевіряйте за посиланням,,https://mizol.ua/ua/1228-derghately-gheloba-plast-130-belyy
Тримач труби Regenau метал. 80 L220 графіт,Тримач труби Regenau метал. 80 L220 графіт,Публічна картка товару Mizol; детальні параметри перевіряйте за посиланням,,https://mizol.ua/ua/118975-derghately-truby-regenau-metal-80-l-220-grafut
Тримач ринви PROFiL пласт. 90 білий,Тримач ринви PROFiL пласт. 90 білий,Публічна картка товару Mizol; детальні параметри перевіряйте за посиланням,,https://mizol.ua/ua/1371-derghately-gheloba-plast-90-belyy
Тримач ринви PROFiL пласт. 130 графітовий,Тримач ринви PROFiL пласт. 130 графітовий,Публічна картка товару Mizol; детальні параметри перевіряйте за посиланням,,https://mizol.ua/ua/1177-derghately-gheloba-plast-130-grafutovyy
Тримач ринви PROFiL пласт. 90 графітовий,Тримач ринви PROFiL пласт. 90 графітовий,Публічна картка товару Mizol; детальні параметри перевіряйте за посиланням,,https://mizol.ua/ua/1374-derghately-gheloba-plast-90-grafutovyy
Тримач ринви PROFiL пласт. 130 цегляний,Тримач ринви PROFiL пласт. 130 цегляний,Публічна картка товару Mizol; детальні параметри перевіряйте за посиланням,,https://mizol.ua/ua/1372-derghately-gheloba-plast-130-kurpuchnyy
Тримач ринви PROFiL пласт. 90 цегляний,Тримач ринви PROFiL пласт. 90 цегляний,Публічна картка товару Mizol; детальні параметри перевіряйте за посиланням,,https://mizol.ua/ua/1285-derghately-gheloba-plast-90-kurpuchnyy
Тримач ринви PROFiL пласт. 130 чорний,Тримач ринви PROFiL пласт. 130 чорний,Публічна картка товару Mizol; детальні параметри перевіряйте за посиланням,,https://mizol.ua/ua/68472-derghately-gheloba-plast-130-chernyy
Стадіон «Донбас Арена»,Стадіон «Донбас Арена»,Публічна картка товару Mizol; детальні параметри перевіряйте за посиланням,,https://mizol.ua/ua/staduon-donbass-arena-
Тримач ринви PROFiL пласт. 90 чорний,Тримач ринви PROFiL пласт. 90 чорний,Публічна картка товару Mizol; детальні параметри перевіряйте за посиланням,,https://mizol.ua/ua/68473-derghately-gheloba-plast-90-chernyy
Тримач ринви PROFiL пласт. 130 червоний,Тримач ринви PROFiL пласт. 130 червоний,Публічна картка товару Mizol; детальні параметри перевіряйте за посиланням,,https://mizol.ua/ua/19515-derghately-gheloba-plast-130-krasnyy
EDILMODULO,EDILMODULO,Публічна картка товару Mizol; детальні параметри перевіряйте за посиланням,,https://mizol.ua/ua/edilmodulo-
Тримач ринви PROFiL пласт. 90 червоний,Тримач ринви PROFiL пласт. 90 червоний,Публічна картка товару Mizol; детальні параметри перевіряйте за посиланням,,https://mizol.ua/ua/19514-derghately-gheloba-plast-90-krasnyy
ENKADRAIN,ENKADRAIN,Публічна картка товару Mizol; детальні параметри перевіряйте за посиланням,,https://mizol.ua/ua/enkadrain
З`єднувач ринви PROFiL 130 коричневий,З`єднувач ринви PROFiL 130 коричневий,Публічна картка товару Mizol; детальні параметри перевіряйте за посиланням,,https://mizol.ua/ua/13842-soedunutely-gheloba-130-koruchnevyy
IKO ARMOURPLAN,IKO ARMOURPLAN,Публічна картка товару Mizol; детальні параметри перевіряйте за посиланням,,https://mizol.ua/ua/iko-armourplan-
З`єднувач ринви PROFiL 90 коричневий,З`єднувач ринви PROFiL 90 коричневий,Публічна картка товару Mizol; детальні параметри перевіряйте за посиланням,,https://mizol.ua/ua/13843-soedunutely-gheloba-90-koruchnevyy
З`єднувач ринви PROFiL 130 білий,З`єднувач ринви PROFiL 130 білий,Публічна картка товару Mizol; детальні параметри перевіряйте за посиланням,,https://mizol.ua/ua/13841-soedunutely-gheloba-130-belyy
З`єднувач ринви PROFiL 90 білий,З`єднувач ринви PROFiL 90 білий,Публічна картка товару Mizol; детальні параметри перевіряйте за посиланням,,https://mizol.ua/ua/13845-soedunutely-gheloba-90-belyy
З`єднувач ринви PROFiL 130 графітовий,З`єднувач ринви PROFiL 130 графітовий,Публічна картка товару Mizol; детальні параметри перевіряйте за посиланням,,https://mizol.ua/ua/13846-soedunutely-gheloba-130-grafutovyy
З`єднувач ринви PROFiL 90 графiтовий,З`єднувач ринви PROFiL 90 графiтовий,Публічна картка товару Mizol; детальні параметри перевіряйте за посиланням,,https://mizol.ua/ua/13844-soedunutely-gheloba-90-grafutovyy
З`єднувач ринви PROFiL 130 цегляний,З`єднувач ринви PROFiL 130 цегляний,Публічна картка товару Mizol; детальні параметри перевіряйте за посиланням,,https://mizol.ua/ua/13847-soedunutely-gheloba-130-kurpuchnyy
Житлоивий Комплекс «Дуэт»,Житлоивий Комплекс «Дуэт»,Публічна картка товару Mizol; детальні параметри перевіряйте за посиланням,,https://mizol.ua/ua/ghk-duet-
З`єднувач ринви PROFiL 90 цегляний,З`єднувач ринви PROFiL 90 цегляний,Публічна картка товару Mizol; детальні параметри перевіряйте за посиланням,,https://mizol.ua/ua/13848-soedunutely-gheloba-90-kurpuchnyy
З`єднувач ринви PROFiL 130 чорний,З`єднувач ринви PROFiL 130 чорний,Публічна картка товару Mizol; детальні параметри перевіряйте за посиланням,,https://mizol.ua/ua/68442-soedunutely-gheloba-130-chernyy
З`єднувач ринви PROFiL 90 чорний,З`єднувач ринви PROFiL 90 чорний,Публічна картка товару Mizol; детальні параметри перевіряйте за посиланням,,https://mizol.ua/ua/68479-soedunutely-gheloba-90-chernyy
З`єднувач ринви PROFiL 130 червоний,З`єднувач ринви PROFiL 130 червоний,Публічна картка товару Mizol; детальні параметри перевіряйте за посиланням,,https://mizol.ua/ua/19528-soedunutely-gheloba-130-krasnyy
З`єднувач ринви PROFiL 90 червоний,З`єднувач ринви PROFiL 90 червоний,Публічна картка товару Mizol; детальні параметри перевіряйте за посиланням,,https://mizol.ua/ua/19529-soedunutely-gheloba-90-krasnyy
Кут PROFiL зовнішній 130 коричневий 90°,Кут PROFiL зовнішній 130 коричневий 90°,Публічна картка товару Mizol; детальні параметри перевіряйте за посиланням,,https://mizol.ua/ua/2820-ugol-vneshnuy-130-koruchnevyy-90-
Кут PROFiL зовнішній 90 коричневий 90°,Кут PROFiL зовнішній 90 коричневий 90°,Публічна картка товару Mizol; детальні параметри перевіряйте за посиланням,,https://mizol.ua/ua/1365-ugol-vneshnuy-90-koruchnevyy-90-
Кут PROFiL зовнішній 130 білий 90°,Кут PROFiL зовнішній 130 білий 90°,Публічна картка товару Mizol; детальні параметри перевіряйте за посиланням,,https://mizol.ua/ua/2818-ugol-vneshnuy-130-belyy-90-
Кут PROFiL зовнішній 90 білий 90°,Кут PROFiL зовнішній 90 білий 90°,Публічна картка товару Mizol; детальні параметри перевіряйте за посиланням,,https://mizol.ua/ua/1364-ugol-vneshnuy-90-belyy-90-
Житлоивий Комплекс «Буковинский»,Житлоивий Комплекс «Буковинский»,Публічна картка товару Mizol; детальні параметри перевіряйте за посиланням,,https://mizol.ua/ua/ghk-bukovunskuy-
Кут PROFiL зовнішній 130 графітовий 90°,Кут PROFiL зовнішній 130 графітовий 90°,Публічна картка товару Mizol; детальні параметри перевіряйте за посиланням,,https://mizol.ua/ua/1222-ugol-vneshnuy-130-grafutovyy-90-
Кут PROFiL зовнішній 90 графітовий 90°,Кут PROFiL зовнішній 90 графітовий 90°,Публічна картка товару Mizol; детальні параметри перевіряйте за посиланням,,https://mizol.ua/ua/12815-ugol-vneshnuy-90-grafutovyy-90-
Кут PROFiL зовнішній 130 цегляний 90°,Кут PROFiL зовнішній 130 цегляний 90°,Публічна картка товару Mizol; детальні параметри перевіряйте за посиланням,,https://mizol.ua/ua/2819-ugol-vneshnuy-130-kurpuchnyy-90-
Кут зовнішній PROFiL 130 чорний 90°,Кут зовнішній PROFiL 130 чорний 90°,Публічна картка товару Mizol; детальні параметри перевіряйте за посиланням,,https://mizol.ua/ua/68456-ugol-narughnyy-130-chernyy-z-90-
Кут зовнішній PROFiL 90 чорний 90°,Кут зовнішній PROFiL 90 чорний 90°,Публічна картка товару Mizol; детальні параметри перевіряйте за посиланням,,https://mizol.ua/ua/68488-ugol-narughnyy-90-chernyy-z-90-
Кут PROFiL зовнішній 130 червоний 90°,Кут PROFiL зовнішній 130 червоний 90°,Публічна картка товару Mizol; детальні параметри перевіряйте за посиланням,,https://mizol.ua/ua/19542-ugol-vneshnuy-130-krasnyy-90-
Кут PROFiL зовнішній 90 цегляний 90°,Кут PROFiL зовнішній 90 цегляний 90°,Публічна картка товару Mizol; детальні параметри перевіряйте за посиланням,,https://mizol.ua/ua/1301-ugol-vneshnuy-90-kurpuchnyy-90-
Кут PROFiL внутрішній 130 коричневий 90°,Кут PROFiL внутрішній 130 коричневий 90°,Публічна картка товару Mizol; детальні параметри перевіряйте за посиланням,,https://mizol.ua/ua/2807-ugol-vnutrennuy-130-koruchnevyy-90-
Кут PROFiL внутрішній 90 коричневий 90°,Кут PROFiL внутрішній 90 коричневий 90°,Публічна картка товару Mizol; детальні параметри перевіряйте за посиланням,,https://mizol.ua/ua/1353-ugol-vnutrennuy-90-koruchnevyy-90-
Кут PROFiL внутрішній 130 білий 90°,Кут PROFiL внутрішній 130 білий 90°,Публічна картка товару Mizol; детальні параметри перевіряйте за посиланням,,https://mizol.ua/ua/2804-ugol-vnutrennuy-130-belyy-90-
Кут PROFiL внутрішній 90 білий 90°,Кут PROFiL внутрішній 90 білий 90°,Публічна картка товару Mizol; детальні параметри перевіряйте за посиланням,,https://mizol.ua/ua/1352-ugol-vnutrennuy-90-belyy-90-
Кут PROFiL внутрішній 130 графітовий 90°,Кут PROFiL внутрішній 130 графітовий 90°,Публічна картка товару Mizol; детальні параметри перевіряйте за посиланням,,https://mizol.ua/ua/2805-ugol-vnutrennuy-130-grafutovyy-90-
Кут PROFiL внутрішній 130 цегляний 135°,Кут PROFiL внутрішній 130 цегляний 135°,Публічна картка товару Mizol; детальні параметри перевіряйте за посиланням,,https://mizol.ua/ua/1215-ugol-vnutrennuy-130-kurpuchnyy-135-
Кут PROFiL внутрішній 130 цегляний 90°,Кут PROFiL внутрішній 130 цегляний 90°,Публічна картка товару Mizol; детальні параметри перевіряйте за посиланням,,https://mizol.ua/ua/2806-ugol-vnutrennuy-130-kurpuchnyy-90-
Кут PROFiL внутрішній 90 графітовий 90°,Кут PROFiL внутрішній 90 графітовий 90°,Публічна картка товару Mizol; детальні параметри перевіряйте за посиланням,,https://mizol.ua/ua/21587-ugol-vnutrennuy-90-grafutovyy-90-
Кут PROFiL внутрішній 90 цегляний 90°,Кут PROFiL внутрішній 90 цегляний 90°,Публічна картка товару Mizol; детальні параметри перевіряйте за посиланням,,https://mizol.ua/ua/1299-ugol-vnutrennuy-90-kurpuchnyy-90-
Кут внутрішній PROFiL 130 чорний 90°,Кут внутрішній PROFiL 130 чорний 90°,Публічна картка товару Mizol; детальні параметри перевіряйте за посиланням,,https://mizol.ua/ua/68455-ugol-vnutrennuy-130-chernyy-w-90-
Кут внутрішній PROFiL 90 чорний 90°,Кут внутрішній PROFiL 90 чорний 90°,Публічна картка товару Mizol; детальні параметри перевіряйте за посиланням,,https://mizol.ua/ua/68486-ugol-vnutrennuy-90-chernyy-w-90-
Кут PROFiL внутрішній 130 червоний 90°,Кут PROFiL внутрішній 130 червоний 90°,Публічна картка товару Mizol; детальні параметри перевіряйте за посиланням,,https://mizol.ua/ua/19538-ugol-vnutrennuy-130-krasnyy-90-
Кут PROFiL внутрішній 90 червоний 90°,Кут PROFiL внутрішній 90 червоний 90°,Публічна картка товару Mizol; детальні параметри перевіряйте за посиланням,,https://mizol.ua/ua/19539-ugol-vnutrennuy-90-krasnyy-90-
Кут PROFiL зовнішній PROFiL 130 коричневий 135°,Кут PROFiL зовнішній PROFiL 130 коричневий 135°,Публічна картка товару Mizol; детальні параметри перевіряйте за посиланням,,https://mizol.ua/ua/1275-ugol-vneshnuy-130-koruchnevyy-135-
Кут PROFiL зовнішній PROFiL 90 коричневий 135°,Кут PROFiL зовнішній PROFiL 90 коричневий 135°,Публічна картка товару Mizol; детальні параметри перевіряйте за посиланням,,https://mizol.ua/ua/1359-ugol-vneshnuy-90-koruchnevyy-135-
Кут PROFiL зовнішній 130 білий 135°,Кут PROFiL зовнішній 130 білий 135°,Публічна картка товару Mizol; детальні параметри перевіряйте за посиланням,,https://mizol.ua/ua/1274-ugol-vneshnuy-130-belyy-135-
Кут PROFiL зовнішній 90 білий 135°,Кут PROFiL зовнішній 90 білий 135°,Публічна картка товару Mizol; детальні параметри перевіряйте за посиланням,,https://mizol.ua/ua/1358-ugol-vneshnuy-90-belyy-135-
Кут PROFiL зовнішній 130 графітовий 135°,Кут PROFiL зовнішній 130 графітовий 135°,Публічна картка товару Mizol; детальні параметри перевіряйте за посиланням,,https://mizol.ua/ua/1218-ugol-vneshnuy-130-grafutovyy-135-
Кут PROFiL зовнішній 90 графітовий 135°,Кут PROFiL зовнішній 90 графітовий 135°,Публічна картка товару Mizol; детальні параметри перевіряйте за посиланням,,https://mizol.ua/ua/10304-ugol-vneshnuy-90-grafutovyy-135-
Кут PROFiL зовнішній 130 цегляний 135°,Кут PROFiL зовнішній 130 цегляний 135°,Публічна картка товару Mizol; детальні параметри перевіряйте за посиланням,,https://mizol.ua/ua/1219-ugol-vneshnuy-130-kurpuchnyy-135-
Кут PROFiL зовнішній 90 червоний 90°,Кут PROFiL зовнішній 90 червоний 90°,Публічна картка товару Mizol; детальні параметри перевіряйте за посиланням,,https://mizol.ua/ua/19543-ugol-vneshnuy-90-krasnyy-90-
Кут зовнішній PROFiL 130 чорний 135°,Кут зовнішній PROFiL 130 чорний 135°,Публічна картка товару Mizol; детальні параметри перевіряйте за посиланням,,https://mizol.ua/ua/68457-ugol-narughnyy-130-chernyy-z-135-
Андріївський узвіз в Києві,Андріївський узвіз в Києві,Публічна картка товару Mizol; детальні параметри перевіряйте за посиланням,,https://mizol.ua/ua/andreevskuy-spusk-v-kueve
Кут PROFiL зовнішній 130 червоний 135°,Кут PROFiL зовнішній 130 червоний 135°,Публічна картка товару Mizol; детальні параметри перевіряйте за посиланням,,https://mizol.ua/ua/19540-ugol-vneshnuy-130-krasnyy-135-
Аквапарк «Цунамі»,Аквапарк «Цунамі»,Публічна картка товару Mizol; детальні параметри перевіряйте за посиланням,,https://mizol.ua/ua/akvapark-cunamu-
Автосалон &quot;Porsche&quot;,Автосалон &quot;Porsche&quot;,Публічна картка товару Mizol; детальні параметри перевіряйте за посиланням,,https://mizol.ua/ua/avtosalon-porsche
Кут PROFiL внутрішній 130 коричневий 135°,Кут PROFiL внутрішній 130 коричневий 135°,Публічна картка товару Mizol; детальні параметри перевіряйте за посиланням,,https://mizol.ua/ua/1268-ugol-vnutrennuy-130-koruchnevyy-135-
Торговий центр METRO,Торговий центр METRO,Публічна картка товару Mizol; детальні параметри перевіряйте за посиланням,,https://mizol.ua/ua/torgovyy-centr-metro
Кут PROFiL внутрішній 90 коричневий 135°,Кут PROFiL внутрішній 90 коричневий 135°,Публічна картка товару Mizol; детальні параметри перевіряйте за посиланням,,https://mizol.ua/ua/1351-ugol-vnutrennuy-90-koruchnevyy-135-
Стадіон «Україна»,Стадіон «Україна»,Публічна картка товару Mizol; детальні параметри перевіряйте за посиланням,,https://mizol.ua/ua/staduon-ukrauna-
Кут PROFiL внутрішній 130 білий 135°,Кут PROFiL внутрішній 130 білий 135°,Публічна картка товару Mizol; детальні параметри перевіряйте за посиланням,,https://mizol.ua/ua/1267-ugol-vnutrennuy-130-belyy-135-
Реконструкція аеропорту м Дашргуз,Реконструкція аеропорту м Дашргуз,Публічна картка товару Mizol; детальні параметри перевіряйте за посиланням,,https://mizol.ua/ua/rekonstrukcuya-aeroporta-g-dashoguz
Кут PROFiL внутрішній 90 білий 135°,Кут PROFiL внутрішній 90 білий 135°,Публічна картка товару Mizol; детальні параметри перевіряйте за посиланням,,https://mizol.ua/ua/1350-ugol-vnutrennuy-90-belyy-135-
Кут PROFiL внутрішній 130 графітовий 135°,Кут PROFiL внутрішній 130 графітовий 135°,Публічна картка товару Mizol; детальні параметри перевіряйте за посиланням,,https://mizol.ua/ua/1214-ugol-vnutrennuy-130-grafutovyy-135-
Кут PROFiL внутрішній 90 графітовий 135°,Кут PROFiL внутрішній 90 графітовий 135°,Публічна картка товару Mizol; детальні параметри перевіряйте за посиланням,,https://mizol.ua/ua/11019-ugol-vnutrennuy-90-grafutovyy-135-
Кут PROFiL внутрішній 130 червоний 135°,Кут PROFiL внутрішній 130 червоний 135°,Публічна картка товару Mizol; детальні параметри перевіряйте за посиланням,,https://mizol.ua/ua/19536-ugol-vnutrennuy-130-krasnyy-135-
Кут PROFiL внутрішній 90 цегляний 135°,Кут PROFiL внутрішній 90 цегляний 135°,Публічна картка товару Mizol; детальні параметри перевіряйте за посиланням,,https://mizol.ua/ua/1298-ugol-vnutrennuy-90-kurpuchnyy-135-
Кут внутрішній PROFiL 130 чорний 135°,Кут внутрішній PROFiL 130 чорний 135°,Публічна картка товару Mizol; детальні параметри перевіряйте за посиланням,,https://mizol.ua/ua/68448-ugol-vnutrennuy-130-chernyy-w-135-
Кут внутрішній PROFiL 90 чорний 135°,Кут внутрішній PROFiL 90 чорний 135°,Публічна картка товару Mizol; детальні параметри перевіряйте за посиланням,,https://mizol.ua/ua/68485-ugol-vnutrennuy-90-chernyy-w-135-
Кут PROFiL внутрішній 90 червоний 135°,Кут PROFiL внутрішній 90 червоний 135°,Публічна картка товару Mizol; детальні параметри перевіряйте за посиланням,,https://mizol.ua/ua/19537-ugol-vnutrennuy-90-krasnyy-135-
Лійка PROFiL ліва 130 коричнева,Лійка PROFiL ліва 130 коричнева,Публічна картка товару Mizol; детальні параметри перевіряйте за посиланням,,https://mizol.ua/ua/1249-luvnepruemnuk-levyy-130-koruchnevyy
Лійка PROFiL ліва 90 коричнева,Лійка PROFiL ліва 90 коричнева,Публічна картка товару Mizol; детальні параметри перевіряйте за посиланням,,https://mizol.ua/ua/1325-luvnepruemnuk-levyy-90-koruchnevyy
Лійка PROFiL ліва 130 біла,Лійка PROFiL ліва 130 біла,Публічна картка товару Mizol; детальні параметри перевіряйте за посиланням,,https://mizol.ua/ua/1248-luvnepruemnuk-levyy-130-belyy
Лійка PROFiL ліва 90 біла,Лійка PROFiL ліва 90 біла,Публічна картка товару Mizol; детальні параметри перевіряйте за посиланням,,https://mizol.ua/ua/1324-luvnepruemnuk-levyy-90-belyy
Лійка PROFiL ліва 130 графітова,Лійка PROFiL ліва 130 графітова,Публічна картка товару Mizol; детальні параметри перевіряйте за посиланням,,https://mizol.ua/ua/1194-luvnepruemnuk-levyy-130-grafutovyy
Лійка PROFiL ліва 90 графітова,Лійка PROFiL ліва 90 графітова,Публічна картка товару Mizol; детальні параметри перевіряйте за посиланням,,https://mizol.ua/ua/1394-luvnepruemnuk-levyy-90-grafutovyy
Лійка PROFiL ліва 130 цегляна,Лійка PROFiL ліва 130 цегляна,Публічна картка товару Mizol; детальні параметри перевіряйте за посиланням,,https://mizol.ua/ua/1195-luvnepruemnuk-levyy-130-kurpuchnyy
Лійка PROFiL ліва 90 цегляна,Лійка PROFiL ліва 90 цегляна,Публічна картка товару Mizol; детальні параметри перевіряйте за посиланням,,https://mizol.ua/ua/1292-luvnepruemnuk-levyy-90-kurpuchnyy
Лійка PROFiL ліва 130 чорна,Лійка PROFiL ліва 130 чорна,Публічна картка товару Mizol; детальні параметри перевіряйте за посиланням,,https://mizol.ua/ua/68458-luvnepruemnuk-levyy-l-130-chernyy
Лійка PROFiL ліва 130 червона,Лійка PROFiL ліва 130 червона,Публічна картка товару Mizol; детальні параметри перевіряйте за посиланням,,https://mizol.ua/ua/19522-luvnepruemnuk-levyy-130-krasnyy
Лійка PROFiL ліва 90 червона,Лійка PROFiL ліва 90 червона,Публічна картка товару Mizol; детальні параметри перевіряйте за посиланням,,https://mizol.ua/ua/19523-luvnepruemnuk-levyy-90-krasnyy
Лійка PROFiL права 130 коричнева,Лійка PROFiL права 130 коричнева,Публічна картка товару Mizol; детальні параметри перевіряйте за посиланням,,https://mizol.ua/ua/1251-luvnepruemnuk-pravyy-130-koruchnevyy
Лійка PROFiL права 90 коричнева,Лійка PROFiL права 90 коричнева,Публічна картка товару Mizol; детальні параметри перевіряйте за посиланням,,https://mizol.ua/ua/1327-luvnepruemnuk-pravyy-90-koruchnevyy
Лійка PROFiL права 130 біла,Лійка PROFiL права 130 біла,Публічна картка товару Mizol; детальні параметри перевіряйте за посиланням,,https://mizol.ua/ua/1250-luvnepruemnuk-pravyy-130-belyy
Лійка PROFiL права 90 біла,Лійка PROFiL права 90 біла,Публічна картка товару Mizol; детальні параметри перевіряйте за посиланням,,https://mizol.ua/ua/1326-luvnepruemnuk-pravyy-90-belyy
Лійка PROFiL права 130 графітова,Лійка PROFiL права 130 графітова,Публічна картка товару Mizol; детальні параметри перевіряйте за посиланням,,https://mizol.ua/ua/1196-luvnepruemnuk-pravyy-130-grafutovyy
Лійка PROFiL права 90 графітова,Лійка PROFiL права 90 графітова,Публічна картка товару Mizol; детальні параметри перевіряйте за посиланням,,https://mizol.ua/ua/9175-luvnepruemnuk-pravyy-90-grafutovyy
Лійка PROFiL права 130 цегляна,Лійка PROFiL права 130 цегляна,Публічна картка товару Mizol; детальні параметри перевіряйте за посиланням,,https://mizol.ua/ua/1197-luvnepruemnuk-pravyy-130-kurpuchnyy
Лійка PROFiL права 90 цегляна,Лійка PROFiL права 90 цегляна,Публічна картка товару Mizol; детальні параметри перевіряйте за посиланням,,https://mizol.ua/ua/1293-luvnepruemnuk-pravyy-90-kurpuchnyy
Лійка PROFiL права 130 чорна,Лійка PROFiL права 130 чорна,Публічна картка товару Mizol; детальні параметри перевіряйте за посиланням,,https://mizol.ua/ua/68459-luvnepruemnuk-pravyy-r-130-chernyy
Лійка PROFiL права 90 чорна,Лійка PROFiL права 90 чорна,Публічна картка товару Mizol; детальні параметри перевіряйте за посиланням,,https://mizol.ua/ua/68490-luvnepruemnuk-pravyy-r-90-chernyy
Лійка PROFiL права 130 червона,Лійка PROFiL права 130 червона,Публічна картка товару Mizol; детальні параметри перевіряйте за посиланням,,https://mizol.ua/ua/19524-luvnepruemnuk-pravyy-130-krasnyy
Лійка PROFiL права 90 червона,Лійка PROFiL права 90 червона,Публічна картка товару Mizol; детальні параметри перевіряйте за посиланням,,https://mizol.ua/ua/19525-luvnepruemnuk-pravyy-90-krasnyy
Лійка PROFiL прохідна 130 коричнева,Лійка PROFiL прохідна 130 коричнева,Публічна картка товару Mizol; детальні параметри перевіряйте за посиланням,,https://mizol.ua/ua/1253-luvnepruemnuk-prohodnoy-130-koruchnevyy
Лійка PROFiL прохідна 90 коричнева,Лійка PROFiL прохідна 90 коричнева,Публічна картка товару Mizol; детальні параметри перевіряйте за посиланням,,https://mizol.ua/ua/1329-luvnepruemnuk-prohodnoy-90-koruchnevyy
Лійка PROFiL прохідна 130 біла,Лійка PROFiL прохідна 130 біла,Публічна картка товару Mizol; детальні параметри перевіряйте за посиланням,,https://mizol.ua/ua/1252-luvnepruemnuk-prohodnoy-130-belyy
Лійка PROFiL прохідна 90 біла,Лійка PROFiL прохідна 90 біла,Публічна картка товару Mizol; детальні параметри перевіряйте за посиланням,,https://mizol.ua/ua/1328-luvnepruemnuk-prohodnoy-90-belyy
Лійка PROFiL прохідна 130 графітова,Лійка PROFiL прохідна 130 графітова,Публічна картка товару Mizol; детальні параметри перевіряйте за посиланням,,https://mizol.ua/ua/1198-luvnepruemnuk-prohodnoy-130-grafutovyy
Лійка PROFiL прохідна 90 графiтова,Лійка PROFiL прохідна 90 графiтова,Публічна картка товару Mizol; детальні параметри перевіряйте за посиланням,,https://mizol.ua/ua/2781-luvnepruemnuk-prohodnoy-90-grafutovyy
Лійка PROFiL прохідна 130 цегляна,Лійка PROFiL прохідна 130 цегляна,Публічна картка товару Mizol; детальні параметри перевіряйте за посиланням,,https://mizol.ua/ua/1199-luvnepruemnuk-prohodnoy-130-kurpuchnyy
Лійка PROFiL прохідна 90 цегляна,Лійка PROFiL прохідна 90 цегляна,Публічна картка товару Mizol; детальні параметри перевіряйте за посиланням,,https://mizol.ua/ua/1294-luvnepruemnuk-prohodnoy-90-kurpuchnyy
Лійка PROFiL прохідна 130 чорна,Лійка PROFiL прохідна 130 чорна,Публічна картка товару Mizol; детальні параметри перевіряйте за посиланням,,https://mizol.ua/ua/68460-luvnepruemnuk-prohodnoy-130-chernyy
Лійка PROFiL прохідна 90 чорна,Лійка PROFiL прохідна 90 чорна,Публічна картка товару Mizol; детальні параметри перевіряйте за посиланням,,https://mizol.ua/ua/68491-luvnepruemnuk-prohodnoy-90-chernyy
Лійка PROFiL прохідна 130 червона,Лійка PROFiL прохідна 130 червона,Публічна картка товару Mizol; детальні параметри перевіряйте за посиланням,,https://mizol.ua/ua/19526-luvnepruemnuk-prohodnoy-130-krasnyy
Лійка PROFiL прохідна 90 червона,Лійка PROFiL прохідна 90 червона,Публічна картка товару Mizol; детальні параметри перевіряйте за посиланням,,https://mizol.ua/ua/19527-luvnepruemnuk-prohodnoy-90-krasnyy
Заглушка ринви PROFiL ліва 130 коричнева,Заглушка ринви PROFiL ліва 130 коричнева,Публічна картка товару Mizol; детальні параметри перевіряйте за посиланням,,https://mizol.ua/ua/1243-zaglushka-gheloba-levaya-130-koruchnevaya
Заглушка ринви PROFiL ліва 90 коричнева,Заглушка ринви PROFiL ліва 90 коричнева,Публічна картка товару Mizol; детальні параметри перевіряйте за посиланням,,https://mizol.ua/ua/1314-zaglushka-gheloba-levaya-90-koruchnevaya
Заглушка ринви PROFiL ліва 130 біла,Заглушка ринви PROFiL ліва 130 біла,Публічна картка товару Mizol; детальні параметри перевіряйте за посиланням,,https://mizol.ua/ua/1242-zaglushka-gheloba-levaya-130-belaya
Заглушка ринви PROFiL ліва 90 біла,Заглушка ринви PROFiL ліва 90 біла,Публічна картка товару Mizol; детальні параметри перевіряйте за посиланням,,https://mizol.ua/ua/1383-zaglushka-gheloba-levaya-90-belaya
Заглушка ринви PROFiL ліва L 130 графітова,Заглушка ринви PROFiL ліва L 130 графітова,Публічна картка товару Mizol; детальні параметри перевіряйте за посиланням,,https://mizol.ua/ua/1188-zaglushka-gheloba-levaya-130-grafutovaya
Заглушка ринви PROFiL ліва 90 графiтова,Заглушка ринви PROFiL ліва 90 графiтова,Публічна картка товару Mizol; детальні параметри перевіряйте за посиланням,,https://mizol.ua/ua/2778-zaglushka-gheloba-levaya-90-grafutovaya
Заглушка ринви PROFiL ліва L 130 цегляна,Заглушка ринви PROFiL ліва L 130 цегляна,Публічна картка товару Mizol; детальні параметри перевіряйте за посиланням,,https://mizol.ua/ua/1189-zaglushka-gheloba-levaya-130-kurpuchnaya
Заглушка ринви PROFiL ліва 90 цегляна,Заглушка ринви PROFiL ліва 90 цегляна,Публічна картка товару Mizol; детальні параметри перевіряйте за посиланням,,https://mizol.ua/ua/1289-zaglushka-gheloba-levaya-90-kurpuchnaya
Заглушка ринви PROFiL ліва 130 чорна,Заглушка ринви PROFiL ліва 130 чорна,Публічна картка товару Mizol; детальні параметри перевіряйте за посиланням,,https://mizol.ua/ua/68444-zaglushka-gheloba-levaya-l-130-chernaya
Заглушка ринви PROFiL ліва 90 чорна,Заглушка ринви PROFiL ліва 90 чорна,Публічна картка товару Mizol; детальні параметри перевіряйте за посиланням,,https://mizol.ua/ua/68481-zaglushka-gheloba-levaya-l-90-chernaya
Заглушка ринви PROFiL ліва 130 червона,Заглушка ринви PROFiL ліва 130 червона,Публічна картка товару Mizol; детальні параметри перевіряйте за посиланням,,https://mizol.ua/ua/19518-zaglushka-gheloba-levaya-130-krasnaya
Заглушка ринви PROFiL ліва 90 червона,Заглушка ринви PROFiL ліва 90 червона,Публічна картка товару Mizol; детальні параметри перевіряйте за посиланням,,https://mizol.ua/ua/19519-zaglushka-gheloba-levaya-90-krasnaya
Заглушка ринви PROFiL права 130 коричнева,Заглушка ринви PROFiL права 130 коричнева,Публічна картка товару Mizol; детальні параметри перевіряйте за посиланням,,https://mizol.ua/ua/1245-zaglushka-gheloba-pravaya-130-koruchnevaya
Заглушка ринви PROFiL права 90 коричнева,Заглушка ринви PROFiL права 90 коричнева,Публічна картка товару Mizol; детальні параметри перевіряйте за посиланням,,https://mizol.ua/ua/1389-zaglushka-gheloba-pravaya-90-koruchnevaya
Заглушка ринви PROFiL права 130 біла,Заглушка ринви PROFiL права 130 біла,Публічна картка товару Mizol; детальні параметри перевіряйте за посиланням,,https://mizol.ua/ua/1244-zaglushka-gheloba-pravaya-130-belaya
Заглушка ринви PROFiL права 90 біла,Заглушка ринви PROFiL права 90 біла,Публічна картка товару Mizol; детальні параметри перевіряйте за посиланням,,https://mizol.ua/ua/1386-zaglushka-gheloba-pravaya-90-belaya
Заглушка ринви PROFiL права Р 130 графітова,Заглушка ринви PROFiL права Р 130 графітова,Публічна картка товару Mizol; детальні параметри перевіряйте за посиланням,,https://mizol.ua/ua/1190-zaglushka-gheloba-pravaya-130-grafutovaya
Заглушка ринви PROFiL права 90 графітова,Заглушка ринви PROFiL права 90 графітова,Публічна картка товару Mizol; детальні параметри перевіряйте за посиланням,,https://mizol.ua/ua/1390-zaglushka-gheloba-pravaya-90-grafutovaya
Заглушка ринви PROFiL права Р 130 цегляна,Заглушка ринви PROFiL права Р 130 цегляна,Публічна картка товару Mizol; детальні параметри перевіряйте за посиланням,,https://mizol.ua/ua/1191-zaglushka-gheloba-pravaya-130-kurpuchnaya
Заглушка ринви PROFiL права 90 цегляна,Заглушка ринви PROFiL права 90 цегляна,Публічна картка товару Mizol; детальні параметри перевіряйте за посиланням,,https://mizol.ua/ua/1290-zaglushka-gheloba-pravaya-90-kurpuchnaya
Заглушка ринви PROFiL права 130 чорна,Заглушка ринви PROFiL права 130 чорна,Публічна картка товару Mizol; детальні параметри перевіряйте за посиланням,,https://mizol.ua/ua/68445-zaglushka-gheloba-pravaya-r-130-chernaya
Заглушка ринви PROFiL права 90 чорна,Заглушка ринви PROFiL права 90 чорна,Публічна картка товару Mizol; детальні параметри перевіряйте за посиланням,,https://mizol.ua/ua/68482-zaglushka-gheloba-pravaya-r-90-chernaya
Заглушка ринви PROFiL права 130 червона,Заглушка ринви PROFiL права 130 червона,Публічна картка товару Mizol; детальні параметри перевіряйте за посиланням,,https://mizol.ua/ua/19520-zaglushka-gheloba-pravaya-130-krasnaya
Заглушка ринви PROFiL права 90 червона,Заглушка ринви PROFiL права 90 червона,Публічна картка товару Mizol; детальні параметри перевіряйте за посиланням,,https://mizol.ua/ua/19521-zaglushka-gheloba-pravaya-90-krasnaya
Горло ринви PROFiL 130 коричневе,Горло ринви PROFiL 130 коричневе,Публічна картка товару Mizol; детальні параметри перевіряйте за посиланням,,https://mizol.ua/ua/1225-gorlo-gheloba-130-koruchnevoe
Горло ринви PROFiL 130 біле,Горло ринви PROFiL 130 біле,Публічна картка товару Mizol; детальні параметри перевіряйте за посиланням,,https://mizol.ua/ua/1224-gorlo-gheloba-130-beloe
Горло ринви PROFiL 130 графітове,Горло ринви PROFiL 130 графітове,Публічна картка товару Mizol; детальні параметри перевіряйте за посиланням,,https://mizol.ua/ua/13251-gorlo-gheloba-130-grafutovoe
Труба водостічна PROFiL 100 коричнева 3м,водостічна система,Публічна картка товару Mizol; детальні параметри перевіряйте за посиланням,,https://mizol.ua/ua/2795-truba-100-koruchnevaya-3-m
Труба водостічна PROFiL 100 коричнева 4м,водостічна система,Публічна картка товару Mizol; детальні параметри перевіряйте за посиланням,,https://mizol.ua/ua/1212-truba-100-koruchnevaya-4-m
Труба водостічна PROFiL 100 біла 3м,водостічна система,Публічна картка товару Mizol; детальні параметри перевіряйте за посиланням,,https://mizol.ua/ua/2792-truba-100-belaya-3-m
Труба водостічна PROFiL 100 біла 4м,водостічна система,Публічна картка товару Mizol; детальні параметри перевіряйте за посиланням,,https://mizol.ua/ua/2796-truba-100-belaya-4-m
Труба водостічна PROFiL 100 графітова 3м,водостічна система,Публічна картка товару Mizol; детальні параметри перевіряйте за посиланням,,https://mizol.ua/ua/2793-truba-100-grafutovaya-3-m
Труба водостічна PROFiL 100 графітова 4м,водостічна система,Публічна картка товару Mizol; детальні параметри перевіряйте за посиланням,,https://mizol.ua/ua/2797-truba-100-grafutovaya-4-m
Труба водостічна PROFiL 100 цегляна 3м,водостічна система,Публічна картка товару Mizol; детальні параметри перевіряйте за посиланням,,https://mizol.ua/ua/2794-truba-100-kurpuchnaya-3-m
Труба водостічна PROFiL 100 цегляна 4м,водостічна система,Публічна картка товару Mizol; детальні параметри перевіряйте за посиланням,,https://mizol.ua/ua/2798-truba-100-kurpuchnaya-4-m
Труба водостічна PROFiL 100 чорна 3м,водостічна система,Публічна картка товару Mizol; детальні параметри перевіряйте за посиланням,,https://mizol.ua/ua/68463-truba-vodostochnaya-profil-100-chernaya-3m
Труба водостічна PROFiL 100 чорна 4м,водостічна система,Публічна картка товару Mizol; детальні параметри перевіряйте за посиланням,,https://mizol.ua/ua/68464-truba-vodostochnaya-100-chernaya-4m
Труба водостічна PROFiL 100 червона 3м,водостічна система,Публічна картка товару Mizol; детальні параметри перевіряйте за посиланням,,https://mizol.ua/ua/19532-truba-100-krasnaya-3-m
Труба водостічна PROFiL 100 червона 4м,водостічна система,Публічна картка товару Mizol; детальні параметри перевіряйте за посиланням,,https://mizol.ua/ua/19533-truba-100-krasnaya-4-m
Труба водостічна PROFiL 75 коричнева 3м,водостічна система,Публічна картка товару Mizol; детальні параметри перевіряйте за посиланням,,https://mizol.ua/ua/1347-truba-75-koruchnevaya-3-m
Труба водостічна PROFiL 75 коричнева 4м,водостічна система,Публічна картка товару Mizol; детальні параметри перевіряйте за посиланням,,https://mizol.ua/ua/1349-truba-75-koruchnevaya-4-m
Труба водостічна PROFiL 75 біла 4м,водостічна система,Публічна картка товару Mizol; детальні параметри перевіряйте за посиланням,,https://mizol.ua/ua/1348-truba-75-belaya-4-m
Труба водостічна PROFiL 75 графiтова 3м,водостічна система,Публічна картка товару Mizol; детальні параметри перевіряйте за посиланням,,https://mizol.ua/ua/2788-truba-75-grafutovaya-3-m
Труба водостічна PROFiL 75 графiтова 4м,водостічна система,Публічна картка товару Mizol; детальні параметри перевіряйте за посиланням,,https://mizol.ua/ua/2789-truba-75-grafutovaya-4-m
Труба водостічна PROFiL 75 цегляна 3м,водостічна система,Публічна картка товару Mizol; детальні параметри перевіряйте за посиланням,,https://mizol.ua/ua/1297-truba-75-kurpuchnaya-3-m
Труба водостічна PROFiL 75 чорна 3м,водостічна система,Публічна картка товару Mizol; детальні параметри перевіряйте за посиланням,,https://mizol.ua/ua/68493-truba-vodostochnaya-75-chernaya-3m
Труба водостічна PROFiL 75 червона 3м,водостічна система,Публічна картка товару Mizol; детальні параметри перевіряйте за посиланням,,https://mizol.ua/ua/19534-truba-75-krasnaya-3-m
Коліно PROFiL 100 коричневе,Коліно PROFiL 100 коричневе,Публічна картка товару Mizol; детальні параметри перевіряйте за посиланням,,https://mizol.ua/ua/1247-koleno-100-koruchnevoe
Коліно PROFiL 75 коричневе,Коліно PROFiL 75 коричневе,Публічна картка товару Mizol; детальні параметри перевіряйте за посиланням,,https://mizol.ua/ua/1321-koleno-75-koruchnevoe
Коліно PROFiL 100 біле,Коліно PROFiL 100 біле,Публічна картка товару Mizol; детальні параметри перевіряйте за посиланням,,https://mizol.ua/ua/1246-koleno-100-beloe
Коліно PROFiL 75 біле,Коліно PROFiL 75 біле,Публічна картка товару Mizol; детальні параметри перевіряйте за посиланням,,https://mizol.ua/ua/1320-koleno-75-beloe
Коліно PROFiL 100 графітове,Коліно PROFiL 100 графітове,Публічна картка товару Mizol; детальні параметри перевіряйте за посиланням,,https://mizol.ua/ua/1192-koleno-100-grafutovoe
Коліно PROFiL 75 графiтове,Коліно PROFiL 75 графiтове,Публічна картка товару Mizol; детальні параметри перевіряйте за посиланням,,https://mizol.ua/ua/2780-koleno-75-grafutovoe
Коліно дворозтрубне PROFiL 75 графiтове,Коліно дворозтрубне PROFiL 75 графiтове,Публічна картка товару Mizol; детальні параметри перевіряйте за посиланням,,https://mizol.ua/ua/41008-koleno-profil-dvuhrastruboe-75-grafutovoe
Коліно PROFiL 100 цегляне,Коліно PROFiL 100 цегляне,Публічна картка товару Mizol; детальні параметри перевіряйте за посиланням,,https://mizol.ua/ua/1193-koleno-100-kurpuchnoe
Коліно PROFiL 75 цегляне,Коліно PROFiL 75 цегляне,Публічна картка товару Mizol; детальні параметри перевіряйте за посиланням,,https://mizol.ua/ua/1291-koleno-75-kurpuchnoe
Коліно PROFiL 100 чорне,Коліно PROFiL 100 чорне,Публічна картка товару Mizol; детальні параметри перевіряйте за посиланням,,https://mizol.ua/ua/68446-koleno-100-chernoe
Коліно PROFiL 75 чорне,Коліно PROFiL 75 чорне,Публічна картка товару Mizol; детальні параметри перевіряйте за посиланням,,https://mizol.ua/ua/68483-koleno-75-chernoe
Коліно PROFiL 100 червоне,Коліно PROFiL 100 червоне,Публічна картка товару Mizol; детальні параметри перевіряйте за посиланням,,https://mizol.ua/ua/19918-koleno-100-krasnoe
Коліно PROFiL 75 червоне,Коліно PROFiL 75 червоне,Публічна картка товару Mizol; детальні параметри перевіряйте за посиланням,,https://mizol.ua/ua/20403-koleno-75-krasnoe
Коліно дворозтрубне PROFiL 100 коричневе,Коліно дворозтрубне PROFiL 100 коричневе,Публічна картка товару Mizol; детальні параметри перевіряйте за посиланням,,https://mizol.ua/ua/39313-koleno-dvuhrastrubnoe-100-koruchnevoe-
Коліно дворозтрубне PROFiL 75 коричневе,Коліно дворозтрубне PROFiL 75 коричневе,Публічна картка товару Mizol; детальні параметри перевіряйте за посиланням,,https://mizol.ua/ua/39314-koleno-dvuhrastrubnoe-75-koruchnevoe
Коліно дворозтрубне PROFiL 100 біле,Коліно дворозтрубне PROFiL 100 біле,Публічна картка товару Mizol; детальні параметри перевіряйте за посиланням,,https://mizol.ua/ua/44993-koleno-dvuhrastrubnoe-100-beloe
Коліно дворозтрубне PROFiL 75 біле,Коліно дворозтрубне PROFiL 75 біле,Публічна картка товару Mizol; детальні параметри перевіряйте за посиланням,,https://mizol.ua/ua/40318-koleno-75-dvuhrastrubnoe-beloe
Коліно дворозтрубне PROFiL 100 графітове,Коліно дворозтрубне PROFiL 100 графітове,Публічна картка товару Mizol; детальні параметри перевіряйте за посиланням,,https://mizol.ua/ua/44711-koleno-dvuhrastrubnoe-profil-100-grafutovoe
Коліно дворозтрубне PROFiL 100 цегла,Коліно дворозтрубне PROFiL 100 цегла,Публічна картка товару Mizol; детальні параметри перевіряйте за посиланням,,https://mizol.ua/ua/44710-koleno-dvuhrastrubnoe-100-kurpuchnoe
Коліно дворозтрубне PROFiL 75 цегляне,Коліно дворозтрубне PROFiL 75 цегляне,Публічна картка товару Mizol; детальні параметри перевіряйте за посиланням,,https://mizol.ua/ua/40316-koleno-dvuhrastrubnoe-75-kurpuchnoe
Коліно дворозтрубне PROFiL 100 чорне,Коліно дворозтрубне PROFiL 100 чорне,Публічна картка товару Mizol; детальні параметри перевіряйте за посиланням,,https://mizol.ua/ua/68447-koleno-dvuhrastrubnoe-100-chernoe
Коліно дворозтрубне PROFiL 75 чорне,Коліно дворозтрубне PROFiL 75 чорне,Публічна картка товару Mizol; детальні параметри перевіряйте за посиланням,,https://mizol.ua/ua/68484-koleno-dvuhrastrubnoe-75-chernoe
Коліно дворозтрубне PROFiL 100 червоне,Коліно дворозтрубне PROFiL 100 червоне,Публічна картка товару Mizol; детальні параметри перевіряйте за посиланням,,https://mizol.ua/ua/44709-koleno-dvuhrastrubnoe-100-krasnoe
Коліно дворозтрубне PROFiL 75 червоне,Коліно дворозтрубне PROFiL 75 червоне,Публічна картка товару Mizol; детальні параметри перевіряйте за посиланням,,https://mizol.ua/ua/40315-koleno-75-dvuhrastrubnoe-krasnoe
З`єднувач труби PROFiL 100 коричневий,З`єднувач труби PROFiL 100 коричневий,Публічна картка товару Mizol; детальні параметри перевіряйте за посиланням,,https://mizol.ua/ua/1264-soedunutely-truby-130-koruchnevyy
З`єднувач труби PROFiL 75 коричневий,З`єднувач труби PROFiL 75 коричневий,Публічна картка товару Mizol; детальні параметри перевіряйте за посиланням,,https://mizol.ua/ua/1339-soedunutely-truby-90-koruchnevyy
З'єднувач труби PROFiL 100 білий,З'єднувач труби PROFiL 100 білий,Публічна картка товару Mizol; детальні параметри перевіряйте за посиланням,,https://mizol.ua/ua/1263-soedunutely-truby-130-belyy
З`єднувач труби PROFiL 75 білий,З`єднувач труби PROFiL 75 білий,Публічна картка товару Mizol; детальні параметри перевіряйте за посиланням,,https://mizol.ua/ua/1338-soedunutely-truby-90-belyy
З`єднувач труби PROFiL 100 графітовий,З`єднувач труби PROFiL 100 графітовий,Публічна картка товару Mizol; детальні параметри перевіряйте за посиланням,,https://mizol.ua/ua/1208-soedunutely-truby-130-grafutovyy
З`єднувач труби PROFiL 75 графiтовий,З`єднувач труби PROFiL 75 графiтовий,Публічна картка товару Mizol; детальні параметри перевіряйте за посиланням,,https://mizol.ua/ua/2786-soedunutely-truby-90-grafutovyy
З`єднувач труби PROFiL 100 цегляний,З`єднувач труби PROFiL 100 цегляний,Публічна картка товару Mizol; детальні параметри перевіряйте за посиланням,,https://mizol.ua/ua/1209-soedunutely-truby-130-kurpuchnyy
З`єднувач труби Profi 75 цегляний,З`єднувач труби Profi 75 цегляний,Публічна картка товару Mizol; детальні параметри перевіряйте за посиланням,,https://mizol.ua/ua/1296-soedunutely-truby-90-kurpuchnyy
З`єднувач труби PROFiL 100 чорний,З`єднувач труби PROFiL 100 чорний,Публічна картка товару Mizol; детальні параметри перевіряйте за посиланням,,https://mizol.ua/ua/68443-soedunutely-truby-130-chernyy
З`єднувач труби PROFiL 75 чорний,З`єднувач труби PROFiL 75 чорний,Публічна картка товару Mizol; детальні параметри перевіряйте за посиланням,,https://mizol.ua/ua/68480-soedunutely-truby-90-chernyy
З`єднувач труби PROFiL 130 червоний,З`єднувач труби PROFiL 130 червоний,Публічна картка товару Mizol; детальні параметри перевіряйте за посиланням,,https://mizol.ua/ua/19530-soedunutely-truby-130-krasnyy
З`єднувач труби PROFiL 90 червоний,З`єднувач труби PROFiL 90 червоний,Публічна картка товару Mizol; детальні параметри перевіряйте за посиланням,,https://mizol.ua/ua/19531-soedunutely-truby-90-krasnyy
Трійник Profil 100/100/67 130 коричневий,Трійник Profil 100/100/67 130 коричневий,Публічна картка товару Mizol; детальні параметри перевіряйте за посиланням,,https://mizol.ua/ua/1266-troynuk-10010067-130-koruchnevyy
Трійник Profil 100/100/67 130 білий,Трійник Profil 100/100/67 130 білий,Публічна картка товару Mizol; детальні параметри перевіряйте за посиланням,,https://mizol.ua/ua/1265-troynuk-10010067-130-belyy
Трійник Profil 100/100/67 130 графітовий,Трійник Profil 100/100/67 130 графітовий,Публічна картка товару Mizol; детальні параметри перевіряйте за посиланням,,https://mizol.ua/ua/1210-troynuk-10010067-130-grafutovyy
Трійник Profil 100/100/67 130 цегляний,Трійник Profil 100/100/67 130 цегляний,Публічна картка товару Mizol; детальні параметри перевіряйте за посиланням,,https://mizol.ua/ua/1211-troynuk-10010067-130-kurpuchnyy
Трійник Profil 100/100/67 130 чорний,Трійник Profil 100/100/67 130 чорний,Публічна картка товару Mizol; детальні параметри перевіряйте за посиланням,,https://mizol.ua/ua/68462-troynuk-10010067-130-chernyy
Трійник Profil 100/100/67 130 червоний,Трійник Profil 100/100/67 130 червоний,Публічна картка товару Mizol; детальні параметри перевіряйте за посиланням,,https://mizol.ua/ua/20180-troynuk-10010067-130-krasnyy
Трійник Profil 100/75/67 90 коричневий,Трійник Profil 100/75/67 90 коричневий,Публічна картка товару Mizol; детальні параметри перевіряйте за посиланням,,https://mizol.ua/ua/1341-troynuk-1007567-90-koruchnevyy
Трійник Profil 100/75/67 90 білий,Трійник Profil 100/75/67 90 білий,Публічна картка товару Mizol; детальні параметри перевіряйте за посиланням,,https://mizol.ua/ua/1340-troynuk-1007567-90-belyy
Трійник Profil 100/75/60 90 графітовий,Трійник Profil 100/75/60 90 графітовий,Публічна картка товару Mizol; детальні параметри перевіряйте за посиланням,,https://mizol.ua/ua/2787-troynuk-1007567-90-grafutovyy
Трійник Profil 75/75/67 90 коричневий,Трійник Profil 75/75/67 90 коричневий,Публічна картка товару Mizol; детальні параметри перевіряйте за посиланням,,https://mizol.ua/ua/1343-troynuk-757567-90-koruchnevyy
Трійник Profil 75/75/67 90 білий,Трійник Profil 75/75/67 90 білий,Публічна картка товару Mizol; детальні параметри перевіряйте за посиланням,,https://mizol.ua/ua/1342-troynuk-757567-90-belyy
Трійник Profil 75/75/67 90 графітовий,Трійник Profil 75/75/67 90 графітовий,Публічна картка товару Mizol; детальні параметри перевіряйте за посиланням,,https://mizol.ua/ua/13837-troynuk-757567-90-grafutovyy
Тримач труби PROFiL метал. L100 100 коричневий,Тримач труби PROFiL метал. L100 100 коричневий,Публічна картка товару Mizol; детальні параметри перевіряйте за посиланням,,https://mizol.ua/ua/1235-derghately-truby-metall-l100-130-koruchnevyy
Тримач труби PROFiL метал. L100 100 білий,Тримач труби PROFiL метал. L100 100 білий,Публічна картка товару Mizol; детальні параметри перевіряйте за посиланням,,https://mizol.ua/ua/1234-derghately-truby-metall-l100-130-belyy
Тримач труби PROFiL метал. L100 100 графітовий,Тримач труби PROFiL метал. L100 100 графітовий,Публічна картка товару Mizol; детальні параметри перевіряйте за посиланням,,https://mizol.ua/ua/1180-derghately-truby-metall-l100-130-grafutovyy
Тримач труби PROFiL метал. L100 100 цегляний,Тримач труби PROFiL метал. L100 100 цегляний,Публічна картка товару Mizol; детальні параметри перевіряйте за посиланням,,https://mizol.ua/ua/1181-derghately-truby-metall-l100-130-kurpuchnyy
Тримач труби PROFiL метал. L100 100 чорний,Тримач труби PROFiL метал. L100 100 чорний,Публічна картка товару Mizol; детальні параметри перевіряйте за посиланням,,https://mizol.ua/ua/67822-derghately-truby-metal-l100-130-chernyy
Тримач труби PROFiL метал. L100 100 червоний,Тримач труби PROFiL метал. L100 100 червоний,Публічна картка товару Mizol; детальні параметри перевіряйте за посиланням,,https://mizol.ua/ua/19477-derghately-truby-metall-l100-130-krasnyy
Тримач труби PROFiL метал. L100 75 коричневий,Тримач труби PROFiL метал. L100 75 коричневий,Публічна картка товару Mizol; детальні параметри перевіряйте за посиланням,,https://mizol.ua/ua/1311-derghately-truby-metall-l100-90-koruchnevyy
Тримач труби PROFiL метал. L100 75 білий,Тримач труби PROFiL метал. L100 75 білий,Публічна картка товару Mizol; детальні параметри перевіряйте за посиланням,,https://mizol.ua/ua/1310-derghately-truby-metall-l100-90-belyy
Тримач труби PROFiL метал. L100 75 графітовий,Тримач труби PROFiL метал. L100 75 графітовий,Публічна картка товару Mizol; детальні параметри перевіряйте за посиланням,,https://mizol.ua/ua/9174-derghately-truby-metall-l100-90-grafutovyy
Тримач труби PROFiL метал. L100 75 цегляний,Тримач труби PROFiL метал. L100 75 цегляний,Публічна картка товару Mizol; детальні параметри перевіряйте за посиланням,,https://mizol.ua/ua/1286-derghately-truby-metall-l100-90-kurpuchnyy
Тримач труби PROFiL метал. L100 75 чорний,Тримач труби PROFiL метал. L100 75 чорний,Публічна картка товару Mizol; детальні параметри перевіряйте за посиланням,,https://mizol.ua/ua/68474-derghately-truby-profil-metal-l100-75-chernyy
Тримач труби PROFiL метал. L100 75 червоний,Тримач труби PROFiL метал. L100 75 червоний,Публічна картка товару Mizol; детальні параметри перевіряйте за посиланням,,https://mizol.ua/ua/19478-derghately-truby-metall-l100-90-krasnyy
Тримач труби PROFiL метал. L160 100 коричневий,Тримач труби PROFiL метал. L160 100 коричневий,Публічна картка товару Mizol; детальні параметри перевіряйте за посиланням,,https://mizol.ua/ua/1237-derghately-truby-metall-l160-130-koruchnevyy
Тримач труби PROFiL метал. L160 100 білий,Тримач труби PROFiL метал. L160 100 білий,Публічна картка товару Mizol; детальні параметри перевіряйте за посиланням,,https://mizol.ua/ua/1236-derghately-truby-metall-l160-130-belyy
Тримач труби PROFiL метал. L160 100 графітовий,Тримач труби PROFiL метал. L160 100 графітовий,Публічна картка товару Mizol; детальні параметри перевіряйте за посиланням,,https://mizol.ua/ua/1182-derghately-truby-metall-l160-130-grafutovyy
Тримач труби PROFiL метал. L160 100 цегляний,Тримач труби PROFiL метал. L160 100 цегляний,Публічна картка товару Mizol; детальні параметри перевіряйте за посиланням,,https://mizol.ua/ua/1183-derghately-truby-metall-l160-130-kurpuchnyy
Тримач труби PROFiL метал. L160 100 чорний,Тримач труби PROFiL метал. L160 100 чорний,Публічна картка товару Mizol; детальні параметри перевіряйте за посиланням,,https://mizol.ua/ua/68465-derghately-truby-metal-l160-130-chernyy
Тримач труби PROFiL метал. L160 100 червоний,Тримач труби PROFiL метал. L160 100 червоний,Публічна картка товару Mizol; детальні параметри перевіряйте за посиланням,,https://mizol.ua/ua/19479-derghately-truby-metall-l160-130-krasnyy
Тримач труби PROFiL метал. L160 75 коричневий,Тримач труби PROFiL метал. L160 75 коричневий,Публічна картка товару Mizol; детальні параметри перевіряйте за посиланням,,https://mizol.ua/ua/1313-derghately-truby-metall-l160-90-koruchnevyy
Тримач труби PROFiL метал. L160 75 білий,Тримач труби PROFiL метал. L160 75 білий,Публічна картка товару Mizol; детальні параметри перевіряйте за посиланням,,https://mizol.ua/ua/1312-derghately-truby-metall-l160-90-belyy
Держатель труби метал. L-160 75 графіт,Держатель труби метал. L-160 75 графіт,Публічна картка товару Mizol; детальні параметри перевіряйте за посиланням,,https://mizol.ua/ua/3548-derghately-truby-metall-l160-90-grafutovyy
Тримач труби PROFiL метал. L160 75 цегляний,Тримач труби PROFiL метал. L160 75 цегляний,Публічна картка товару Mizol; детальні параметри перевіряйте за посиланням,,https://mizol.ua/ua/1287-derghately-truby-metall-l160-90-kurpuchnyy
Тримач труби PROFiL метал. L160 75 чорний,Тримач труби PROFiL метал. L160 75 чорний,Публічна картка товару Mizol; детальні параметри перевіряйте за посиланням,,https://mizol.ua/ua/68475-derghately-truby-metal-l160-90-chernyy
Тримач труби PROFiL метал. L160 75 червоний,Тримач труби PROFiL метал. L160 75 червоний,Публічна картка товару Mizol; детальні параметри перевіряйте за посиланням,,https://mizol.ua/ua/19480-derghately-truby-metall-l160-90-krasnyy
Тримач труби PROFiL метал. L220 100 коричневий,Тримач труби PROFiL метал. L220 100 коричневий,Публічна картка товару Mizol; детальні параметри перевіряйте за посиланням,,https://mizol.ua/ua/1239-derghately-truby-metall-l220-130-koruchnevyy
Тримач труби PROFiL метал. L220 100 білий,Тримач труби PROFiL метал. L220 100 білий,Публічна картка товару Mizol; детальні параметри перевіряйте за посиланням,,https://mizol.ua/ua/1238-derghately-truby-metall-l220-130-belyy
Тримач труби PROFiL метал. L220 100 графітовий,Тримач труби PROFiL метал. L220 100 графітовий,Публічна картка товару Mizol; детальні параметри перевіряйте за посиланням,,https://mizol.ua/ua/1184-derghately-truby-metall-l220-130-grafutovyy
Тримач труби PROFiL метал. L220 100 цегляний,Тримач труби PROFiL метал. L220 100 цегляний,Публічна картка товару Mizol; детальні параметри перевіряйте за посиланням,,https://mizol.ua/ua/1185-derghately-truby-metall-l220-130-kurpuchnyy
Тримач труби PROFiL метал. L220 100 чорний,Тримач труби PROFiL метал. L220 100 чорний,Публічна картка товару Mizol; детальні параметри перевіряйте за посиланням,,https://mizol.ua/ua/68466-derghately-truby-metal-l220-130-chernyy
Тримач труби PROFiL метал. L220 100 червоний,Тримач труби PROFiL метал. L220 100 червоний,Публічна картка товару Mizol; детальні параметри перевіряйте за посиланням,,https://mizol.ua/ua/19481-derghately-truby-metall-l220-130-krasnyy
Тримач труби PROFiL метал. L220 75 коричневий,Тримач труби PROFiL метал. L220 75 коричневий,Публічна картка товару Mizol; детальні параметри перевіряйте за посиланням,,https://mizol.ua/ua/15079-derghately-truby-profil-metal-l220-90-koruchnevyy
Тримач труби PROFiL метал. L220 75 білий,Тримач труби PROFiL метал. L220 75 білий,Публічна картка товару Mizol; детальні параметри перевіряйте за посиланням,,https://mizol.ua/ua/15078-derghately-truby-profil-metal-l220-90-belyy
Тримач труби PROFiL метал. L2220 75 графітовий,Тримач труби PROFiL метал. L2220 75 графітовий,Публічна картка товару Mizol; детальні параметри перевіряйте за посиланням,,https://mizol.ua/ua/19276-derghately-truby-profil-metal-l220-75-grafutovyy
Тримач труби PROFiL пласт. L100 100 коричневий,Тримач труби PROFiL пласт. L100 100 коричневий,Публічна картка товару Mizol; детальні параметри перевіряйте за посиланням,,https://mizol.ua/ua/1231-derghately-truby-plast-l100-130-koruchnevuy
Тримач труби PROFiL пласт. L100 100 білий,Тримач труби PROFiL пласт. L100 100 білий,Публічна картка товару Mizol; детальні параметри перевіряйте за посиланням,,https://mizol.ua/ua/1230-derghately-truby-plast-l100-130-belyy
Тримач труби PROFiL пласт. L100 100 графітовий,Тримач труби PROFiL пласт. L100 100 графітовий,Публічна картка товару Mizol; детальні параметри перевіряйте за посиланням,,https://mizol.ua/ua/1179-derghately-truby-plast-l100-130-grafutovyy
Тримач труби PROFiL пласт. L100 100 цегляний,Тримач труби PROFiL пласт. L100 100 цегляний,Публічна картка товару Mizol; детальні параметри перевіряйте за посиланням,,https://mizol.ua/ua/14370-derghately-truby-plast-l100-130-kurpuchnyy
Тримач труби PROFiL пласт. L100 100 чорний,Тримач труби PROFiL пласт. L100 100 чорний,Публічна картка товару Mizol; детальні параметри перевіряйте за посиланням,,https://mizol.ua/ua/68467-derghately-truby-plast-l100-130-chernyy
Тримач труби PROFiL пласт. L100 100 червоний,Тримач труби PROFiL пласт. L100 100 червоний,Публічна картка товару Mizol; детальні параметри перевіряйте за посиланням,,https://mizol.ua/ua/20964-derghately-truby-plast-l100-130-krasnyy
Тримач труби PROFiL пласт. L100 75 коричневий,Тримач труби PROFiL пласт. L100 75 коричневий,Публічна картка товару Mizol; детальні параметри перевіряйте за посиланням,,https://mizol.ua/ua/1307-derghately-truby-plast-l100-90-koruchnevyy
Тримач труби PROFiL пласт. L100 75 білий,Тримач труби PROFiL пласт. L100 75 білий,Публічна картка товару Mizol; детальні параметри перевіряйте за посиланням,,https://mizol.ua/ua/1306-derghately-truby-plast-l100-90-belyy
Тримач труби PROFiL пласт. L100 75 графітовий,Тримач труби PROFiL пласт. L100 75 графітовий,Публічна картка товару Mizol; детальні параметри перевіряйте за посиланням,,https://mizol.ua/ua/4501-derghately-truby-profil-plast-l100-75-grafutovyy
Тримач труби PROFiL пластик. L100 75 цегляний,Тримач труби PROFiL пластик. L100 75 цегляний,Публічна картка товару Mizol; детальні параметри перевіряйте за посиланням,,https://mizol.ua/ua/10125-derghately-truby-plast-l100-90-kurpuchnyy
Тримач труби PROFiL пласт. L160 100 коричневий,Тримач труби PROFiL пласт. L160 100 коричневий,Публічна картка товару Mizol; детальні параметри перевіряйте за посиланням,,https://mizol.ua/ua/1233-derghately-truby-plast-l160-130-koruchnevyy
Тримач труби PROFiL пласт. L160 100 білий,Тримач труби PROFiL пласт. L160 100 білий,Публічна картка товару Mizol; детальні параметри перевіряйте за посиланням,,https://mizol.ua/ua/1232-derghately-truby-plast-l160-130-belyy
Тримач труби PROFiL пласт. L160 100 графітовий,Тримач труби PROFiL пласт. L160 100 графітовий,Публічна картка товару Mizol; детальні параметри перевіряйте за посиланням,,https://mizol.ua/ua/10500-derghately-truby-plast-l160-130-grafutovyy
Тримач труби PROFiL пласт. L160 100 цегляний,Тримач труби PROFiL пласт. L160 100 цегляний,Публічна картка товару Mizol; детальні параметри перевіряйте за посиланням,,https://mizol.ua/ua/7603-derghately-truby-plast-l160-130-kurpuchnyy
Тримач труби PROFiL пласт. L160 100 чорний,Тримач труби PROFiL пласт. L160 100 чорний,Публічна картка товару Mizol; детальні параметри перевіряйте за посиланням,,https://mizol.ua/ua/68468-derghately-truby-plast-l160-130-chernyy
Тримач труби PROFiL пласт. L160 100 червоний,Тримач труби PROFiL пласт. L160 100 червоний,Публічна картка товару Mizol; детальні параметри перевіряйте за посиланням,,https://mizol.ua/ua/20965-derghately-truby-plast-l160-130-krasnyy
Тримач труби PROFiL пласт. L160 75 коричневий,Тримач труби PROFiL пласт. L160 75 коричневий,Публічна картка товару Mizol; детальні параметри перевіряйте за посиланням,,https://mizol.ua/ua/1309-derghately-truby-plast-l160-90-koruchnevyy
Тримач труби PROFiL пласт. L160 75 білий,Тримач труби PROFiL пласт. L160 75 білий,Публічна картка товару Mizol; детальні параметри перевіряйте за посиланням,,https://mizol.ua/ua/1308-derghately-truby-plast-l160-90-belyy
Тримач труби PROFiL пласт. L160 75 графітовий,Тримач труби PROFiL пласт. L160 75 графітовий,Публічна картка товару Mizol; детальні параметри перевіряйте за посиланням,,https://mizol.ua/ua/10328-derghately-truby-plast-l160-90-grafutovyy
Тримач труби PROFiL пласт. L160 75 цегляний,Тримач труби PROFiL пласт. L160 75 цегляний,Публічна картка товару Mizol; детальні параметри перевіряйте за посиланням,,https://mizol.ua/ua/14745-derghately-truby-plast-l160-90-kurpuchnyy
Тримач труби PROFiL пласт. L160 75 червоний,Тримач труби PROFiL пласт. L160 75 червоний,Публічна картка товару Mizol; детальні параметри перевіряйте за посиланням,,https://mizol.ua/ua/20967-derghately-truby-plast-l160-90-krasnyy
Тримач труби PROFiL пласт. L220 100 коричневий,Тримач труби PROFiL пласт. L220 100 коричневий,Публічна картка товару Mizol; детальні параметри перевіряйте за посиланням,,https://mizol.ua/ua/11015-derghately-truby-plast-l220-130-koruchnevyy
Тримач труби PROFiL пласт. L220 100 білий,Тримач труби PROFiL пласт. L220 100 білий,Публічна картка товару Mizol; детальні параметри перевіряйте за посиланням,,https://mizol.ua/ua/11014-derghately-truby-plast-l220-130-belyy
Тримач труби PROFiL пласт. L220 100 чорний,Тримач труби PROFiL пласт. L220 100 чорний,Публічна картка товару Mizol; детальні параметри перевіряйте за посиланням,,https://mizol.ua/ua/68469-derghately-truby-plast-l220-130-chernyy
Тримач труби PROFiL пласт. L220 100 червоний,Тримач труби PROFiL пласт. L220 100 червоний,Публічна картка товару Mizol; детальні параметри перевіряйте за посиланням,,https://mizol.ua/ua/20966-derghately-truby-plast-l220-130-krasnyy
Тримач труби PROFiL для вент. фасадів 75 білий,фасадна панель,Публічна картка товару Mizol; детальні параметри перевіряйте за посиланням,,https://mizol.ua/ua/39122-derghately-truby-profil-dlya-vent-fasadov-90-belyy
Відведення для збору води 90 коричневе,Відведення для збору води 90 коричневе,Публічна картка товару Mizol; детальні параметри перевіряйте за посиланням,,https://mizol.ua/ua/17315-otvod-dlya-sbora-vody-90-koruchnevyy
Ревізія PROFiL 100 біла,Ревізія PROFiL 100 біла,Публічна картка товару Mizol; детальні параметри перевіряйте за посиланням,,https://mizol.ua/ua/1258-revuzuya-130-belaya
Ревізія PROFiL 100 цегляна,Ревізія PROFiL 100 цегляна,Публічна картка товару Mizol; детальні параметри перевіряйте за посиланням,,https://mizol.ua/ua/1204-revuzuya-130-kurpuchnaya
Ревізія PROFiL 75 біла,Ревізія PROFiL 75 біла,Публічна картка товару Mizol; детальні параметри перевіряйте за посиланням,,https://mizol.ua/ua/1334-revuzuya-90-belaya
Колодязь зливний PROFiL 75/100 прямий,Колодязь зливний PROFiL 75/100 прямий,Публічна картка товару Mizol; детальні параметри перевіряйте за посиланням,,https://mizol.ua/ua/1323-kolodec-sluvnoy-75100-pryamoy
Полімер-бітумна мембрана SOPREMA MORTERPLAS SBS FP 4.8; 1x8 м,мембрана,Публічна картка товару Mizol; детальні параметри перевіряйте за посиланням,,https://mizol.ua/ua/155713-%09polumer-butumnaya-membrana-soprema-morterplas-sbs-fp-48-1x8-m
"Точечний дренаж HAURATON Recyfix Point 30/30 (300х 300х 300); PР-PЕ (чорний) з корзиною для сміття; гідрозатвором та чавун. решіткою ""зірочка""; кл. В125",гідроізоляція,Публічна картка товару Mizol; детальні параметри перевіряйте за посиланням,,https://mizol.ua/ua/80005--%09tochechnyy-drenagh-hauraton-recyfix-point-3030-300h-300h-300-pr-pe-chernyy-s-korzunoy-dlya-musora-gudrozatvorom-u-chugunnoy-reshetkoy-zvezda-kl-v125
Cітка полімерна для затінювання 85% (2*50м)#,Cітка полімерна для затінювання 85% (2*50м)#,Публічна картка товару Mizol; детальні параметри перевіряйте за посиланням,,https://mizol.ua/ua/201349-citka-polimerna-dlya-zatinyuvannya-85-250m
35% (4*50 м),35% (4*50 м),Публічна картка товару Mizol; детальні параметри перевіряйте за посиланням,,https://mizol.ua/ua/25706-35-450m
Cітка полімерна для затінювання 65% (3*50м)#,Cітка полімерна для затінювання 65% (3*50м)#,Публічна картка товару Mizol; детальні параметри перевіряйте за посиланням,,https://mizol.ua/ua/203708-cetka-polumernaya-dlya-zatenenuya-65-350m
Rockwool Frontrock S 50 мм (1000*600),Rockwool Frontrock S 50 мм (1000*600),Публічна картка товару Mizol; детальні параметри перевіряйте за посиланням,,https://mizol.ua/ua/45398-rockwool-frontrock-s-50-mm-1000600
Агроволокно Greentex p-19 (1;6x100м),Агроволокно Greentex p-19 (1;6x100м),Публічна картка товару Mizol; детальні параметри перевіряйте за посиланням,,https://mizol.ua/ua/30889-agrovolokno-greentex-p-19-16x100m
Агроволокно Greentex p-50 (1.6x5м) чорне,Агроволокно Greentex p-50 (1.6x5м) чорне,Публічна картка товару Mizol; детальні параметри перевіряйте за посиланням,,https://mizol.ua/ua/59211-agrovolokno-greentex-p-50-16x5m-chornoe
Агроволокно Greentex p-50 (3.2x5м),Агроволокно Greentex p-50 (3.2x5м),Публічна картка товару Mizol; детальні параметри перевіряйте за посиланням,,https://mizol.ua/ua/59209-agrovolokno-greentex-p-50-32x5m
Аератор Д110,Аератор Д110,Публічна картка товару Mizol; детальні параметри перевіряйте за посиланням,,https://mizol.ua/ua/11596-aerator-d110
Аератор d50,Аератор d50,Публічна картка товару Mizol; детальні параметри перевіряйте за посиланням,,https://mizol.ua/ua/11595-aerator-d50
Аератор SitaVent з поліуретану; утеплений; з ввареним з'єднувальним ПВХ фартухом; дощовідводом; ущільнюючим кільцем і ковпачком DN 100; висота 400 мм.,теплоізоляція,Публічна картка товару Mizol; детальні параметри перевіряйте за посиланням,,https://mizol.ua/ua/124923-aerator-sitavent-uz-poluuretana-uteplennyy-s-vvarennym-soedunutelynym-pvh-fartukom-doghdeotvodom-uplotnutelynym-kolycom-u-kolpachkom-dn-100-vysota-400-mm
Аератор SitaVent з поліуретану; утеплений; з ввареним з'єднувальним ТПО фартухом; дощовідводом; ущільнюючим кільцем і ковпачком DN 100; висота 400 мм.,теплоізоляція,Публічна картка товару Mizol; детальні параметри перевіряйте за посиланням,,https://mizol.ua/ua/215288-aerator-sitavent-uz-poluuretana-uteplennyy-s-vvarennym-soedunutelynym-tpo-fartukom-doghdeotvodom-uplotnutelynym-kolycom-u-kolpachkom-dn-100-vysota-400-mm
Аератор SitaVent з поліуретану; утеплений; з ввареним з'єднувальним Бітумним фартухом; дощовідводом; ущільнюючим кільцем і ковпачком DN 100; висота 400 мм.,теплоізоляція,Публічна картка товару Mizol; детальні параметри перевіряйте за посиланням,,https://mizol.ua/ua/177458-aerator-sitavent-uz-poluuretana-uteplennyy-s-vvarenym-soedunutelynym-butumnym-fartukom-doghdeotvodom-uplotnutelynym-kolycom-u-kolpachkom-dn-100-vysota-400-mm
Балконна воронка SitaMini кутова з ПВХ фартухом (діаметр 50 мм),Балконна воронка SitaMini кутова з ПВХ фартухом (діаметр 50 мм),Публічна картка товару Mizol; детальні параметри перевіряйте за посиланням,,https://mizol.ua/ua/177459-balkonnaya-voronka-sitamini-vertukalynaya-uz-poluuretana-uteplennaya-s-vvarenym-soedunutelynym-butumnym-fartukom-300-mm-x-300-mm--dn-5070-s-lustoulovutelem
Балконна воронка з поліуретану SitaMini вертикальна з бітумним фартухом (діаметр 50/70 мм); з листоуловлювачем.,Балконна воронка з поліуретану SitaMini вертикальна з бітумним фартухом (діаметр 50/70 мм); з листоуловлювачем.,Публічна картка товару Mizol; детальні параметри перевіряйте за посиланням,,https://mizol.ua/ua/125011-balkonnaya-voronka-uz-poluuretana-sitamini--vertukalynaya-s-butumnym-fartukom-duametr-5070-mm-s-lustoulovutelem
Балконна воронка з поліуретану SitaMini кутова з бітумним фартухом (діаметр 50 мм); з листоуловлювачем.,Балконна воронка з поліуретану SitaMini кутова з бітумним фартухом (діаметр 50 мм); з листоуловлювачем.,Публічна картка товару Mizol; детальні параметри перевіряйте за посиланням,,https://mizol.ua/ua/117866-balkonnaya-voronka-uz-poluuretana-sitamini-uglovaya-s-butumnym-fartukom-duametr-50-mm--s-lustoulovutelem
Битумна мембрана IZOBIT MOST; 1х8 м,мембрана,Публічна картка товару Mizol; детальні параметри перевіряйте за посиланням,,https://mizol.ua/ua/248574-butumnaya-membrana-izobit-most-1h8-m
Бітумна черепиця Armourshield Plus (20) Tile Red Ultra,бітумна черепиця,Публічна картка товару Mizol; детальні параметри перевіряйте за посиланням,,https://mizol.ua/ua/121450-butumnaya-cherepuca-armourshield-plus-20-tile-red-ultra
Бітумна черепиця Armourshield Plus (27) Dual Brown Ultra,бітумна черепиця,Публічна картка товару Mizol; детальні параметри перевіряйте за посиланням,,https://mizol.ua/ua/121453-butumnaya-cherepuca-armourshield-plus-27-dual-brown-ultra
Бітумна черепиця Armourshield Plus (36) Ultra Sky Ultra,бітумна черепиця,Публічна картка товару Mizol; детальні параметри перевіряйте за посиланням,,https://mizol.ua/ua/121455-butumnaya-cherepuca-armourshield-plus-36-sky-blue-ultra
Бітумна черепиця Diamant Plus (01) Black,бітумна черепиця,Публічна картка товару Mizol; детальні параметри перевіряйте за посиланням,,https://mizol.ua/ua/78478-butumnaya-cherepuca-diamant-plus-01-black
Бітумна черепиця Diamant Plus (03) Amazon Green,бітумна черепиця,Публічна картка товару Mizol; детальні параметри перевіряйте за посиланням,,https://mizol.ua/ua/78479-butumnaya-cherepuca-diamant-plus-03-amazon-green
Бітумна черепиця Diamant Plus (10) Tile Red,бітумна черепиця,Публічна картка товару Mizol; детальні параметри перевіряйте за посиланням,,https://mizol.ua/ua/78480-butumnaya-cherepuca-diamant-plus-10-tile-red
Бітумна черепиця Diamant Plus (31) Slate,бітумна черепиця,Публічна картка товару Mizol; детальні параметри перевіряйте за посиланням,,https://mizol.ua/ua/76510-butumnaya-cherepuca-diamant-plus-31-slate
Бітумна черепиця Monarch 4T (01) Black,бітумна черепиця,Публічна картка товару Mizol; детальні параметри перевіряйте за посиланням,,https://mizol.ua/ua/78489-butumnaya-cherepuca-monarch-4tab-01-black
Бітумна черепиця Monarch 4T (07) Dual Brown,бітумна черепиця,Публічна картка товару Mizol; детальні параметри перевіряйте за посиланням,,https://mizol.ua/ua/78490-butumnaya-cherepuca-monarch-4tab-07-dual-brown
Бітумна черепиця Monarch 4T (10) Tile Red,бітумна черепиця,Публічна картка товару Mizol; детальні параметри перевіряйте за посиланням,,https://mizol.ua/ua/78491-butumnaya-cherepuca-monarch-4tab-10-tile-red
Бітумна черепиця Monarch Diamant (01) Black,бітумна черепиця,Публічна картка товару Mizol; детальні параметри перевіряйте за посиланням,,https://mizol.ua/ua/78493-butumnaya-cherepuca-monarch-diamant-01-black
Бітумна черепиця Monarch Diamant (31) Slate,бітумна черепиця,Публічна картка товару Mizol; детальні параметри перевіряйте за посиланням,,https://mizol.ua/ua/78495-butumnaya-cherepuca-monarch-diamant-31-slate
Бітумна черепиця Superglass Biber (01) Black,бітумна черепиця,Публічна картка товару Mizol; детальні параметри перевіряйте за посиланням,,https://mizol.ua/ua/78310-butumnaya-cherepuca-superglass-biber-01-black
Бітумна черепиця Superglas Biber (03) Amazon Green,бітумна черепиця,Публічна картка товару Mizol; детальні параметри перевіряйте за посиланням,,https://mizol.ua/ua/78311-butumnaya-cherepuca-superglass-biber-03-amazon-green
Бітумна черепиця Superglas Biber (07) Dual Brown,бітумна черепиця,Публічна картка товару Mizol; детальні параметри перевіряйте за посиланням,,https://mizol.ua/ua/71699-butumnaya-cherepuca-superglass-biber-07-dual-black
Цвях покрівельний кільцевий 35 мм. (уп. 5 кг/1),Цвях покрівельний кільцевий 35 мм. (уп. 5 кг/1),Публічна картка товару Mizol; детальні параметри перевіряйте за посиланням,,https://mizol.ua/ua/69755-gvozdy-krovelynyy-kolycevoy-35-mm-up-5-kg1
Геотекстиль DuPont Typar SF-27 (5.2x200м),геотекстиль,Публічна картка товару Mizol; детальні параметри перевіряйте за посиланням,,https://mizol.ua/ua/27267-geotekstuly-dupont-typar-sf-27-52x200m
Геотекстиль Low&Bonar Tipptex BS 25 (5x100 м),геотекстиль,Публічна картка товару Mizol; детальні параметри перевіряйте за посиланням,,https://mizol.ua/ua/44982-geotekstuly-lowbonar-tipptex-bs-25-5x100-m
Заглушка d110,Заглушка d110,Публічна картка товару Mizol; детальні параметри перевіряйте за посиланням,,https://mizol.ua/ua/11601-zaglushka-d110
Заглушка d110 SN8,Заглушка d110 SN8,Публічна картка товару Mizol; детальні параметри перевіряйте за посиланням,,https://mizol.ua/ua/12164-zaglushka-d110-sn8
Заглушка d160 SN8,Заглушка d160 SN8,Публічна картка товару Mizol; детальні параметри перевіряйте за посиланням,,https://mizol.ua/ua/12163-zaglushka-d160-sn8
Заглушка d32,Заглушка d32,Публічна картка товару Mizol; детальні параметри перевіряйте за посиланням,,https://mizol.ua/ua/16773-zaglushka-d32
Заглушка d50,Заглушка d50,Публічна картка товару Mizol; детальні параметри перевіряйте за посиланням,,https://mizol.ua/ua/11600-zaglushka-d50
Зажим для труб Profil 75,Зажим для труб Profil 75,Публічна картка товару Mizol; детальні параметри перевіряйте за посиланням,,https://mizol.ua/ua/13365-zaghum-dlya-trub-profil-75
Захист від потрапляння листя SitaEasy Go,Захист від потрапляння листя SitaEasy Go,Публічна картка товару Mizol; детальні параметри перевіряйте за посиланням,,https://mizol.ua/ua/79020-zaschuta-ot-popadanuya-lustyev-sitaeasy-go-
Кінет прохідний d315/160,Кінет прохідний d315/160,Публічна картка товару Mizol; детальні параметри перевіряйте за посиланням,,https://mizol.ua/ua/17472-kunet-prohodnoy-d315160
Кінет збірний d315/160,Кінет збірний d315/160,Публічна картка товару Mizol; детальні параметри перевіряйте за посиланням,,https://mizol.ua/ua/19057-kunet-sbornyy-d315160
Кінет збірний Profil зовн.канал. 400/200,Кінет збірний Profil зовн.канал. 400/200,Публічна картка товару Mizol; детальні параметри перевіряйте за посиланням,,https://mizol.ua/ua/22870-kunet-sbornyy-profil-narughnkanal-400200
Клей Shingle Stick 310 ml,Клей Shingle Stick 310 ml,Публічна картка товару Mizol; детальні параметри перевіряйте за посиланням,,https://mizol.ua/ua/76514-kley-shingle-stick-310-ml--
Кокосовий блок GrondMeester; 5кг 30х30х14 см (100 торф х 0 чіпси) UNI,Кокосовий блок GrondMeester; 5кг 30х30х14 см (100 торф х 0 чіпси) UNI,Публічна картка товару Mizol; детальні параметри перевіряйте за посиланням,,https://mizol.ua/ua/30346-kokosovyy-blok-grondmeester-5kg-30h30h14-sm-100-torf-h-0-chupsy-uni
Кокосовий блок GrondMeester; у пакуванні; 5 кг 30х30х14 см (100 торф х 0 чіпси) UNI,Кокосовий блок GrondMeester; у пакуванні; 5 кг 30х30х14 см (100 торф х 0 чіпси) UNI,Публічна картка товару Mizol; детальні параметри перевіряйте за посиланням,,https://mizol.ua/ua/42710-kokosovyy-blok-grondmeester-v-upakovke-5-kg-30h30h14-sm-100-torf-h-0-chupsy-uni
Коліно d110/15°,Коліно d110/15°,Публічна картка товару Mizol; детальні параметри перевіряйте за посиланням,,https://mizol.ua/ua/12298-koleno-d11015-
Коліно d110/15° SN8,Коліно d110/15° SN8,Публічна картка товару Mizol; детальні параметри перевіряйте за посиланням,,https://mizol.ua/ua/17807-koleno-d11015--sn8
Коліно d110/30°,Коліно d110/30°,Публічна картка товару Mizol; детальні параметри перевіряйте за посиланням,,https://mizol.ua/ua/16267-koleno-d11030-
Коліно d110/30° SN8,Коліно d110/30° SN8,Публічна картка товару Mizol; детальні параметри перевіряйте за посиланням,,https://mizol.ua/ua/12390-koleno-d11030--sn8
Коліно d110/45°,Коліно d110/45°,Публічна картка товару Mizol; детальні параметри перевіряйте за посиланням,,https://mizol.ua/ua/11592-koleno-d11045-
Коліно d110/45° SN8,Коліно d110/45° SN8,Публічна картка товару Mizol; детальні параметри перевіряйте за посиланням,,https://mizol.ua/ua/12159-koleno-d11045--sn8
Коліно d110/67°,Коліно d110/67°,Публічна картка товару Mizol; детальні параметри перевіряйте за посиланням,,https://mizol.ua/ua/11593-koleno-d11067-
Коліно d110/67° SN8,Коліно d110/67° SN8,Публічна картка товару Mizol; детальні параметри перевіряйте за посиланням,,https://mizol.ua/ua/16777-koleno-d11067--sn8
Коліно d110/87°,Коліно d110/87°,Публічна картка товару Mizol; детальні параметри перевіряйте за посиланням,,https://mizol.ua/ua/11594-koleno-d11087-
Коліно d110/87° SN8,Коліно d110/87° SN8,Публічна картка товару Mizol; детальні параметри перевіряйте за посиланням,,https://mizol.ua/ua/12589-koleno-d11087--sn8
Коліно d160/15° SN8,Коліно d160/15° SN8,Публічна картка товару Mizol; детальні параметри перевіряйте за посиланням,,https://mizol.ua/ua/17353-koleno-d16015--sn8
Коліно d160/30° SN8,Коліно d160/30° SN8,Публічна картка товару Mizol; детальні параметри перевіряйте за посиланням,,https://mizol.ua/ua/18935-koleno-d16030--sn8
Коліно d160/45° SN8,Коліно d160/45° SN8,Публічна картка товару Mizol; детальні параметри перевіряйте за посиланням,,https://mizol.ua/ua/12158-koleno-d16045--sn8
Коліно d160/67° SN8,Коліно d160/67° SN8,Публічна картка товару Mizol; детальні параметри перевіряйте за посиланням,,https://mizol.ua/ua/16922-koleno-d16067--sn8
Коліно d160/87° SN8,Коліно d160/87° SN8,Публічна картка товару Mizol; детальні параметри перевіряйте за посиланням,,https://mizol.ua/ua/12863-koleno-d16087--sn8
Коліно d200/45° SN8,Коліно d200/45° SN8,Публічна картка товару Mizol; детальні параметри перевіряйте за посиланням,,https://mizol.ua/ua/14439-koleno-d20045--sn8
Коліно d32/45°,Коліно d32/45°,Публічна картка товару Mizol; детальні параметри перевіряйте за посиланням,,https://mizol.ua/ua/14141-koleno-d3245-
Коліно d32/90°,Коліно d32/90°,Публічна картка товару Mizol; детальні параметри перевіряйте за посиланням,,https://mizol.ua/ua/14142-koleno-d3290-
Коліно d50/30°,Коліно d50/30°,Публічна картка товару Mizol; детальні параметри перевіряйте за посиланням,,https://mizol.ua/ua/11588-koleno-d5030-
Коліно d50/45°,Коліно d50/45°,Публічна картка товару Mizol; детальні параметри перевіряйте за посиланням,,https://mizol.ua/ua/11589-koleno-d5045-
Коліно d50/87°,Коліно d50/87°,Публічна картка товару Mizol; детальні параметри перевіряйте за посиланням,,https://mizol.ua/ua/11591-koleno-d5087-
Комплект VarioTerm; PREMIUM ELEGANCKIE; All In One; кутовий; матовий чорний; AEPRNYGS0224C/FK(PEX),Комплект VarioTerm; PREMIUM ELEGANCKIE; All In One; кутовий; матовий чорний; AEPRNYGS0224C/FK(PEX),Публічна картка товару Mizol; детальні параметри перевіряйте за посиланням,,https://mizol.ua/ua/150028-komplekt-varioterm-premium-eleganckie-all-in-one-uglovoy-matovyy-chernyy-aeprnygs0224cfkpex
Комплект аксесуарів 2: глухі заглушки (2 шт.); вертик. випуск; корзина для сміття та гідрозатвор,гідроізоляція,Публічна картка товару Mizol; детальні параметри перевіряйте за посиланням,,https://mizol.ua/ua/28520-komplekt-aksessuarov-2%3A-gluhue-zaglushku-2-sht-vertuk-vypusk-korzuna-dlya-krupnogo-musora-u-gudrozatvor
Хрестовина d110/110/110/45°,Хрестовина d110/110/110/45°,Публічна картка товару Mizol; детальні параметри перевіряйте за посиланням,,https://mizol.ua/ua/12861-krestovuna-d11011011045-
Хрестовина d110/110/110/67°,Хрестовина d110/110/110/67°,Публічна картка товару Mizol; детальні параметри перевіряйте за посиланням,,https://mizol.ua/ua/15902-krestovuna-d11011011067-
Хрестовина d110/110/110/90°,Хрестовина d110/110/110/90°,Публічна картка товару Mizol; детальні параметри перевіряйте за посиланням,,https://mizol.ua/ua/12297-krestovuna-d11011011090-
Хрестовина d110/50/50/45°,Хрестовина d110/50/50/45°,Публічна картка товару Mizol; детальні параметри перевіряйте за посиланням,,https://mizol.ua/ua/12862-krestovuna-d110505045-
Хрестовина d110/50/50/90°,Хрестовина d110/50/50/90°,Публічна картка товару Mizol; детальні параметри перевіряйте за посиланням,,https://mizol.ua/ua/48634-krestovuna-d110505090-
Хрестовина d50/50/50/45°,Хрестовина d50/50/50/45°,Публічна картка товару Mizol; детальні параметри перевіряйте за посиланням,,https://mizol.ua/ua/15988-krestovuna-d50505045-
Хрестовина d50/50/50/90°,Хрестовина d50/50/50/90°,Публічна картка товару Mizol; детальні параметри перевіряйте за посиланням,,https://mizol.ua/ua/15989-krestovuna-d50505090-
Хрестовина двоплощинна d110/50/110/90° права,Хрестовина двоплощинна d110/50/110/90° права,Публічна картка товару Mizol; детальні параметри перевіряйте за посиланням,,https://mizol.ua/ua/12295-krestovuna-dvuhploskostnaya-d1105011090--pravaya
Покрівельна воронка з поліуретану SitaStandard вертикальна; з ПВХ-фартухом (діаметр 160 мм),Покрівельна воронка з поліуретану SitaStandard вертикальна; з ПВХ-фартухом (діаметр 160 мм),Публічна картка товару Mizol; детальні параметри перевіряйте за посиланням,,https://mizol.ua/ua/69723-krovelynaya-voronka-uz-poluuretana-sitastandard-vertukalynaya-s-pvh-fartukom-duametr-160-mm
Покрівельна воронка з поліуретану SitaTrendy з ТПО Flagon EP/S фартуком (діаметр 110 мм),Покрівельна воронка з поліуретану SitaTrendy з ТПО Flagon EP/S фартуком (діаметр 110 мм),Публічна картка товару Mizol; детальні параметри перевіряйте за посиланням,,https://mizol.ua/ua/129733-krovelynaya-voronka-uz-poluuretana-sitatrendy-s-tpo-flagon-eps-fartukom-duametr-110-mm
Покрівельна воронка з поліуретану SitaTrendy кутова з бітумним фартухом та системою обігріву (діаметр 75 мм),Покрівельна воронка з поліуретану SitaTrendy кутова з бітумним фартухом та системою обігріву (діаметр 75 мм),Публічна картка товару Mizol; детальні параметри перевіряйте за посиланням,,https://mizol.ua/ua/208396-krovelynaya-voronka-uz-poluuretana-sitatrendy-uglovaya-s--butumnym-fartukom-u-sustemoy-obogreva-duametr-75-mm
Покрівельна воронка з поліуретану SitaTrendy кутова з ПВХ-фартухом та системою обігріву (діаметр 75 мм),Покрівельна воронка з поліуретану SitaTrendy кутова з ПВХ-фартухом та системою обігріву (діаметр 75 мм),Публічна картка товару Mizol; детальні параметри перевіряйте за посиланням,,https://mizol.ua/ua/87798-krovelynaya-voronka-uz-poluuretana-sitatrendy-uglovaya-s-pvh-fartukom-u-sustemoy-obogreva-duametr-75-mm
Покрівельна опора під сонячні панелі SOPRASOLAR FIX EVO з ПВХ-фартухом,Покрівельна опора під сонячні панелі SOPRASOLAR FIX EVO з ПВХ-фартухом,Публічна картка товару Mizol; детальні параметри перевіряйте за посиланням,,https://mizol.ua/ua/147864-krovelynaya-opora-pod-solnechnye-panelu-soprasolar-fix-evo-s-pvh-fartuhom%09
Покрівельна опора під сонячні панелі SOPRASOLAR FIX EVO з ТПО-фартухом,Покрівельна опора під сонячні панелі SOPRASOLAR FIX EVO з ТПО-фартухом,Публічна картка товару Mizol; детальні параметри перевіряйте за посиланням,,https://mizol.ua/ua/147865-krovelynaya-opora-pod-solnechnye-panelu-soprasolar-fix-evo-s-tpo-fartuhom%09
Стрічка гребенева M'ROUL 300х5000 мм коричнева,Стрічка гребенева M'ROUL 300х5000 мм коричнева,Публічна картка товару Mizol; детальні параметри перевіряйте за посиланням,,https://mizol.ua/ua/44584-lenta-konykovaya-mroul-300h5000-mm-koruchnevyy
Жолоб HAURATON TOP 90 (134х 95х 1000); PE-PP (сірий); з решіткою РЕ-РР щілинною (подовжня щілина); кл. А15; 1м.п.,Жолоб HAURATON TOP 90 (134х 95х 1000); PE-PP (сірий); з решіткою РЕ-РР щілинною (подовжня щілина); кл. А15; 1м.п.,Публічна картка товару Mizol; детальні параметри перевіряйте за посиланням,,https://mizol.ua/ua/16076-lotok-hauraton-top-90-134h-95h-1000-pe-pp-seryy-s-reshetkoy-re-rr-schelevoy-prodolynaya-schely-kl-a15-1-mp
Люк пластиковий 315мм,Люк пластиковий 315мм,Публічна картка товару Mizol; детальні параметри перевіряйте за посиланням,,https://mizol.ua/ua/22869-lyuk-plastukovyy-315mm
Люк чавунний 315мм з трубою-телескопом 0;5м; кл.А (5 тон),Люк чавунний 315мм з трубою-телескопом 0;5м; кл.А (5 тон),Публічна картка товару Mizol; детальні параметри перевіряйте за посиланням,,https://mizol.ua/ua/17476-lyuk-chugunnyy-315mm-s-truboy-teleskopom-05m-kla-5-tonn
Мат з мін.вати Paroc Pro Wired Mat 660 50*5000*1000!,Мат з мін.вати Paroc Pro Wired Mat 660 50*5000*1000!,Публічна картка товару Mizol; детальні параметри перевіряйте за посиланням,,https://mizol.ua/ua/209616-mat-uz-munvatu-paroc-pro-wired-mat-660-5050001000
Муфта d110,Муфта d110,Публічна картка товару Mizol; детальні параметри перевіряйте за посиланням,,https://mizol.ua/ua/11583-mufta-d110
Муфта d110 SN8,Муфта d110 SN8,Публічна картка товару Mizol; детальні параметри перевіряйте за посиланням,,https://mizol.ua/ua/12160-mufta-d110-sn8
Муфта d110 компенсаційна (ремонтна),Муфта d110 компенсаційна (ремонтна),Публічна картка товару Mizol; детальні параметри перевіряйте за посиланням,,https://mizol.ua/ua/12293-mufta-d110-kompensaciyna-remontna
Муфта d160 SN8,Муфта d160 SN8,Публічна картка товару Mizol; детальні параметри перевіряйте за посиланням,,https://mizol.ua/ua/12588-mufta-d160-sn8
Муфта d200 SN8,Муфта d200 SN8,Публічна картка товару Mizol; детальні параметри перевіряйте за посиланням,,https://mizol.ua/ua/16432-mufta-d200-sn8
Муфта d32,Муфта d32,Публічна картка товару Mizol; детальні параметри перевіряйте за посиланням,,https://mizol.ua/ua/16770-mufta-d32
Муфта d50,Муфта d50,Публічна картка товару Mizol; детальні параметри перевіряйте за посиланням,,https://mizol.ua/ua/11582-mufta-d50
Панель ASKO NEO вінчестер без перфорації 3м; 0.915 м2,Панель ASKO NEO вінчестер без перфорації 3м; 0.915 м2,Публічна картка товару Mizol; детальні параметри перевіряйте за посиланням,,https://mizol.ua/ua/261721-panely-asko-neo-vunchester-bez-perforacuu-3m-0915-m2
Панель ASKO NEO червоне дерево перфорована 3м; 0.915 м2,Панель ASKO NEO червоне дерево перфорована 3м; 0.915 м2,Публічна картка товару Mizol; детальні параметри перевіряйте за посиланням,,https://mizol.ua/ua/261692-panely-asko-neo-krasnoe-derevo-perforurovannaya-3m-0915-m2
Панель ASKO NEO червоне дерево тік перфорована 3м; 0.915 м2,Панель ASKO NEO червоне дерево тік перфорована 3м; 0.915 м2,Публічна картка товару Mizol; детальні параметри перевіряйте за посиланням,,https://mizol.ua/ua/261696-panely-asko-neo-krasnoe-derevo-tuk-perforurovannaya-3m-0915-m2
Панель VOX Fronto MAX SXP-06 “Дуб“ 2;95 м 0;7375 м2,Панель VOX Fronto MAX SXP-06 “Дуб“ 2;95 м 0;7375 м2,Публічна картка товару Mizol; детальні параметри перевіряйте за посиланням,,https://mizol.ua/ua/291088-panely-vox-fronto-max-sxp-06-%E2%80%9Cdub%E2%80%9C-295-m-07375-m2
Панель VOX Fronto MAX SXP-06 “Горіх“ 2;95 м 0;7375 м2,Панель VOX Fronto MAX SXP-06 “Горіх“ 2;95 м 0;7375 м2,Публічна картка товару Mizol; детальні параметри перевіряйте за посиланням,,https://mizol.ua/ua/291089-panely-vox-fronto-max-sxp-06-%E2%80%9Coreh%E2%80%9C-295-m-07375-m2
Панель VOX Fronto MAX SXPU-06 “Дуб Вінчестер“ 2;95 м 0;7375 м2,Панель VOX Fronto MAX SXPU-06 “Дуб Вінчестер“ 2;95 м 0;7375 м2,Публічна картка товару Mizol; детальні параметри перевіряйте за посиланням,,https://mizol.ua/ua/291090-panely-vox-fronto-max-sxpu-06-%E2%80%9Cdub-vinchester%E2%80%9C-295-m-07375-m2
Панель VOX INFRATOP Біла 3 м,Панель VOX INFRATOP Біла 3 м,Публічна картка товару Mizol; детальні параметри перевіряйте за посиланням,,https://mizol.ua/ua/64510-panely-vox-infratop-beluy-3-m
Панель айДахо біла без перфорації 2;7 м; 0;81 м2,Панель айДахо біла без перфорації 2;7 м; 0;81 м2,Публічна картка товару Mizol; детальні параметри перевіряйте за посиланням,,https://mizol.ua/ua/36124-panely-aydaho-belaya-bez-perforacuu-27m-081-m2
Панель айДахо біла перфорована 2;7м; 0;81 м2,Панель айДахо біла перфорована 2;7м; 0;81 м2,Публічна картка товару Mizol; детальні параметри перевіряйте за посиланням,,https://mizol.ua/ua/36073-panely-aydaho-belaya-perforurovannaya-27m-081m2
Панель айДахо графіт без перфорації 2;7м; 0;81 м2,Панель айДахо графіт без перфорації 2;7м; 0;81 м2,Публічна картка товару Mizol; детальні параметри перевіряйте за посиланням,,https://mizol.ua/ua/159698-panely-aydaho-grafut-bez-perforacuu-27m-081m2
Панель айДахо коричнева без перфорації 2;7 м; 0;81 м2,Панель айДахо коричнева без перфорації 2;7 м; 0;81 м2,Публічна картка товару Mizol; детальні параметри перевіряйте за посиланням,,https://mizol.ua/ua/36125-panely-aydaho-koruchnevaya-bez-perforacuu-27m-081-m2
Панель айДахо коричнева перфорована 2;7 м; 0;81 м2,Панель айДахо коричнева перфорована 2;7 м; 0;81 м2,Публічна картка товару Mizol; детальні параметри перевіряйте за посиланням,,https://mizol.ua/ua/36126-panely-aydaho-koruchnevaya-perforurovannaya-27m-081-m2
Панель Бежевий ASKO NEO без перфорації 3;5х0;305 м,Панель Бежевий ASKO NEO без перфорації 3;5х0;305 м,Публічна картка товару Mizol; детальні параметри перевіряйте за посиланням,,https://mizol.ua/ua/67706-panely-beghevyy-asko-neo-bez-perforacuu-35h0305-m
Панель Вінчестер ASKO NEO без перфорації 3;5х0;305 м,Панель Вінчестер ASKO NEO без перфорації 3;5х0;305 м,Публічна картка товару Mizol; детальні параметри перевіряйте за посиланням,,https://mizol.ua/ua/67755-panely-vunchester-asko-neo-bez-perforacuu-35h0305-m-
Панель Червоне дерево ASKO NEO без перфорації 3;5х0;305,Панель Червоне дерево ASKO NEO без перфорації 3;5х0;305,Публічна картка товару Mizol; детальні параметри перевіряйте за посиланням,,https://mizol.ua/ua/67720-panely-krasnoe-derevo-asko-neo-bez-perforacuu-35h0305-m-
Панель Червоне дерево ASKO NEO перфорований 3;5х0;305 м,Панель Червоне дерево ASKO NEO перфорований 3;5х0;305 м,Публічна картка товару Mizol; детальні параметри перевіряйте за посиланням,,https://mizol.ua/ua/67721-panely-krasnoe-derevo-asko-neo-perforurovannyy-35h0305-m-
Панель Червоне дерево Тік ASKO NEO без перфорації,Панель Червоне дерево Тік ASKO NEO без перфорації,Публічна картка товару Mizol; детальні параметри перевіряйте за посиланням,,https://mizol.ua/ua/67722-panely-krasnoe-derevo-tuk-asko-neo-bez-perforacuu-35h0305-m
Панель Червоне дерево Тік ASKO NEO перфорований 3;5х0;305,Панель Червоне дерево Тік ASKO NEO перфорований 3;5х0;305,Публічна картка товару Mizol; детальні параметри перевіряйте за посиланням,,https://mizol.ua/ua/67723-panely-krasnoe-derevo-tuk-asko-neo-perforurovannyy-35h0305-m-
Панель Софіт VOX Infratop SVPU-09 Дуб 2;7м,Панель Софіт VOX Infratop SVPU-09 Дуб 2;7м,Публічна картка товару Mizol; детальні параметри перевіряйте за посиланням,,https://mizol.ua/ua/239887-panely-sofut-vox-infratop-svpu-09-dub-27m
Панель фасадна KERRAFRONT CLASSIC FS-202 Claystone 1;98 м2,фасадна панель,Публічна картка товару Mizol; детальні параметри перевіряйте за посиланням,,https://mizol.ua/ua/88612-panely-fasadna-kerrafront-classic-fs-202-claystone-198-m2
Панель фасадна KERRAFRONT CLASSIC FS-201 Anthracite 1;08 м2,фасадна панель,Публічна картка товару Mizol; детальні параметри перевіряйте за посиланням,,https://mizol.ua/ua/88607-panely-fasadnaya-kerrafront-classic-fs-201-anthracite-108-m2
Панель фасадна KERRAFRONT CLASSIC FS-201 Claystone 1;08 м2,фасадна панель,Публічна картка товару Mizol; детальні параметри перевіряйте за посиланням,,https://mizol.ua/ua/88603-panely-fasadnaya-kerrafront-classic-fs-201-claystone-108-m2
Панель фасадна KERRAFRONT CLASSIC FS-201 Creme 1;08 м2,фасадна панель,Публічна картка товару Mizol; детальні параметри перевіряйте за посиланням,,https://mizol.ua/ua/88600-panely-fasadnaya-kerrafront-classic-fs-201-creme-108-m2
Панель фасадна KERRAFRONT CLASSIC FS-201 Quartz Grey 1;08 м2,фасадна панель,Публічна картка товару Mizol; детальні параметри перевіряйте за посиланням,,https://mizol.ua/ua/88606-panely-fasadnaya-kerrafront-classic-fs-201-quartz-grey-108-m2
Панель фасадна KERRAFRONT CLASSIC FS-201 White 1;08 м2,фасадна панель,Публічна картка товару Mizol; детальні параметри перевіряйте за посиланням,,https://mizol.ua/ua/88599-panely-fasadnaya-kerrafront-classic-fs-201-white-108-m2
Панель фасадна KERRAFRONT CLASSIC FS-202 Anthracite 1;98 м2,фасадна панель,Публічна картка товару Mizol; детальні параметри перевіряйте за посиланням,,https://mizol.ua/ua/88616-panely-fasadnaya-kerrafront-classic-fs-202-anthracite-198-m2
Панель фасадна KERRAFRONT CLASSIC FS-202 Beige 1;98 м2,фасадна панель,Публічна картка товару Mizol; детальні параметри перевіряйте за посиланням,,https://mizol.ua/ua/88610-panely-fasadnaya-kerrafront-classic-fs-202-beige-198-m2
Панель фасадна KERRAFRONT CLASSIC FS-202 Creme 1;98 м2,фасадна панель,Публічна картка товару Mizol; детальні параметри перевіряйте за посиланням,,https://mizol.ua/ua/88609-panely-fasadnaya-kerrafront-classic-fs-202-creme-198-m2
Панель фасадна KERRAFRONT CLASSIC FS-202 Grey 1;98 м2,фасадна панель,Публічна картка товару Mizol; детальні параметри перевіряйте за посиланням,,https://mizol.ua/ua/88614-panely-fasadnaya-kerrafront-classic-fs-202-grey-198-m2
Панель фасадна KERRAFRONT CLASSIC FS-202 Light Grey 1;98 м2,фасадна панель,Публічна картка товару Mizol; детальні параметри перевіряйте за посиланням,,https://mizol.ua/ua/88611-panely-fasadnaya-kerrafront-classic-fs-202-light-grey-198-m2
Панель фасадна KERRAFRONT CLASSIC FS-202 Olive 1;98 м2,фасадна панель,Публічна картка товару Mizol; детальні параметри перевіряйте за посиланням,,https://mizol.ua/ua/88613-panely-fasadnaya-kerrafront-classic-fs-202-olive-198-m2
Панель фасадна KERRAFRONT CLASSIC FS-202 Quartz Grey 1;98 м2,фасадна панель,Публічна картка товару Mizol; детальні параметри перевіряйте за посиланням,,https://mizol.ua/ua/88615-panely-fasadnaya-kerrafront-classic-fs-202-quartz-grey-198-m2
Панель фасадна KERRAFRONT CLASSIC FS-202 White 1;98 м2,фасадна панель,Публічна картка товару Mizol; детальні параметри перевіряйте за посиланням,,https://mizol.ua/ua/88608-panely-fasadnaya-kerrafront-classic-fs-202-white-198-m2
Панель фасадна KERRAFRONT MW FS-302 Anthracite 1;992 м2,фасадна панель,Публічна картка товару Mizol; детальні параметри перевіряйте за посиланням,,https://mizol.ua/ua/88629-panely-fasadnaya-kerrafront-mw-fs-302-anthracite-1992-m2
Панель фасадна KERRAFRONT MW FS-302 Beige 1;992 м2,фасадна панель,Публічна картка товару Mizol; детальні параметри перевіряйте за посиланням,,https://mizol.ua/ua/88625-panely-fasadnaya-kerrafront-mw-fs-302-beige-1992-m2
Панель фасадна KERRAFRONT MW FS-302 Quartz Grey 1;992 м2,фасадна панель,Публічна картка товару Mizol; детальні параметри перевіряйте за посиланням,,https://mizol.ua/ua/88628-panely-fasadnaya-kerrafront-mw-fs-302-quartz-grey-1992-m2
Перехід з чавуна на пластик d110,Перехід з чавуна на пластик d110,Публічна картка товару Mizol; детальні параметри перевіряйте за посиланням,,https://mizol.ua/ua/14286-perehod-s-chuguna-na-plastuk-d110
Перехід з чавуна на пластик d50,Перехід з чавуна на пластик d50,Публічна картка товару Mizol; детальні параметри перевіряйте за посиланням,,https://mizol.ua/ua/14285-perehod-s-chuguna-na-plastuk-d50
Планка ASKO NEO J чорна 3м,Планка ASKO NEO J чорна 3м,Публічна картка товару Mizol; детальні параметри перевіряйте за посиланням,,https://mizol.ua/ua/261734-planka-asko-neo-j-chernaya-3m
"Планка FaSiding Standard/BlockHouse ""білявіконна"" ""Коричневий""","Планка FaSiding Standard/BlockHouse ""білявіконна"" ""Коричневий""",Публічна картка товару Mizol; детальні параметри перевіряйте за посиланням,,https://mizol.ua/ua/58472-planka-fasiding-standardblockhouse-okolookonnaya-koruchnevyy
"Планка FaSiding Standard/BlockHouse ""зовнішній кут"" ""Коричневий""","Планка FaSiding Standard/BlockHouse ""зовнішній кут"" ""Коричневий""",Публічна картка товару Mizol; детальні параметри перевіряйте за посиланням,,https://mizol.ua/ua/58473-planka-fasiding-standardblockhouse-ugol-vneshnuy-koruchnevyy
"Планка FaSiding Standard/BlockHouse ""фаска"" ""коричнева""","Планка FaSiding Standard/BlockHouse ""фаска"" ""коричнева""",Публічна картка товару Mizol; детальні параметри перевіряйте за посиланням,,https://mizol.ua/ua/59370-planka-fasiding-standardblockhouse-faska-koruchnevaya
"Планка FaSiding Standard/BlockHouse ""фаска"" ""Бавовна""","Планка FaSiding Standard/BlockHouse ""фаска"" ""Бавовна""",Публічна картка товару Mizol; детальні параметри перевіряйте за посиланням,,https://mizol.ua/ua/55864-planka-fasiding-standardblockhouse-faska-hlopok
"Планка FaSiding Standard/BlockHouse ""фінішна"" ""Коричневий""","Планка FaSiding Standard/BlockHouse ""фінішна"" ""Коричневий""",Публічна картка товару Mizol; детальні параметри перевіряйте за посиланням,,https://mizol.ua/ua/58449-planka-fasiding-standardblockhouse-funushnaya-koruchnevyy
Планка FaSiding WoodHouse “фаска“ “Біла“; 3.05м,Планка FaSiding WoodHouse “фаска“ “Біла“; 3.05м,Публічна картка товару Mizol; детальні параметри перевіряйте за посиланням,,https://mizol.ua/ua/60658-planka-fasiding-woodhouse-%E2%80%9Cfaska%E2%80%9C-%E2%80%9Cbelaya%E2%80%9C-305m
Планка J Бежевий ASKO NEO 3;8 м,Планка J Бежевий ASKO NEO 3;8 м,Публічна картка товару Mizol; детальні параметри перевіряйте за посиланням,,https://mizol.ua/ua/67727-planka-j-beghevyy-asko-neo-38-m-
Планка J Червоне дерево ASKO NEO 3;8 м,Планка J Червоне дерево ASKO NEO 3;8 м,Публічна картка товару Mizol; детальні параметри перевіряйте за посиланням,,https://mizol.ua/ua/67734-planka-j-krasnoe-derevo-asko-neo-38-m-
Планка J Червоне дерево Тік ASKO NEO 3;8 м,Планка J Червоне дерево Тік ASKO NEO 3;8 м,Публічна картка товару Mizol; детальні параметри перевіряйте за посиланням,,https://mizol.ua/ua/67735-planka-j-krasnoe-derevo-tuk-asko-neo-38-m-
Планка J Яблуня ASKO NEO 3;8 м,Планка J Яблуня ASKO NEO 3;8 м,Публічна картка товару Mizol; детальні параметри перевіряйте за посиланням,,https://mizol.ua/ua/67736-planka-j-yablonya-asko-neo-38-m-
Планка J-trim KERRAFRONT FS-251 Claystone 3 м,Планка J-trim KERRAFRONT FS-251 Claystone 3 м,Публічна картка товару Mizol; детальні параметри перевіряйте за посиланням,,https://mizol.ua/ua/78373-planka-j-trim-kerrafront-fs-251-claystone-3-m
Планка J-trim KERRAFRONT FS-251 Creme 3 м,Планка J-trim KERRAFRONT FS-251 Creme 3 м,Публічна картка товару Mizol; детальні параметри перевіряйте за посиланням,,https://mizol.ua/ua/76727-planka-j-trim-kerrafront-fs-251-creme-3-m
Планка J-trim KERRAFRONT FS-251 Grey 3 м,Планка J-trim KERRAFRONT FS-251 Grey 3 м,Публічна картка товару Mizol; детальні параметри перевіряйте за посиланням,,https://mizol.ua/ua/78375-planka-j-trim-kerrafront-fs-251-grey-3-m
Планка J-trim KERRAFRONT FS-251 Olive 3 м,Планка J-trim KERRAFRONT FS-251 Olive 3 м,Публічна картка товару Mizol; детальні параметри перевіряйте за посиланням,,https://mizol.ua/ua/78374-planka-j-trim-kerrafront-fs-251-olive-3-m
"Планка VOX ""зовнішній кут"" ""біла""","Планка VOX ""зовнішній кут"" ""біла""",Публічна картка товару Mizol; детальні параметри перевіряйте за посиланням,,https://mizol.ua/ua/23580-planka-vox-vneshnuy-ugol-belaya
"Планка VOX ""фаска"" ""біла""","Планка VOX ""фаска"" ""біла""",Публічна картка товару Mizol; детальні параметри перевіряйте за посиланням,,https://mizol.ua/ua/46082-planka-vox-faska-belaya
Планка VOX “J-Trim“ SVPU-15 “Дуб Вінчестер“ 3;05 м,Планка VOX “J-Trim“ SVPU-15 “Дуб Вінчестер“ 3;05 м,Публічна картка товару Mizol; детальні параметри перевіряйте за посиланням,,https://mizol.ua/ua/291101-planka-vox-%E2%80%9Cj-trim%E2%80%9C-svpu-15-%E2%80%9Cdub-vinchester%E2%80%9C-305-m
Планка VOX “з'єднувальна“ SVP-18 “Дуб“ 3;05 м,Планка VOX “з'єднувальна“ SVP-18 “Дуб“ 3;05 м,Публічна картка товару Mizol; детальні параметри перевіряйте за посиланням,,https://mizol.ua/ua/291103-planka-vox-%E2%80%9Czednuvalyna%E2%80%9C-svp-18-%E2%80%9Cdub%E2%80%9C-305-m
Планка VOX “з'єднувальна“ SVPU-18 “Дуб Вінчестер“ 3;05 м,Планка VOX “з'єднувальна“ SVPU-18 “Дуб Вінчестер“ 3;05 м,Публічна картка товару Mizol; детальні параметри перевіряйте за посиланням,,https://mizol.ua/ua/291107-planka-vox-%E2%80%9Czednuvalyna%E2%80%9C-svpu-18-%E2%80%9Cdub-vinchester%E2%80%9C-305-m
Планка VOX “зовнішній кут“ SVP-12 “Дуб“ 3;05 м,Планка VOX “зовнішній кут“ SVP-12 “Дуб“ 3;05 м,Публічна картка товару Mizol; детальні параметри перевіряйте за посиланням,,https://mizol.ua/ua/291109-planka-vox-%E2%80%9Czovnishniy-kut%E2%80%9C-svp-12-%E2%80%9Cdub%E2%80%9C-305-m
Планка VOX “зовнішній кут“ SVPU-12 “Дуб Вінчестер“ 3;05 м,Планка VOX “зовнішній кут“ SVPU-12 “Дуб Вінчестер“ 3;05 м,Публічна картка товару Mizol; детальні параметри перевіряйте за посиланням,,https://mizol.ua/ua/291113-planka-vox-%E2%80%9Czovnishniy-kut%E2%80%9C-svpu-12-%E2%80%9Cdub-vinchester%E2%80%9C-305-m
Планка VOX “зовнішній кут“ SVPU-12 “Дуб Медовий“ 3;05 м,Планка VOX “зовнішній кут“ SVPU-12 “Дуб Медовий“ 3;05 м,Публічна картка товару Mizol; детальні параметри перевіряйте за посиланням,,https://mizol.ua/ua/291114-planka-vox-%E2%80%9Czovnishniy-kut%E2%80%9C-svpu-12-%E2%80%9Cdub-medovuy%E2%80%9C-305-m
Планка VOX “фінішна“ SVP-14 “Дуб золотий“ 3;05 м,Планка VOX “фінішна“ SVP-14 “Дуб золотий“ 3;05 м,Публічна картка товару Mizol; детальні параметри перевіряйте за посиланням,,https://mizol.ua/ua/291116-planka-vox-%E2%80%9Cfinishna%E2%80%9C-svp-14-%E2%80%9Cdub-zolotuy%E2%80%9C-305-m
Планка VOX “фінішна“ SVP-14 “Дуб“ 3;05 м,Планка VOX “фінішна“ SVP-14 “Дуб“ 3;05 м,Публічна картка товару Mizol; детальні параметри перевіряйте за посиланням,,https://mizol.ua/ua/291115-planka-vox-%E2%80%9Cfinishna%E2%80%9C-svp-14-%E2%80%9Cdub%E2%80%9C-305-m
Планка VOX “фінішна“ SVPU-14 “Дуб Вінчестер“ 3;05 м,Планка VOX “фінішна“ SVPU-14 “Дуб Вінчестер“ 3;05 м,Публічна картка товару Mizol; детальні параметри перевіряйте за посиланням,,https://mizol.ua/ua/291119-planka-vox-%E2%80%9Cfinishna%E2%80%9C-svpu-14-%E2%80%9Cdub-vinchester%E2%80%9C-305-m
Планка VOX “фінішна“ SVPU-14 “Дуб Медовий“ 3;05 м,Планка VOX “фінішна“ SVPU-14 “Дуб Медовий“ 3;05 м,Публічна картка товару Mizol; детальні параметри перевіряйте за посиланням,,https://mizol.ua/ua/291120-planka-vox-%E2%80%9Cfinishna%E2%80%9C-svpu-14-%E2%80%9Cdub-medovuy%E2%80%9C-305-m
Планка вентиляційна KERRAFRONT FS-262 Beige 3 м,Планка вентиляційна KERRAFRONT FS-262 Beige 3 м,Публічна картка товару Mizol; детальні параметри перевіряйте за посиланням,,https://mizol.ua/ua/78417-planka-ventulyacuonnaya-kerrafront-fs-262-beige-3-m
Планка вентиляційна KERRAFRONT FS-262 Claystone 3 м,Планка вентиляційна KERRAFRONT FS-262 Claystone 3 м,Публічна картка товару Mizol; детальні параметри перевіряйте за посиланням,,https://mizol.ua/ua/78419-planka-ventulyacuonnaya-kerrafront-fs-262-claystone-3-m
Планка вентиляційна KERRAFRONT FS-262 Creme 3 м,Планка вентиляційна KERRAFRONT FS-262 Creme 3 м,Публічна картка товару Mizol; детальні параметри перевіряйте за посиланням,,https://mizol.ua/ua/78416-planka-ventulyacuonnaya-kerrafront-fs-262-creme-3-m
Планка вентиляційна KERRAFRONT FS-262 Ivory 3 м,Планка вентиляційна KERRAFRONT FS-262 Ivory 3 м,Публічна картка товару Mizol; детальні параметри перевіряйте за посиланням,,https://mizol.ua/ua/78424-planka-ventulyacuonnaya-kerrafront-fs-262-ivory-3-m
Планка вентиляційна KERRAFRONT FS-262 Light Grey 3 м,Планка вентиляційна KERRAFRONT FS-262 Light Grey 3 м,Публічна картка товару Mizol; детальні параметри перевіряйте за посиланням,,https://mizol.ua/ua/78418-planka-ventulyacuonnaya-kerrafront-fs-262-light-grey-3-m
Планка вентиляційна KERRAFRONT FS-262 Mastic 3 м,Планка вентиляційна KERRAFRONT FS-262 Mastic 3 м,Публічна картка товару Mizol; детальні параметри перевіряйте за посиланням,,https://mizol.ua/ua/78422-planka-ventulyacuonnaya-kerrafront-fs-262-mastic-3-m
Планка вентиляційна KERRAFRONT FS-262 Olive 3 м,Планка вентиляційна KERRAFRONT FS-262 Olive 3 м,Публічна картка товару Mizol; детальні параметри перевіряйте за посиланням,,https://mizol.ua/ua/78420-planka-ventulyacuonnaya-kerrafront-fs-262-olive-3-m
Планка вентиляційна KERRAFRONT FS-262 Quartz Grey 3 м,Планка вентиляційна KERRAFRONT FS-262 Quartz Grey 3 м,Публічна картка товару Mizol; детальні параметри перевіряйте за посиланням,,https://mizol.ua/ua/78421-planka-ventulyacuonnaya-kerrafront-fs-262-quartz-grey-3-m
Планка вентиляційна KERRAFRONT FS-262 White 3 м,Планка вентиляційна KERRAFRONT FS-262 White 3 м,Публічна картка товару Mizol; детальні параметри перевіряйте за посиланням,,https://mizol.ua/ua/78415-planka-ventulyacuonnaya-kerrafront-fs-262-white-3-m
Планка Н Червоне дерево ASKO NEO 3;8 м,Планка Н Червоне дерево ASKO NEO 3;8 м,Публічна картка товару Mizol; детальні параметри перевіряйте за посиланням,,https://mizol.ua/ua/67745-planka-n-krasnoe-derevo-asko-neo-38-m-
Планка Н Червоне дерево Тік ASKO NEO 3;8 м,Планка Н Червоне дерево Тік ASKO NEO 3;8 м,Публічна картка товару Mizol; детальні параметри перевіряйте за посиланням,,https://mizol.ua/ua/67746-planka-n-krasnoe-derevo-tuk-asko-neo-38-m-
Планка Н Яблуня ASKO NEO 3;8 м,Планка Н Яблуня ASKO NEO 3;8 м,Публічна картка товару Mizol; детальні параметри перевіряйте за посиланням,,https://mizol.ua/ua/67747-planka-n-yablonya-asko-neo-38-m-
Планка з'єднувальна KERRAFRONT FS-282 Anthracite 3 м,Планка з'єднувальна KERRAFRONT FS-282 Anthracite 3 м,Публічна картка товару Mizol; детальні параметри перевіряйте за посиланням,,https://mizol.ua/ua/71517-planka-soedunutelynaya-kerrafront-fs-282-anthracite-3-m
Планка з'єднувальна KERRAFRONT FS-282 Beige 3 м,Планка з'єднувальна KERRAFRONT FS-282 Beige 3 м,Публічна картка товару Mizol; детальні параметри перевіряйте за посиланням,,https://mizol.ua/ua/78407-planka-soedunutelynaya-kerrafront-fs-282-beige-3-m
Планка з'єднувальна KERRAFRONT FS-282 Claystone 3 м,Планка з'єднувальна KERRAFRONT FS-282 Claystone 3 м,Публічна картка товару Mizol; детальні параметри перевіряйте за посиланням,,https://mizol.ua/ua/78409-planka-soedunutelynaya-kerrafront-fs-282-claystone-3-m
Планка з'єднувальна KERRAFRONT FS-282 Creme 3 м,Планка з'єднувальна KERRAFRONT FS-282 Creme 3 м,Публічна картка товару Mizol; детальні параметри перевіряйте за посиланням,,https://mizol.ua/ua/61036-planka-soedunutelynaya-kerrafront-fs-282-creme-3-m
Планка з'єднувальна KERRAFRONT FS-282 Grey 3 м,Планка з'єднувальна KERRAFRONT FS-282 Grey 3 м,Публічна картка товару Mizol; детальні параметри перевіряйте за посиланням,,https://mizol.ua/ua/78411-planka-soedunutelynaya-kerrafront-fs-282-grey-3-m
Планка з'єднувальна KERRAFRONT FS-282 Ivory 3 м,Планка з'єднувальна KERRAFRONT FS-282 Ivory 3 м,Публічна картка товару Mizol; детальні параметри перевіряйте за посиланням,,https://mizol.ua/ua/128931-planka-soedunutelynaya-kerrafront-fs-282-ivory-3-m
Планка з'єднувальна KERRAFRONT FS-282 Mastic 3 м,Планка з'єднувальна KERRAFRONT FS-282 Mastic 3 м,Публічна картка товару Mizol; детальні параметри перевіряйте за посиланням,,https://mizol.ua/ua/78413-planka-soedunutelynaya-kerrafront-fs-282-mastic-3-m
Планка з'єднувальна KERRAFRONT FS-282 Olive 3 м,Планка з'єднувальна KERRAFRONT FS-282 Olive 3 м,Публічна картка товару Mizol; детальні параметри перевіряйте за посиланням,,https://mizol.ua/ua/78410-planka-soedunutelynaya-kerrafront-fs-282-olive-3-m
Планка з'єднувальна KERRAFRONT FS-282 Pearl Grey 3 м,Планка з'єднувальна KERRAFRONT FS-282 Pearl Grey 3 м,Публічна картка товару Mizol; детальні параметри перевіряйте за посиланням,,https://mizol.ua/ua/72199-planka-soedunutelynaya-kerrafront-fs-282-pearl-grey-3-m
Планка з'єднувальна KERRAFRONT FS-282 Quartz Grey 3 м,Планка з'єднувальна KERRAFRONT FS-282 Quartz Grey 3 м,Публічна картка товару Mizol; детальні параметри перевіряйте за посиланням,,https://mizol.ua/ua/78412-planka-soedunutelynaya-kerrafront-fs-282-quartz-grey-3-m
Планка фінішна KERRAFRONT FS-252 Anthracite 3 м,Планка фінішна KERRAFRONT FS-252 Anthracite 3 м,Публічна картка товару Mizol; детальні параметри перевіряйте за посиланням,,https://mizol.ua/ua/68800-planka-funushnaya-kerrafront-fs-252-anthracite-3-m
Планка фінішна KERRAFRONT FS-252 Beige 3 м,Планка фінішна KERRAFRONT FS-252 Beige 3 м,Публічна картка товару Mizol; детальні параметри перевіряйте за посиланням,,https://mizol.ua/ua/78431-planka-funushnaya-kerrafront-fs-252-beige-3-m
Планка фінішна KERRAFRONT FS-252 Creme 3 м,Планка фінішна KERRAFRONT FS-252 Creme 3 м,Публічна картка товару Mizol; детальні параметри перевіряйте за посиланням,,https://mizol.ua/ua/78430-planka-funushnaya-kerrafront-fs-252-creme-3-m
Планка фінішна KERRAFRONT FS-252 Ivory 3 м,Планка фінішна KERRAFRONT FS-252 Ivory 3 м,Публічна картка товару Mizol; детальні параметри перевіряйте за посиланням,,https://mizol.ua/ua/78427-planka-funushnaya-kerrafront-fs-252-ivory-3-m
Планка фінішна KERRAFRONT FS-252 Light Grey 3 м,Планка фінішна KERRAFRONT FS-252 Light Grey 3 м,Публічна картка товару Mizol; детальні параметри перевіряйте за посиланням,,https://mizol.ua/ua/71502-planka-funushnaya-kerrafront-fs-252-light-grey-3-m
Планка фінішна KERRAFRONT FS-252 Mastic 3 м,Планка фінішна KERRAFRONT FS-252 Mastic 3 м,Публічна картка товару Mizol; детальні параметри перевіряйте за посиланням,,https://mizol.ua/ua/78429-planka-funushnaya-kerrafront-fs-252-mastic-3-m
Планка фінішна KERRAFRONT FS-252 Olive 3 м,Планка фінішна KERRAFRONT FS-252 Olive 3 м,Публічна картка товару Mizol; детальні параметри перевіряйте за посиланням,,https://mizol.ua/ua/78433-planka-funushnaya-kerrafront-fs-252-olive-3-m
Планка фінішна KERRAFRONT FS-252 Quartz Grey 3 м,Планка фінішна KERRAFRONT FS-252 Quartz Grey 3 м,Публічна картка товару Mizol; детальні параметри перевіряйте за посиланням,,https://mizol.ua/ua/78434-planka-funushnaya-kerrafront-fs-252-quartz-grey-3-m
Плівка мульчуюча SOTRAFA сріблясто-чорна (25мкм); 1;2*1000м,покрівельна плівка,Публічна картка товару Mizol; детальні параметри перевіряйте за посиланням,,https://mizol.ua/ua/54985-plenka-mulychuruyuschaya-sotrafa-serebryano-chernaya-25mkm-121000m
Плівка мульчуюча SOTRAFA чорна (30мкм); перфофорована 30*25см; 1;2*1000м,покрівельна плівка,Публічна картка товару Mizol; детальні параметри перевіряйте за посиланням,,https://mizol.ua/ua/54982-plenka-mulychuruyuschaya-sotrafa-chernaya-30h25-sm-30-mkm-perforurovana-121000m
Плівка теплична SOTRAFA прозора ASTER PLUS (150мкм) завширшки 16м,покрівельна плівка,Публічна картка товару Mizol; детальні параметри перевіряйте за посиланням,,https://mizol.ua/ua/67860-plenka-tepluchnaya-prozrachnaya-sotrafa-aster-plus-150-mkm-16-m
Плівка теплична SOTRAFA прозора TRC з АК+IR+EVA (150мкм) завширшки 16м,покрівельна плівка,Публічна картка товару Mizol; детальні параметри перевіряйте за посиланням,,https://mizol.ua/ua/66965-plenka-tepluchnaya-prozrachnaya-sotrafa-trc-150-mkm-z-akireva-16-m
Плівка теплична SOTRAFA розсіювальна TRC з АК+IR+EVA (150мкм) завширшки 16м.,покрівельна плівка,Публічна картка товару Mizol; детальні параметри перевіряйте за посиланням,,https://mizol.ua/ua/56228-plenka-tepluchnaya-rasseuvayuschaya-sotrafa-trc-z-akireva-150mkm-16-m
Підпірний елемент SitaTrendy,Підпірний елемент SitaTrendy,Публічна картка товару Mizol; детальні параметри перевіряйте за посиланням,,https://mizol.ua/ua/114848-podpornyy-element-sitatrendy
Полімер-бітумна мембрана IZOBIT BAZA 4 DUO; 1х7.5 м,мембрана,Публічна картка товару Mizol; детальні параметри перевіряйте за посиланням,,https://mizol.ua/ua/218391-polimer-bitumna-membrana-izobit-baza-4-duo-1h75-m
Полімер-бітумна мембрана IZOBIT POWER cool white 53,мембрана,Публічна картка товару Mizol; детальні параметри перевіряйте за посиланням,,https://mizol.ua/ua/288889-polimer-bitumna-membrana-izobit-power-cool-white-53
Полімер-бітумна мембрана IZOBUD ALU W-PET/SBS; 1х20 м,мембрана,Публічна картка товару Mizol; детальні параметри перевіряйте за посиланням,,https://mizol.ua/ua/283393-polimer-bitumna-membrana-izobud-alu-w-petsbs-1h20-m
Полімер-бітумна мембрана IZOBUD W-PET/SBS,мембрана,Публічна картка товару Mizol; детальні параметри перевіряйте за посиланням,,https://mizol.ua/ua/224379-polimer-bitumna-membrana-izobud-w-petsbs
Полікарбонатний шифер TOMO Plex бронзовий текстурований 2000*1045*1;1 мм трапеція,Полікарбонатний шифер TOMO Plex бронзовий текстурований 2000*1045*1;1 мм трапеція,Публічна картка товару Mizol; детальні параметри перевіряйте за посиланням,,https://mizol.ua/ua/229539-polukarbonatnyy-shufer-tomo-plex-bronzovyy-tekstururovannyy-2000104511-mm-trapecuya
Полімер-бітумна мембрана DACHBIT 20 250 S4 SBS; 1х7.5 м,мембрана,Публічна картка товару Mizol; детальні параметри перевіряйте за посиланням,,https://mizol.ua/ua/218298-polumer-butumnaya-membrana-dachbit-20-250-s4-sbs-1h75-m
Полімер-бітумна мембрана IZOBIT GARDEN 52; 1х5 м,мембрана,Публічна картка товару Mizol; детальні параметри перевіряйте за посиланням,,https://mizol.ua/ua/218385-polumer-butumnaya-membrana-izobit-garden-52-1h5-m
Полімер-бітумна мембрана IZOBIT GOLD 25 250 S52 SBS; 1х5 м,мембрана,Публічна картка товару Mizol; детальні параметри перевіряйте за посиланням,,https://mizol.ua/ua/218381-polumer-butumnaya-membrana-izobit-gold-25-250-s52-sbs-1h5-m
Полімер-бітумна мембрана IZOBIT GOLD 25 250 S56 SBS; 1х5 м,мембрана,Публічна картка товару Mizol; детальні параметри перевіряйте за посиланням,,https://mizol.ua/ua/218383-polumer-butumnaya-membrana-izobit-gold-25-250-s56-sbs-1h5-m
Полімер-бітумна мембрана IZOBIT POWER cool white 42,мембрана,Публічна картка товару Mizol; детальні параметри перевіряйте за посиланням,,https://mizol.ua/ua/288888-polumer-butumnaya-membrana-izobit-power-cool-white-42
Полімер-бітумна мембрана IZOBIT SUPER P-PYE 250 S 4 SBS 1х7;5,мембрана,Публічна картка товару Mizol; детальні параметри перевіряйте за посиланням,,https://mizol.ua/ua/253352-polumer-butumnaya-membrana-izobit-super-p-pye-250-s-4-sbs-1h75
Полімер-бітумна мембрана IZOBIT SUPER STICK PV; 1х10 м,мембрана,Публічна картка товару Mizol; детальні параметри перевіряйте за посиланням,,https://mizol.ua/ua/218300-polumer-butumnaya-membrana-izobit-super-stick-pv-1h10-m
Полімер-бітумна мембрана SOPREMA RESISTO V 3; SBS; 1х15м,мембрана,Публічна картка товару Mizol; детальні параметри перевіряйте за посиланням,,https://mizol.ua/ua/216176-polumer-butumnaya-membrana-soprema-mamut-pv-3-sbs-1h15m
Полімер-бітумна мембрана SOPREMA MORTERPLAS SBS FP 4; 1x10 м,мембрана,Публічна картка товару Mizol; детальні параметри перевіряйте за посиланням,,https://mizol.ua/ua/154204-polumer-butumnaya-membrana-soprema-morterplas-sbs-fp-4-1x10-m
Полімер-бітумна мембрана SOPREMA MORTERPLAS SBS FP 4.8; 1x8 м,мембрана,Публічна картка товару Mizol; детальні параметри перевіряйте за посиланням,,https://mizol.ua/ua/155712-polumer-butumnaya-membrana-soprema-morterplas-sbs-fp-48-1x8-m%09
Полімер-бітумна мембрана SOPREMA MORTERPLAS SBS FPV 4 MIN; 1x10 м,мембрана,Публічна картка товару Mizol; детальні параметри перевіряйте за посиланням,,https://mizol.ua/ua/154206-polumer-butumnaya-membrana-soprema-morterplas-sbs-fpv-4-min-1x10-m%09
Полімер-бітумна мембрана SOPREMA MORTERPLAS SBS FM 5 MIN; 1x8 м,мембрана,Публічна картка товару Mizol; детальні параметри перевіряйте за посиланням,,https://mizol.ua/ua/154208-polumer-butumnaya-membrana-soprema-morterplas-sbs-fpv-5-min-1x8-m%09
Полімер-бітумна мембрана SOPREMA MORTERPLAS SBS FPV 5 MIN; 1x8 м,мембрана,Публічна картка товару Mizol; детальні параметри перевіряйте за посиланням,,https://mizol.ua/ua/154207-polumer-butumnaya-membrana-soprema-morterplas-sbs-fpv-5-min-1x8-m%09
Полімер-бітумна мембрана SOPREMA MORTERPLAS SBS FM 3; 1x13 м,мембрана,Публічна картка товару Mizol; детальні параметри перевіряйте за посиланням,,https://mizol.ua/ua/154203-polumer-butumnaya-membrana-soprema-morterplas-sbs-fv-3-1x13-m%09
Полімер-бітумна мембрана SOPREMA MORTERPLAS SBS GARDEN MIN; 1x8 м,мембрана,Публічна картка товару Mizol; детальні параметри перевіряйте за посиланням,,https://mizol.ua/ua/154215-polumer-butumnaya-membrana-soprema-morterplas-sbs-garden-min-1x8-m%09
Полімер-бітумна мембрана SOPREMA MORTERPLAS SBS PARKING; 1x8 м,мембрана,Публічна картка товару Mizol; детальні параметри перевіряйте за посиланням,,https://mizol.ua/ua/154217-polumer-butumnaya-membrana-soprema-morterplas-sbs-parking-1x8-m%09
Полімер-бітумна мембрана SOPREMA Resisto PV 4 AR ; SBS; 1х10м,мембрана,Публічна картка товару Mizol; детальні параметри перевіряйте за посиланням,,https://mizol.ua/ua/209629-polumer-butumnaya-membrana-soprema-resisto-pv-4-ar%3B-sbs-1h10m
Полімер-бітумна мембрана SOPREMA SOPRALENE ELITE FM 5 D-TOX; 1x8 м,мембрана,Публічна картка товару Mizol; детальні параметри перевіряйте за посиланням,,https://mizol.ua/ua/155710-polumer-butumnaya-membrana-soprema-sopralene-elite-fm-5-d-tox-1x8-m%09
Полімер-бітумна пароізоляція SOPREMA MAMUT VAP; 1x13 м,ізоляція,Публічна картка товару Mizol; детальні параметри перевіряйте за посиланням,,https://mizol.ua/ua/155686-polumer-butumnaya-parouzolyacuya-soprema-mamut-vap-1x13-m%09
Прокладка між трубою-телескопом та під'ємною трубою; для кінету 315,Прокладка між трубою-телескопом та під'ємною трубою; для кінету 315,Публічна картка товару Mizol; детальні параметри перевіряйте за посиланням,,https://mizol.ua/ua/46981-prokladka-migh-truboyu-teleskopom-ta-pidemnoyu-truboyu-dlya-kinetu--d315
Проходка покрівельна для пласкої покрівлі Антрацит ES,Проходка покрівельна для пласкої покрівлі Антрацит ES,Публічна картка товару Mizol; детальні параметри перевіряйте за посиланням,,https://mizol.ua/ua/245684-prohodka-krovelynaya-dlya-ploskuh-krysh-antracut-es
Ревізія d110 SN8,Ревізія d110 SN8,Публічна картка товару Mizol; детальні параметри перевіряйте за посиланням,,https://mizol.ua/ua/14456-reviziya-d110-sn8
Ревізія d160 SN8,Ревізія d160 SN8,Публічна картка товару Mizol; детальні параметри перевіряйте за посиланням,,https://mizol.ua/ua/12161-reviziya-d160-sn8
Ревізія d110; ПП,Ревізія d110; ПП,Публічна картка товару Mizol; детальні параметри перевіряйте за посиланням,,https://mizol.ua/ua/11598-revuzuya-d110-pp
Ревізія d50; ПП,Ревізія d50; ПП,Публічна картка товару Mizol; детальні параметри перевіряйте за посиланням,,https://mizol.ua/ua/11597-revuzuya-d50-pp
Редукція d110/50,Редукція d110/50,Публічна картка товару Mizol; детальні параметри перевіряйте за посиланням,,https://mizol.ua/ua/11599-redukcuya-d11050
Редукція d160/110 SN8,Редукція d160/110 SN8,Публічна картка товару Mizol; детальні параметри перевіряйте за посиланням,,https://mizol.ua/ua/12162-redukcuya-d160110-sn8
Редукція d32/50,Редукція d32/50,Публічна картка товару Mizol; детальні параметри перевіряйте за посиланням,,https://mizol.ua/ua/14140-redukcuya-d3250
Самоклеюча бітумна мембрана SOPREMA EDILSTICK 2 мм PP/RAND; 1x15 м,мембрана,Публічна картка товару Mizol; детальні параметри перевіряйте за посиланням,,https://mizol.ua/ua/154219-samokleyuschayasya-butumnaya-membrana-soprema-edilstick-2-mm-pprand-1x15-m
"Сітка полімерна ""Королла"" зелена (1х30 м)",полімерна сітка,Публічна картка товару Mizol; детальні параметри перевіряйте за посиланням,,https://mizol.ua/ua/11479-setka-polumernaya-korolla-zelenaya-1h30-m
"Сітка полімерна Tenax ""Ранч-1"" зелена (2х50м)",полімерна сітка,Публічна картка товару Mizol; детальні параметри перевіряйте за посиланням,,https://mizol.ua/ua/11463-setka-polumernaya-ranch-1-zelenaya-2h50-m
Соединитель панели KERRAFRONT CLASSIC J-201 Anthracite 0;18 м,Соединитель панели KERRAFRONT CLASSIC J-201 Anthracite 0;18 м,Публічна картка товару Mizol; детальні параметри перевіряйте за посиланням,,https://mizol.ua/ua/71496-soedunutely-panelu-kerrafront-classic-j-201-anthracite-018-m
Соединитель панели KERRAFRONT CLASSIC J-201 Beige 0;18 м,Соединитель панели KERRAFRONT CLASSIC J-201 Beige 0;18 м,Публічна картка товару Mizol; детальні параметри перевіряйте за посиланням,,https://mizol.ua/ua/78406-soedunutely-panelu-kerrafront-classic-j-201-beige-018-m
Соединитель панели KERRAFRONT CLASSIC J-201 Claystone 0;18 м,Соединитель панели KERRAFRONT CLASSIC J-201 Claystone 0;18 м,Публічна картка товару Mizol; детальні параметри перевіряйте за посиланням,,https://mizol.ua/ua/78402-soedunutely-panelu-kerrafront-classic-j-201-claystone-018-m
Соединитель панели KERRAFRONT CLASSIC J-201 Creme 0;18 м,Соединитель панели KERRAFRONT CLASSIC J-201 Creme 0;18 м,Публічна картка товару Mizol; детальні параметри перевіряйте за посиланням,,https://mizol.ua/ua/78404-soedunutely-panelu-kerrafront-classic-j-201-creme-018-m
Соединитель панели KERRAFRONT CLASSIC J-201 Grey 0;18 м,Соединитель панели KERRAFRONT CLASSIC J-201 Grey 0;18 м,Публічна картка товару Mizol; детальні параметри перевіряйте за посиланням,,https://mizol.ua/ua/78401-soedunutely-panelu-kerrafront-classic-j-201-grey-018-m
Соединитель панели KERRAFRONT CLASSIC J-201 Light Grey 0;18 м,Соединитель панели KERRAFRONT CLASSIC J-201 Light Grey 0;18 м,Публічна картка товару Mizol; детальні параметри перевіряйте за посиланням,,https://mizol.ua/ua/78405-soedunutely-panelu-kerrafront-classic-j-201-light-grey-018-m
Соединитель панели KERRAFRONT CLASSIC J-201 Olive 0;18 м,Соединитель панели KERRAFRONT CLASSIC J-201 Olive 0;18 м,Публічна картка товару Mizol; детальні параметри перевіряйте за посиланням,,https://mizol.ua/ua/78403-soedunutely-panelu-kerrafront-classic-j-201-olive-018-m
Соединитель панели KERRAFRONT CLASSIC J-201 Quartz Grey 0;18 м,Соединитель панели KERRAFRONT CLASSIC J-201 Quartz Grey 0;18 м,Публічна картка товару Mizol; детальні параметри перевіряйте за посиланням,,https://mizol.ua/ua/78400-soedunutely-panelu-kerrafront-classic-j-201-quartz-grey-018-m
Соединитель панели KERRAFRONT CLASSIC J-202 Beige 0;322 м,Соединитель панели KERRAFRONT CLASSIC J-202 Beige 0;322 м,Публічна картка товару Mizol; детальні параметри перевіряйте за посиланням,,https://mizol.ua/ua/78398-soedunutely-panelu-kerrafront-classic-j-202-beige-0322-m
Соединитель панели KERRAFRONT CLASSIC J-202 Claystone 0;322 м,Соединитель панели KERRAFRONT CLASSIC J-202 Claystone 0;322 м,Публічна картка товару Mizol; детальні параметри перевіряйте за посиланням,,https://mizol.ua/ua/78396-soedunutely-panelu-kerrafront-classic-j-202-claystone-0322-m
Соединитель панели KERRAFRONT CLASSIC J-202 Creme 0;322 м,Соединитель панели KERRAFRONT CLASSIC J-202 Creme 0;322 м,Публічна картка товару Mizol; детальні параметри перевіряйте за посиланням,,https://mizol.ua/ua/78394-soedunutely-panelu-kerrafront-classic-j-202-creme-0322-m
Соединитель панели KERRAFRONT CLASSIC J-202 Grey 0;322 м,Соединитель панели KERRAFRONT CLASSIC J-202 Grey 0;322 м,Публічна картка товару Mizol; детальні параметри перевіряйте за посиланням,,https://mizol.ua/ua/78392-soedunutely-panelu-kerrafront-classic-j-202-grey-0322-m
Соединитель панели KERRAFRONT CLASSIC J-202 Olive 0;322 м,Соединитель панели KERRAFRONT CLASSIC J-202 Olive 0;322 м,Публічна картка товару Mizol; детальні параметри перевіряйте за посиланням,,https://mizol.ua/ua/78393-soedunutely-panelu-kerrafront-classic-j-202-olive-0322-m
Соединитель панели KERRAFRONT CLASSIC J-202 Quartz Grey 0;322 м,Соединитель панели KERRAFRONT CLASSIC J-202 Quartz Grey 0;322 м,Публічна картка товару Mizol; детальні параметри перевіряйте за посиланням,,https://mizol.ua/ua/78391-soedunutely-panelu-kerrafront-classic-j-202-quartz-grey-0322-m
Соединитель панели KERRAFRONT CLASSIC J-202 White 0;322 м,Соединитель панели KERRAFRONT CLASSIC J-202 White 0;322 м,Публічна картка товару Mizol; детальні параметри перевіряйте за посиланням,,https://mizol.ua/ua/78397-soedunutely-panelu-kerrafront-classic-j-202-white-0322-m
Соединитель панели KERRAFRONT MW J-302 Anthracite 0;322 м,Соединитель панели KERRAFRONT MW J-302 Anthracite 0;322 м,Публічна картка товару Mizol; детальні параметри перевіряйте за посиланням,,https://mizol.ua/ua/78386-soedunutely-panelu-kerrafront-mw-j-302-anthracite-0322-m
Соединитель панели KERRAFRONT MW J-302 Beige 0;322 м,Соединитель панели KERRAFRONT MW J-302 Beige 0;322 м,Публічна картка товару Mizol; детальні параметри перевіряйте за посиланням,,https://mizol.ua/ua/78385-soedunutely-panelu-kerrafront-mw-j-302-beige-0322-m
Соединитель панели KERRAFRONT MW J-302 Claystone 0;322 м,Соединитель панели KERRAFRONT MW J-302 Claystone 0;322 м,Публічна картка товару Mizol; детальні параметри перевіряйте за посиланням,,https://mizol.ua/ua/78383-soedunutely-panelu-kerrafront-mw-j-302-claystone-0322-m
Соединитель панели KERRAFRONT MW J-302 Quartz Grey 0;322 м,Соединитель панели KERRAFRONT MW J-302 Quartz Grey 0;322 м,Публічна картка товару Mizol; детальні параметри перевіряйте за посиланням,,https://mizol.ua/ua/78380-soedunutely-panelu-kerrafront-mw-j-302-quartz-grey-0322-m
Соединитель панели KERRAFRONT MW J-302 White 0;322 м,Соединитель панели KERRAFRONT MW J-302 White 0;322 м,Публічна картка товару Mizol; детальні параметри перевіряйте за посиланням,,https://mizol.ua/ua/78384-soedunutely-panelu-kerrafront-mw-j-302-white-0322-m
Сталевий радіатор PURMO Ventil Compact 22 300х 2000,Сталевий радіатор PURMO Ventil Compact 22 300х 2000,Публічна картка товару Mizol; детальні параметри перевіряйте за посиланням,,https://mizol.ua/ua/23412-stalynoy-panelynyy-raduator-purmo-ventil-compact-22-300h-2000
Cталевий радіатор IDMAR Compact 22 500x 1000,Cталевий радіатор IDMAR Compact 22 500x 1000,Публічна картка товару Mizol; детальні параметри перевіряйте за посиланням,,https://mizol.ua/ua/124906-stalynoy-raduator-idmar-compact-22-500x-1000
Cталевий радіатор IDMAR Compact 22 500x 1200,Cталевий радіатор IDMAR Compact 22 500x 1200,Публічна картка товару Mizol; детальні параметри перевіряйте за посиланням,,https://mizol.ua/ua/124945-stalynoy-raduator-idmar-compact-22-500x-1200
Cталевий радіатор IDMAR Compact 22 500x 1200,Cталевий радіатор IDMAR Compact 22 500x 1200,Публічна картка товару Mizol; детальні параметри перевіряйте за посиланням,,https://mizol.ua/ua/124943-stalynoy-raduator-idmar-compact-22-500x-1200
Cталевий радіатор IDMAR Compact 22 500x 1400,Cталевий радіатор IDMAR Compact 22 500x 1400,Публічна картка товару Mizol; детальні параметри перевіряйте за посиланням,,https://mizol.ua/ua/124946-stalynoy-raduator-idmar-compact-22-500x-1400
Cталевий радіатор IDMAR Compact 22 500x 1400,Cталевий радіатор IDMAR Compact 22 500x 1400,Публічна картка товару Mizol; детальні параметри перевіряйте за посиланням,,https://mizol.ua/ua/124944-stalynoy-raduator-idmar-compact-22-500x-1400
Cталевий радіатор IDMAR Compact 22 500x 500,Cталевий радіатор IDMAR Compact 22 500x 500,Публічна картка товару Mizol; детальні параметри перевіряйте за посиланням,,https://mizol.ua/ua/125058-stalynoy-raduator-idmar-compact-22-500x-500
Cталевий радіатор IDMAR Compact 22 500x 800,Cталевий радіатор IDMAR Compact 22 500x 800,Публічна картка товару Mizol; детальні параметри перевіряйте за посиланням,,https://mizol.ua/ua/125061-stalynoy-raduator-idmar-compact-22-500x-800
Cталевий радіатор IDMAR Ventil Compact 22 300x 1000,Cталевий радіатор IDMAR Ventil Compact 22 300x 1000,Публічна картка товару Mizol; детальні параметри перевіряйте за посиланням,,https://mizol.ua/ua/125091-stalynoy-raduator-idmar-ventil-compact-22-300x-1000
Cталевий радіатор IDMAR Ventil Compact 22 300x 1200,Cталевий радіатор IDMAR Ventil Compact 22 300x 1200,Публічна картка товару Mizol; детальні параметри перевіряйте за посиланням,,https://mizol.ua/ua/125092-stalynoy-raduator-idmar-ventil-compact-22-300x-1200
Cталевий радіатор IDMAR Ventil Compact 22 300x 1400,Cталевий радіатор IDMAR Ventil Compact 22 300x 1400,Публічна картка товару Mizol; детальні параметри перевіряйте за посиланням,,https://mizol.ua/ua/125093-stalynoy-raduator-idmar-ventil-compact-22-300x-1400
Cталевий радіатор IDMAR Ventil Compact 22 300x 1600,Cталевий радіатор IDMAR Ventil Compact 22 300x 1600,Публічна картка товару Mizol; детальні параметри перевіряйте за посиланням,,https://mizol.ua/ua/125094-stalynoy-raduator-idmar-ventil-compact-22-300x-1600
Cталевий радіатор IDMAR Ventil Compact 22 300x 1800,Cталевий радіатор IDMAR Ventil Compact 22 300x 1800,Публічна картка товару Mizol; детальні параметри перевіряйте за посиланням,,https://mizol.ua/ua/125095-stalynoy-raduator-idmar-ventil-compact-22-300x-1800
Cталевий радіатор IDMAR Ventil Compact 22 500x 1000,Cталевий радіатор IDMAR Ventil Compact 22 500x 1000,Публічна картка товару Mizol; детальні параметри перевіряйте за посиланням,,https://mizol.ua/ua/125103-stalynoy-raduator-idmar-ventil-compact-22-500x-1000
Cталевий радіатор IDMAR Ventil Compact 22 500x 1100,Cталевий радіатор IDMAR Ventil Compact 22 500x 1100,Публічна картка товару Mizol; детальні параметри перевіряйте за посиланням,,https://mizol.ua/ua/125104-stalynoy-raduator-idmar-ventil-compact-22-500x-1100
Cталевий радіатор IDMAR Ventil Compact 22 500x 1200,Cталевий радіатор IDMAR Ventil Compact 22 500x 1200,Публічна картка товару Mizol; детальні параметри перевіряйте за посиланням,,https://mizol.ua/ua/125105-stalynoy-raduator-idmar-ventil-compact-22-500x-1200
Cталевий радіатор IDMAR Ventil Compact 22 500x 1400,Cталевий радіатор IDMAR Ventil Compact 22 500x 1400,Публічна картка товару Mizol; детальні параметри перевіряйте за посиланням,,https://mizol.ua/ua/125106-stalynoy-raduator-idmar-ventil-compact-22-500x-1400
Cталевий радіатор IDMAR Ventil Compact 22 500x 1600,Cталевий радіатор IDMAR Ventil Compact 22 500x 1600,Публічна картка товару Mizol; детальні параметри перевіряйте за посиланням,,https://mizol.ua/ua/125107-stalynoy-raduator-idmar-ventil-compact-22-500x-1600
Cталевий радіатор IDMAR Ventil Compact 22 500x 1800,Cталевий радіатор IDMAR Ventil Compact 22 500x 1800,Публічна картка товару Mizol; детальні параметри перевіряйте за посиланням,,https://mizol.ua/ua/125108-stalynoy-raduator-idmar-ventil-compact-22-500x-1800
Cталевий радіатор IDMAR Ventil Compact 22 500x 500,Cталевий радіатор IDMAR Ventil Compact 22 500x 500,Публічна картка товару Mizol; детальні параметри перевіряйте за посиланням,,https://mizol.ua/ua/125111-stalynoy-raduator-idmar-ventil-compact-22-500x-500
Cталевий радіатор IDMAR Ventil Compact 22 500x 600,Cталевий радіатор IDMAR Ventil Compact 22 500x 600,Публічна картка товару Mizol; детальні параметри перевіряйте за посиланням,,https://mizol.ua/ua/125112-stalynoy-raduator-idmar-ventil-compact-22-500x-600
Cталевий радіатор IDMAR Ventil Compact 22 500x 700,Cталевий радіатор IDMAR Ventil Compact 22 500x 700,Публічна картка товару Mizol; детальні параметри перевіряйте за посиланням,,https://mizol.ua/ua/125113-stalynoy-raduator-idmar-ventil-compact-22-500x-700
Cталевий радіатор IDMAR Ventil Compact 22 500x 800,Cталевий радіатор IDMAR Ventil Compact 22 500x 800,Публічна картка товару Mizol; детальні параметри перевіряйте за посиланням,,https://mizol.ua/ua/125114-stalynoy-raduator-idmar-ventil-compact-22-500x-800
Cталевий радіатор IDMAR Ventil Compact 22 500x 900,Cталевий радіатор IDMAR Ventil Compact 22 500x 900,Публічна картка товару Mizol; детальні параметри перевіряйте за посиланням,,https://mizol.ua/ua/125115-stalynoy-raduator-idmar-ventil-compact-22-500x-900
Сталевий радіатор PURMO Compact 11 300x 1200,Сталевий радіатор PURMO Compact 11 300x 1200,Публічна картка товару Mizol; детальні параметри перевіряйте за посиланням,,https://mizol.ua/ua/22217-stalynoy-raduator-purmo-compact-11-300x-1200
Сталевий радіатор PURMO Compact 11 300x 1400,Сталевий радіатор PURMO Compact 11 300x 1400,Публічна картка товару Mizol; детальні параметри перевіряйте за посиланням,,https://mizol.ua/ua/22561-stalynoy-raduator-purmo-compact-11-300x-1400
Сталевий радіатор PURMO Compact 11 300x 1600,Сталевий радіатор PURMO Compact 11 300x 1600,Публічна картка товару Mizol; детальні параметри перевіряйте за посиланням,,https://mizol.ua/ua/26186-stalynoy-raduator-purmo-compact-11-300x-1600
Сталевий радіатор PURMO Compact 11 300x 800,Сталевий радіатор PURMO Compact 11 300x 800,Публічна картка товару Mizol; детальні параметри перевіряйте за посиланням,,https://mizol.ua/ua/24878-stalynoy-raduator-purmo-compact-11-300x-800
Сталевий радіатор PURMO Compact 22 300x 1000,Сталевий радіатор PURMO Compact 22 300x 1000,Публічна картка товару Mizol; детальні параметри перевіряйте за посиланням,,https://mizol.ua/ua/20973-stalynoy-raduator-purmo-compact-22-300x-1000
Сталевий радіатор PURMO Compact 22 500x 1000,Сталевий радіатор PURMO Compact 22 500x 1000,Публічна картка товару Mizol; детальні параметри перевіряйте за посиланням,,https://mizol.ua/ua/20926-stalynoy-raduator-purmo-compact-22-500x-1000
Сталевий радіатор PURMO Compact 22 500x 1100,Сталевий радіатор PURMO Compact 22 500x 1100,Публічна картка товару Mizol; детальні параметри перевіряйте за посиланням,,https://mizol.ua/ua/20927-stalynoy-raduator-purmo-compact-22-500x-1100
Сталевий радіатор PURMO Compact 22 500x 400,Сталевий радіатор PURMO Compact 22 500x 400,Публічна картка товару Mizol; детальні параметри перевіряйте за посиланням,,https://mizol.ua/ua/20911-stalynoy-raduator-purmo-compact-22-500x-400
Сталевий радіатор PURMO Compact 22 500x 600,Сталевий радіатор PURMO Compact 22 500x 600,Публічна картка товару Mizol; детальні параметри перевіряйте за посиланням,,https://mizol.ua/ua/20922-stalynoy-raduator-purmo-compact-22-500x-600
Сталевий радіатор PURMO Compact 22 500x 700,Сталевий радіатор PURMO Compact 22 500x 700,Публічна картка товару Mizol; детальні параметри перевіряйте за посиланням,,https://mizol.ua/ua/20923-stalynoy-raduator-purmo-compact-22-500x-700
Сталевий радіатор PURMO Hygiene 10 500x 2600,Сталевий радіатор PURMO Hygiene 10 500x 2600,Публічна картка товару Mizol; детальні параметри перевіряйте за посиланням,,https://mizol.ua/ua/26239-stalynoy-raduator-purmo-higiene-10-500x-2600
Сталевий радіатор PURMO Hygiene 20 600x 2000,Сталевий радіатор PURMO Hygiene 20 600x 2000,Публічна картка товару Mizol; детальні параметри перевіряйте за посиланням,,https://mizol.ua/ua/60931-stalynoy-raduator-purmo-hygiene-20-600x-2000
Сталевий радіатор PURMO Ventil Compact 11 500x 1000,Сталевий радіатор PURMO Ventil Compact 11 500x 1000,Публічна картка товару Mizol; детальні параметри перевіряйте за посиланням,,https://mizol.ua/ua/21920-stalynoy-raduator-purmo-ventil-compact-11-500x-1000
Сталевий радіатор PURMO Ventil Compact 11 500x 500,Сталевий радіатор PURMO Ventil Compact 11 500x 500,Публічна картка товару Mizol; детальні параметри перевіряйте за посиланням,,https://mizol.ua/ua/21464-stalynoy-raduator-purmo-ventil-compact-11-500x-500
Сталевий радіатор PURMO Ventil Compact 22 300x 1000,Сталевий радіатор PURMO Ventil Compact 22 300x 1000,Публічна картка товару Mizol; детальні параметри перевіряйте за посиланням,,https://mizol.ua/ua/20907-stalynoy-raduator-purmo-ventil-compact-22-300x-1000
Сталевий радіатор PURMO Ventil Compact 22 300x 1100,Сталевий радіатор PURMO Ventil Compact 22 300x 1100,Публічна картка товару Mizol; детальні параметри перевіряйте за посиланням,,https://mizol.ua/ua/21195-stalynoy-raduator-purmo-ventil-compact-22-300x-1100
Сталевий радіатор PURMO Ventil Compact 22 300x 1400,Сталевий радіатор PURMO Ventil Compact 22 300x 1400,Публічна картка товару Mizol; детальні параметри перевіряйте за посиланням,,https://mizol.ua/ua/20909-stalynoy-raduator-purmo-ventil-compact-22-300x-1400
Сталевий радіатор PURMO Ventil Compact 22 600x 1000,Сталевий радіатор PURMO Ventil Compact 22 600x 1000,Публічна картка товару Mizol; детальні параметри перевіряйте за посиланням,,https://mizol.ua/ua/21800-stalynoy-raduator-purmo-ventil-compact-22-600x-1000
Сталевий радіатор PURMO Ventil Compact 22 600x 1400,Сталевий радіатор PURMO Ventil Compact 22 600x 1400,Публічна картка товару Mizol; детальні параметри перевіряйте за посиланням,,https://mizol.ua/ua/21268-stalynoy-raduator-purmo-ventil-compact-22-600x-1400
Сталевий радіатор PURMO Ventil Compact 22 600x 600,Сталевий радіатор PURMO Ventil Compact 22 600x 600,Публічна картка товару Mizol; детальні параметри перевіряйте за посиланням,,https://mizol.ua/ua/21267-stalynoy-raduator-purmo-ventil-compact-22-600x-600
Сталевий радіатор PURMO Ventil Compact 22 600x 800,Сталевий радіатор PURMO Ventil Compact 22 600x 800,Публічна картка товару Mizol; детальні параметри перевіряйте за посиланням,,https://mizol.ua/ua/20984-stalynoy-raduator-purmo-ventil-compact-22-600x-800
Сталевий радіатор PURMO Ventil Compact 22 900x 600,Сталевий радіатор PURMO Ventil Compact 22 900x 600,Публічна картка товару Mizol; детальні параметри перевіряйте за посиланням,,https://mizol.ua/ua/20986-stalynoy-raduator-purmo-ventil-compact-22-900x-600
Супердиффузійна мембрана Євробарьер Q160 Stick,мембрана,Публічна картка товару Mizol; детальні параметри перевіряйте за посиланням,,https://mizol.ua/ua/245340-superduffuziyna-membrana-evrobaryer-q160-stick
Супердиффузійна мембрана Евробарь'єр Solar,мембрана,Публічна картка товару Mizol; детальні параметри перевіряйте за посиланням,,https://mizol.ua/ua/64910-superduffuzuonnaya-membrana-evrobaryer-solar
Теплоізоляція ПЕ для труб EcoLine R C-15/6 (blue),ізоляція,Публічна картка товару Mizol; детальні параметри перевіряйте за посиланням,,https://mizol.ua/ua/71193-teploizolyaciya-pe-dlya-trub-ecoline-r-c-156-blue
Теплоізоляція ПЕ для труб EcoLine R C-18/6 (blue),ізоляція,Публічна картка товару Mizol; детальні параметри перевіряйте за посиланням,,https://mizol.ua/ua/52474-teploizolyaciya-pe-dlya-trub-ecoline-r-c-186-blue
Теплоізоляція ПЕ для труб Thermasmart PRO S-42/30,ізоляція,Публічна картка товару Mizol; детальні параметри перевіряйте за посиланням,,https://mizol.ua/ua/65711-teploizolyaciya-pe-dlya-trub-thermasmart-pro-s-4230
Теплоізоляція каучукова для труб Eurobatex 19-018,ізоляція,Публічна картка товару Mizol; детальні параметри перевіряйте за посиланням,,https://mizol.ua/ua/2002-teplouzolyacuya-kauchukovaya-dlya-trub-eurobatex-19-018
Теплоізоляція каучукова для труб Eurobatex 19-042,ізоляція,Публічна картка товару Mizol; детальні параметри перевіряйте за посиланням,,https://mizol.ua/ua/2006-teplouzolyacuya-kauchukovaya-dlya-trub-eurobatex-19-042
Теплоізоляція каучукова для труб Eurobatex 19-064,ізоляція,Публічна картка товару Mizol; детальні параметри перевіряйте за посиланням,,https://mizol.ua/ua/2010-teplouzolyacuya-kauchukovaya-dlya-trub-eurobatex-19-064
Теплоізоляція каучукова для труб Eurobatex 19-127,ізоляція,Публічна картка товару Mizol; детальні параметри перевіряйте за посиланням,,https://mizol.ua/ua/19036-teplouzolyacuya-kauchukovaya-dlya-trub-eurobatex-19-127
Теплоізоляція каучукова для труб Eurobatex 19-139,ізоляція,Публічна картка товару Mizol; детальні параметри перевіряйте за посиланням,,https://mizol.ua/ua/20841-teplouzolyacuya-kauchukovaya-dlya-trub-eurobatex-19-139
Теплоізоляція каучукова для труб Eurobatex 25-035,ізоляція,Публічна картка товару Mizol; детальні параметри перевіряйте за посиланням,,https://mizol.ua/ua/2017-teplouzolyacuya-kauchukovaya-dlya-trub-eurobatex-25-035
Теплоізоляція каучукова для труб Eurobatex 25-060,ізоляція,Публічна картка товару Mizol; детальні параметри перевіряйте за посиланням,,https://mizol.ua/ua/3207-teplouzolyacuya-kauchukovaya-dlya-trub-eurobatex-25-060
Теплоізоляція каучукова для труб Eurobatex 25-108,ізоляція,Публічна картка товару Mizol; детальні параметри перевіряйте за посиланням,,https://mizol.ua/ua/26401-teplouzolyacuya-kauchukovaya-dlya-trub-eurobatex-25-108
Теплоізоляція каучукова для труб Eurobatex 25-140,ізоляція,Публічна картка товару Mizol; детальні параметри перевіряйте за посиланням,,https://mizol.ua/ua/23805-teplouzolyacuya-kauchukovaya-dlya-trub-eurobatex-25-140
Теплоізоляція каучукова для труб Eurobatex 25-160,ізоляція,Публічна картка товару Mizol; детальні параметри перевіряйте за посиланням,,https://mizol.ua/ua/26402-teplouzolyacuya-kauchukovaya-dlya-trub-eurobatex-25-160
Теплоізоляція каучукова для труб Eurobatex 32-022,ізоляція,Публічна картка товару Mizol; детальні параметри перевіряйте за посиланням,,https://mizol.ua/ua/10403-teplouzolyacuya-kauchukovaya-dlya-trub-eurobatex-32-022
Теплоізоляція каучукова для труб Eurobatex 32-028,ізоляція,Публічна картка товару Mizol; детальні параметри перевіряйте за посиланням,,https://mizol.ua/ua/16048-teplouzolyacuya-kauchukovaya-dlya-trub-eurobatex-32-028
Теплоізоляція каучукова для труб Eurobatex 32-035,ізоляція,Публічна картка товару Mizol; детальні параметри перевіряйте за посиланням,,https://mizol.ua/ua/10672-teplouzolyacuya-kauchukovaya-dlya-trub-eurobatex-32-035
Теплоізоляція каучукова для труб Eurobatex 32-042,ізоляція,Публічна картка товару Mizol; детальні параметри перевіряйте за посиланням,,https://mizol.ua/ua/10404-teplouzolyacuya-kauchukovaya-dlya-trub-eurobatex-32-042
Теплоізоляція каучукова для труб Eurobatex 32-048,ізоляція,Публічна картка товару Mizol; детальні параметри перевіряйте за посиланням,,https://mizol.ua/ua/10406-teplouzolyacuya-kauchukovaya-dlya-trub-eurobatex-32-048
Теплоізоляція каучукова для труб Eurobatex 32-054,ізоляція,Публічна картка товару Mizol; детальні параметри перевіряйте за посиланням,,https://mizol.ua/ua/19580-teplouzolyacuya-kauchukovaya-dlya-trub-eurobatex-32-054
Теплоізоляція каучукова для труб Eurobatex 32-060,ізоляція,Публічна картка товару Mizol; детальні параметри перевіряйте за посиланням,,https://mizol.ua/ua/2024-teplouzolyacuya-kauchukovaya-dlya-trub-eurobatex-32-060
Теплоізоляція каучукова для труб Eurobatex 32-070,ізоляція,Публічна картка товару Mizol; детальні параметри перевіряйте за посиланням,,https://mizol.ua/ua/3208-teplouzolyacuya-kauchukovaya-dlya-trub-eurobatex-32-070
Теплоізоляція каучукова для труб Eurobatex 32-076,ізоляція,Публічна картка товару Mizol; детальні параметри перевіряйте за посиланням,,https://mizol.ua/ua/4316-teplouzolyacuya-kauchukovaya-dlya-trub-eurobatex-32-076
Теплоізоляція каучукова для труб Eurobatex 32-090,ізоляція,Публічна картка товару Mizol; детальні параметри перевіряйте за посиланням,,https://mizol.ua/ua/4837-teplouzolyacuya-kauchukovaya-dlya-trub-eurobatex-32-090
Теплоізоляція каучукова для труб Eurobatex 32-102,ізоляція,Публічна картка товару Mizol; детальні параметри перевіряйте за посиланням,,https://mizol.ua/ua/44486-teplouzolyacuya-kauchukovaya-dlya-trub-eurobatex-32-102
Теплоізоляція каучукова для труб Eurobatex 32-114,ізоляція,Публічна картка товару Mizol; детальні параметри перевіряйте за посиланням,,https://mizol.ua/ua/4314-teplouzolyacuya-kauchukovaya-dlya-trub-eurobatex-32-114
Теплоізоляція каучукова для труб Eurobatex 32-133,ізоляція,Публічна картка товару Mizol; детальні параметри перевіряйте за посиланням,,https://mizol.ua/ua/10195-teplouzolyacuya-kauchukovaya-dlya-trub-eurobatex-32-133
Теплоізоляція каучукова для труб Eurobatex 32-139,ізоляція,Публічна картка товару Mizol; детальні параметри перевіряйте за посиланням,,https://mizol.ua/ua/4315-teplouzolyacuya-kauchukovaya-dlya-trub-eurobatex-32-139
Теплоізоляція каучукова для труб Eurobatex 32-160,ізоляція,Публічна картка товару Mizol; детальні параметри перевіряйте за посиланням,,https://mizol.ua/ua/23806-teplouzolyacuya-kauchukovaya-dlya-trub-eurobatex-32-160
Теплоізоляція каучукова для труб Eurobatex 6-018,ізоляція,Публічна картка товару Mizol; детальні параметри перевіряйте за посиланням,,https://mizol.ua/ua/2027-teplouzolyacuya-kauchukovaya-dlya-trub-eurobatex-6-018
Теплоізоляція каучукова для труб Eurobatex 6-022,ізоляція,Публічна картка товару Mizol; детальні параметри перевіряйте за посиланням,,https://mizol.ua/ua/2028-teplouzolyacuya-kauchukovaya-dlya-trub-eurobatex-6-022
Теплоізоляція каучукова для труб Eurobatex AT 13-018,ізоляція,Публічна картка товару Mizol; детальні параметри перевіряйте за посиланням,,https://mizol.ua/ua/9526-teplouzolyacuya-kauchukovaya-dlya-trub-eurobatex-at-13-018
Теплоізоляція каучукова для труб Eurobatex AT 13-035,ізоляція,Публічна картка товару Mizol; детальні параметри перевіряйте за посиланням,,https://mizol.ua/ua/7887-teplouzolyacuya-kauchukovaya-dlya-trub-eurobatex-at-13-035
Теплоізоляція каучукова для труб Eurobatex AT 13-042,ізоляція,Публічна картка товару Mizol; детальні параметри перевіряйте за посиланням,,https://mizol.ua/ua/45303-teplouzolyacuya-kauchukovaya-dlya-trub-eurobatex-at-13-042
Теплоізоляція каучукова для труб Eurobatex AT 13-054,ізоляція,Публічна картка товару Mizol; детальні параметри перевіряйте за посиланням,,https://mizol.ua/ua/11946-teplouzolyacuya-kauchukovaya-dlya-trub-eurobatex-at-13-054
Теплоізоляція каучукова для труб Eurobatex AT 13-060,ізоляція,Публічна картка товару Mizol; детальні параметри перевіряйте за посиланням,,https://mizol.ua/ua/7605-teplouzolyacuya-kauchukovaya-dlya-trub-eurobatex-at-13-060
Теплоізоляція каучукова для труб Eurobatex AT 13-064,ізоляція,Публічна картка товару Mizol; детальні параметри перевіряйте за посиланням,,https://mizol.ua/ua/59758-teplouzolyacuya-kauchukovaya-dlya-trub-eurobatex-at-13-064
Теплоізоляція каучукова для труб Eurobatex AT 13-076,ізоляція,Публічна картка товару Mizol; детальні параметри перевіряйте за посиланням,,https://mizol.ua/ua/7606-teplouzolyacuya-kauchukovaya-dlya-trub-eurobatex-at-13-076
Теплоізоляція каучукова для труб Eurobatex AT 13-089,ізоляція,Публічна картка товару Mizol; детальні параметри перевіряйте за посиланням,,https://mizol.ua/ua/3212-teplouzolyacuya-kauchukovaya-dlya-trub-eurobatex-at-13-089
Теплоізоляція каучукова для труб Eurobatex AT 19-016,ізоляція,Публічна картка товару Mizol; детальні параметри перевіряйте за посиланням,,https://mizol.ua/ua/21439-teplouzolyacuya-kauchukovaya-dlya-trub-eurobatex-at-19-016
Теплоізоляція каучукова для труб Eurobatex AT 19-048,ізоляція,Публічна картка товару Mizol; детальні параметри перевіряйте за посиланням,,https://mizol.ua/ua/3214-teplouzolyacuya-kauchukovaya-dlya-trub-eurobatex-at-19-048
Теплоізоляція каучукова для труб Eurobatex Isoltec 13-022,ізоляція,Публічна картка товару Mizol; детальні параметри перевіряйте за посиланням,,https://mizol.ua/ua/67223-teplouzolyacuya-kauchukovaya-dlya-trub-eurobatex-isoltec-13-022
Теплоізоляція каучукова для труб Eurobatex Isoltec 13-035,ізоляція,Публічна картка товару Mizol; детальні параметри перевіряйте за посиланням,,https://mizol.ua/ua/67222-teplouzolyacuya-kauchukovaya-dlya-trub-eurobatex-isoltec-13-035
Теплоізоляція каучукова для труб Eurobatex Isoltec 13-042,ізоляція,Публічна картка товару Mizol; детальні параметри перевіряйте за посиланням,,https://mizol.ua/ua/67221-teplouzolyacuya-kauchukovaya-dlya-trub-eurobatex-isoltec-13-042
Теплоізоляція каучукова для труб Eurobatex Isoltec 13-048,ізоляція,Публічна картка товару Mizol; детальні параметри перевіряйте за посиланням,,https://mizol.ua/ua/67220-teplouzolyacuya-kauchukovaya-dlya-trub-eurobatex-isoltec-13-048
Теплоізоляція каучукова для труб Eurobatex Isoltec 13-060,ізоляція,Публічна картка товару Mizol; детальні параметри перевіряйте за посиланням,,https://mizol.ua/ua/67219-teplouzolyacuya-kauchukovaya-dlya-trub-eurobatex-isoltec-13-060
Теплоізоляція каучукова для труб Eurobatex Isoltec 13-076,ізоляція,Публічна картка товару Mizol; детальні параметри перевіряйте за посиланням,,https://mizol.ua/ua/67218-teplouzolyacuya-kauchukovaya-dlya-trub-eurobatex-isoltec-13-076
Теплоізоляція каучукова для труб Eurobatex Isoltec 13-090,ізоляція,Публічна картка товару Mizol; детальні параметри перевіряйте за посиланням,,https://mizol.ua/ua/67217-teplouzolyacuya-kauchukovaya-dlya-trub-eurobatex-isoltec-13-090
Теплоізоляція каучукова листова Eurobatex 10мм,ізоляція,Публічна картка товару Mizol; детальні параметри перевіряйте за посиланням,,https://mizol.ua/ua/60136-teplouzolyacuya-kauchukovaya-lustovaya-eurobatex-10mm
Теплоізоляція каучукова листова Eurobatex 25мм; самоклеюча,ізоляція,Публічна картка товару Mizol; детальні параметри перевіряйте за посиланням,,https://mizol.ua/ua/2013-teplouzolyacuya-kauchukovaya-lustovaya-eurobatex-25mm--samokleyaschayasya
Теплоізоляція каучукова листова Eurobatex 32мм; самоклеюча,ізоляція,Публічна картка товару Mizol; детальні параметри перевіряйте за посиланням,,https://mizol.ua/ua/7885-teplouzolyacuya-kauchukovaya-lustovaya-eurobatex-32mm--samokleyaschayasya
Теплоізоляція каучукова листова Eurobatex 6мм,ізоляція,Публічна картка товару Mizol; детальні параметри перевіряйте за посиланням,,https://mizol.ua/ua/2025-teplouzolyacuya-kauchukovaya-lustovaya-eurobatex-6mm
Теплоізоляція каучукова листова з покриттям Eurobatex Triplex 13мм; самоклеюча,ізоляція,Публічна картка товару Mizol; детальні параметри перевіряйте за посиланням,,https://mizol.ua/ua/45939-teplouzolyacuya-kauchukovaya-lustovaya-s-pokrytuem-eurobatex-triplex-13mm-samokleyaschayasya
Теплоізоляція каучукова листова з покриттям Eurobatex Triplex 19мм; самоклеюча,ізоляція,Публічна картка товару Mizol; детальні параметри перевіряйте за посиланням,,https://mizol.ua/ua/23044-teplouzolyacuya-kauchukovaya-lustovaya-s-pokrytuem-eurobatex-triplex-19mm-samokleyaschayasya
Теплоізоляція каучукова листова з покриттям Eurobatex Triplex 6мм; самоклеюча,ізоляція,Публічна картка товару Mizol; детальні параметри перевіряйте за посиланням,,https://mizol.ua/ua/46072-teplouzolyacuya-kauchukovaya-lustovaya-s-pokrytuem-eurobatex-triplex-6mm-samokleyaschayasya
Теплоізоляція каучукова листова з покриттям Eurobatex Triplex 32мм; самоклеюча,ізоляція,Публічна картка товару Mizol; детальні параметри перевіряйте за посиланням,,https://mizol.ua/ua/55658-teplouzolyacuya-kauchukovaya-lustovaya-s-pokrytuem-eurobatex-triplex32mm-samokleyaschayasya
Теплоізоляція ПЕ для труб EcoLine G E-48/9,ізоляція,Публічна картка товару Mizol; детальні параметри перевіряйте за посиланням,,https://mizol.ua/ua/48627-teplouzolyacuya-pe-dlya-trub-ecoline-g-e-489
Теплоізоляція ПЕ для труб EcoLine R 22/6 (10м),ізоляція,Публічна картка товару Mizol; детальні параметри перевіряйте за посиланням,,https://mizol.ua/ua/50520-teplouzolyacuya-pe-dlya-trub-ecoline-r-226-10m
Теплоізоляція ПЕ для труб EcoLine R 28/6 (10м),ізоляція,Публічна картка товару Mizol; детальні параметри перевіряйте за посиланням,,https://mizol.ua/ua/50521-teplouzolyacuya-pe-dlya-trub-ecoline-r-286-10m
Теплоізоляція ПЕ для труб EcoLine R C-18/6,ізоляція,Публічна картка товару Mizol; детальні параметри перевіряйте за посиланням,,https://mizol.ua/ua/48614-teplouzolyacuya-pe-dlya-trub-ecoline-r-c-186
Теплоізоляція ПЕ для труб Thermacompact S E-15,ізоляція,Публічна картка товару Mizol; детальні параметри перевіряйте за посиланням,,https://mizol.ua/ua/2616-teplouzolyacuya-pe-dlya-trub-thermacompact-s-e-15
Теплоізоляція ПЕ для труб Thermacompact S J-15/13,ізоляція,Публічна картка товару Mizol; детальні параметри перевіряйте за посиланням,,https://mizol.ua/ua/13301-teplouzolyacuya-pe-dlya-trub-thermacompact-s-j-1513
Теплоізоляція ПЕ для труб Thermacompact S J-18/13,ізоляція,Публічна картка товару Mizol; детальні параметри перевіряйте за посиланням,,https://mizol.ua/ua/13302-teplouzolyacuya-pe-dlya-trub-thermacompact-s-j-1813
Теплоізоляція ПЕ для труб Thermacompact S J-28/13,ізоляція,Публічна картка товару Mizol; детальні параметри перевіряйте за посиланням,,https://mizol.ua/ua/16303-teplouzolyacuya-pe-dlya-trub-thermacompact-s-j-2813
Теплоізоляція ПЕ для труб Thermacompact S J-35/13,ізоляція,Публічна картка товару Mizol; детальні параметри перевіряйте за посиланням,,https://mizol.ua/ua/78868-teplouzolyacuya-pe-dlya-trub-thermacompact-s-j-3513
Теплоізоляція ПЕ для труб Thermacompact S J-42,ізоляція,Публічна картка товару Mizol; детальні параметри перевіряйте за посиланням,,https://mizol.ua/ua/55663-teplouzolyacuya-pe-dlya-trub-thermacompact-s-j-42
Теплоізоляція ПЕ для труб Thermaflex FRZ C-15/6,ізоляція,Публічна картка товару Mizol; детальні параметри перевіряйте за посиланням,,https://mizol.ua/ua/2622-teplouzolyacuya-pe-dlya-trub-thermaflex-frz-c-156
Теплоізоляція ПЕ для труб Thermaflex FRZ E-15/9,ізоляція,Публічна картка товару Mizol; детальні параметри перевіряйте за посиланням,,https://mizol.ua/ua/2628-teplouzolyacuya-pe-dlya-trub-thermaflex-frz-e-159
Теплоізоляція ПЕ для труб Thermaflex FRZ E-57/9,ізоляція,Публічна картка товару Mizol; детальні параметри перевіряйте за посиланням,,https://mizol.ua/ua/2636-teplouzolyacuya-pe-dlya-trub-thermaflex-frz-e-579
Теплоізоляція ПЕ для труб Thermasmart PRO J-114/13,ізоляція,Публічна картка товару Mizol; детальні параметри перевіряйте за посиланням,,https://mizol.ua/ua/71985-teplouzolyacuya-pe-dlya-trub-thermaflex-frz-j-11413
Теплоізоляція ПЕ для труб Thermaflex FRZ J-15/13,ізоляція,Публічна картка товару Mizol; детальні параметри перевіряйте за посиланням,,https://mizol.ua/ua/2643-teplouzolyacuya-pe-dlya-trub-thermaflex-frz-j-1513
Теплоізоляція ПЕ для труб Thermasmart PRO J-28/13,ізоляція,Публічна картка товару Mizol; детальні параметри перевіряйте за посиланням,,https://mizol.ua/ua/47902-teplouzolyacuya-pe-dlya-trub-thermaflex-frz-j-2813
Теплоізоляція ПЕ для труб Thermasmart PRO J-42/13,ізоляція,Публічна картка товару Mizol; детальні параметри перевіряйте за посиланням,,https://mizol.ua/ua/47900-teplouzolyacuya-pe-dlya-trub-thermaflex-frz-j-4213
Теплоізоляція ПЕ для труб Thermaflex FRZ J-57/13,ізоляція,Публічна картка товару Mizol; детальні параметри перевіряйте за посиланням,,https://mizol.ua/ua/2651-teplouzolyacuya-pe-dlya-trub-thermaflex-frz-j-5713
Теплоізоляція ПЕ для труб Thermaflex FRZ J-63/13,ізоляція,Публічна картка товару Mizol; детальні параметри перевіряйте за посиланням,,https://mizol.ua/ua/2653-teplouzolyacuya-pe-dlya-trub-thermaflex-frz-j-6313
Теплоізоляція ПЕ для труб Thermasmart PRO J-63/13,ізоляція,Публічна картка товару Mizol; детальні параметри перевіряйте за посиланням,,https://mizol.ua/ua/68833-teplouzolyacuya-pe-dlya-trub-thermaflex-frz-j-6313
Теплоізоляція ПЕ для труб Thermaflex FRZ J-70/13,ізоляція,Публічна картка товару Mizol; детальні параметри перевіряйте за посиланням,,https://mizol.ua/ua/2654-teplouzolyacuya-pe-dlya-trub-thermaflex-frz-j-7013
Теплоізоляція ПЕ для труб Thermasmart PRO J-76/13,ізоляція,Публічна картка товару Mizol; детальні параметри перевіряйте за посиланням,,https://mizol.ua/ua/47896-teplouzolyacuya-pe-dlya-trub-thermaflex-frz-j-7613
Теплоізоляція ПЕ для труб Thermaflex FRZ N-102/20,ізоляція,Публічна картка товару Mizol; детальні параметри перевіряйте за посиланням,,https://mizol.ua/ua/2657-teplouzolyacuya-pe-dlya-trub-thermaflex-frz-n-10220
Теплоізоляція ПЕ для труб Thermaflex FRZ N-108/20,ізоляція,Публічна картка товару Mizol; детальні параметри перевіряйте за посиланням,,https://mizol.ua/ua/2658-teplouzolyacuya-pe-dlya-trub-thermaflex-frz-n-10820
Теплоізоляція ПЕ для труб Thermaflex FRZ N-114/20,ізоляція,Публічна картка товару Mizol; детальні параметри перевіряйте за посиланням,,https://mizol.ua/ua/2659-teplouzolyacuya-pe-dlya-trub-thermaflex-frz-n-11420
Теплоізоляція ПЕ для труб Thermaflex FRZ N-15/20,ізоляція,Публічна картка товару Mizol; детальні параметри перевіряйте за посиланням,,https://mizol.ua/ua/2660-teplouzolyacuya-pe-dlya-trub-thermaflex-frz-n-1520
Теплоізоляція ПЕ для труб Thermaflex FRZ N-28/20,ізоляція,Публічна картка товару Mizol; детальні параметри перевіряйте за посиланням,,https://mizol.ua/ua/2663-teplouzolyacuya-pe-dlya-trub-thermaflex-frz-n-2820
Теплоізоляція ПЕ для труб Thermaflex FRZ N-35/20,ізоляція,Публічна картка товару Mizol; детальні параметри перевіряйте за посиланням,,https://mizol.ua/ua/2664-teplouzolyacuya-pe-dlya-trub-thermaflex-frz-n-3520
Теплоізоляція ПЕ для труб Thermaflex FRZ N-42/20,ізоляція,Публічна картка товару Mizol; детальні параметри перевіряйте за посиланням,,https://mizol.ua/ua/2665-teplouzolyacuya-pe-dlya-trub-thermaflex-frz-n-4220
Теплоізоляція ПЕ для труб Thermaflex FRZ N-54/20,ізоляція,Публічна картка товару Mizol; детальні параметри перевіряйте за посиланням,,https://mizol.ua/ua/2667-teplouzolyacuya-pe-dlya-trub-thermaflex-frz-n-5420
Теплоізоляція ПЕ для труб Thermaflex FRZ N-57/20,ізоляція,Публічна картка товару Mizol; детальні параметри перевіряйте за посиланням,,https://mizol.ua/ua/2668-teplouzolyacuya-pe-dlya-trub-thermaflex-frz-n-5720
Теплоізоляція ПЕ для труб Thermaflex FRZ N-63/20,ізоляція,Публічна картка товару Mizol; детальні параметри перевіряйте за посиланням,,https://mizol.ua/ua/2670-teplouzolyacuya-pe-dlya-trub-thermaflex-frz-n-6320
Теплоізоляція ПЕ для труб Thermaflex FRZ N-70/20,ізоляція,Публічна картка товару Mizol; детальні параметри перевіряйте за посиланням,,https://mizol.ua/ua/2671-teplouzolyacuya-pe-dlya-trub-thermaflex-frz-n-7020
Теплоізоляція ПЕ для труб Thermaflex FRZ N-76/20,ізоляція,Публічна картка товару Mizol; детальні параметри перевіряйте за посиланням,,https://mizol.ua/ua/2672-teplouzolyacuya-pe-dlya-trub-thermaflex-frz-n-7620
Теплоізоляція ПЕ для труб Thermaflex FRZ P-102/25,ізоляція,Публічна картка товару Mizol; детальні параметри перевіряйте за посиланням,,https://mizol.ua/ua/2674-teplouzolyacuya-pe-dlya-trub-thermaflex-frz-p-10225
Теплоізоляція ПЕ для труб Thermaflex FRZ P-114/25,ізоляція,Публічна картка товару Mizol; детальні параметри перевіряйте за посиланням,,https://mizol.ua/ua/2676-teplouzolyacuya-pe-dlya-trub-thermaflex-frz-p-11425
Теплоізоляція ПЕ для труб Thermaflex FRZ P-18/25,ізоляція,Публічна картка товару Mizol; детальні параметри перевіряйте за посиланням,,https://mizol.ua/ua/3396-teplouzolyacuya-pe-dlya-trub-thermaflex-frz-p-1825
Теплоізоляція ПЕ для труб Thermaflex FRZ P-22/25,ізоляція,Публічна картка товару Mizol; детальні параметри перевіряйте за посиланням,,https://mizol.ua/ua/2678-teplouzolyacuya-pe-dlya-trub-thermaflex-frz-p-2225
Теплоізоляція ПЕ для труб Thermaflex FRZ P-28/25,ізоляція,Публічна картка товару Mizol; детальні параметри перевіряйте за посиланням,,https://mizol.ua/ua/2679-teplouzolyacuya-pe-dlya-trub-thermaflex-frz-p-2825
Теплоізоляція ПЕ для труб Thermaflex FRZ P-54/25,ізоляція,Публічна картка товару Mizol; детальні параметри перевіряйте за посиланням,,https://mizol.ua/ua/2683-teplouzolyacuya-pe-dlya-trub-thermaflex-frz-p-5425
Теплоізоляція ПЕ для труб Thermaflex FRZ P-57/25,ізоляція,Публічна картка товару Mizol; детальні параметри перевіряйте за посиланням,,https://mizol.ua/ua/2684-teplouzolyacuya-pe-dlya-trub-thermaflex-frz-p-5725
Теплоізоляція ПЕ для труб Thermaflex FRZ P-60/25,ізоляція,Публічна картка товару Mizol; детальні параметри перевіряйте за посиланням,,https://mizol.ua/ua/2685-teplouzolyacuya-pe-dlya-trub-thermaflex-frz-p-6025
Теплоізоляція ПЕ для труб Thermaflex FRZ P-63/25,ізоляція,Публічна картка товару Mizol; детальні параметри перевіряйте за посиланням,,https://mizol.ua/ua/68839-teplouzolyacuya-pe-dlya-trub-thermaflex-frz-p-6325
Теплоізоляція ПЕ для труб Thermaflex FRZ P-76/25,ізоляція,Публічна картка товару Mizol; детальні параметри перевіряйте за посиланням,,https://mizol.ua/ua/19368-teplouzolyacuya-pe-dlya-trub-thermaflex-frz-p-7625
Теплоізоляція ПЕ для труб Thermaflex FRZ P-89/25,ізоляція,Публічна картка товару Mizol; детальні параметри перевіряйте за посиланням,,https://mizol.ua/ua/2688-teplouzolyacuya-pe-dlya-trub-thermaflex-frz-p-8925
Теплоізоляція ПЕ для труб Thermaflex FRZ S-114,ізоляція,Публічна картка товару Mizol; детальні параметри перевіряйте за посиланням,,https://mizol.ua/ua/2690-teplouzolyacuya-pe-dlya-trub-thermaflex-frz-s-114
Теплоізоляція ПЕ для труб Thermaflex FRZ S-22,ізоляція,Публічна картка товару Mizol; детальні параметри перевіряйте за посиланням,,https://mizol.ua/ua/3397-teplouzolyacuya-pe-dlya-trub-thermaflex-frz-s-22
Теплоізоляція ПЕ для труб Thermaflex FRZ S-28,ізоляція,Публічна картка товару Mizol; детальні параметри перевіряйте за посиланням,,https://mizol.ua/ua/3398-teplouzolyacuya-pe-dlya-trub-thermaflex-frz-s-28
Теплоізоляція ПЕ для труб Thermaflex FRZ S-89,ізоляція,Публічна картка товару Mizol; детальні параметри перевіряйте за посиланням,,https://mizol.ua/ua/3399-teplouzolyacuya-pe-dlya-trub-thermaflex-frz-s-89
Теплоізоляція ПЕ для труб Thermasmart PRO E-18/9,ізоляція,Публічна картка товару Mizol; детальні параметри перевіряйте за посиланням,,https://mizol.ua/ua/78850-teplouzolyacuya-pe-dlya-trub-thermasmart-pro-e-189
Теплоізоляція ПЕ для труб Thermasmart PRO E-22/9,ізоляція,Публічна картка товару Mizol; детальні параметри перевіряйте за посиланням,,https://mizol.ua/ua/82085-teplouzolyacuya-pe-dlya-trub-thermasmart-pro-e-229
Теплоізоляція ПЕ для труб Thermasmart PRO E-28/9,ізоляція,Публічна картка товару Mizol; детальні параметри перевіряйте за посиланням,,https://mizol.ua/ua/82086-teplouzolyacuya-pe-dlya-trub-thermasmart-pro-e-289
Теплоізоляція ПЕ для труб Thermasmart PRO E-35/9,ізоляція,Публічна картка товару Mizol; детальні параметри перевіряйте за посиланням,,https://mizol.ua/ua/82087-teplouzolyacuya-pe-dlya-trub-thermasmart-pro-e-359
Теплоізоляція ПЕ для труб Thermasmart PRO J-102/13,ізоляція,Публічна картка товару Mizol; детальні параметри перевіряйте за посиланням,,https://mizol.ua/ua/59751-teplouzolyacuya-pe-dlya-trub-thermasmart-pro-j-10213
Теплоізоляція ПЕ для труб Thermasmart PRO J-18/13,ізоляція,Публічна картка товару Mizol; детальні параметри перевіряйте за посиланням,,https://mizol.ua/ua/67871-teplouzolyacuya-pe-dlya-trub-thermasmart-pro-j-1813
Теплоізоляція ПЕ для труб Thermasmart PRO N-102/20,ізоляція,Публічна картка товару Mizol; детальні параметри перевіряйте за посиланням,,https://mizol.ua/ua/73851-teplouzolyacuya-pe-dlya-trub-thermasmart-pro-n-10220
Теплоізоляція ПЕ для труб Thermasmart PRO N-114/20,ізоляція,Публічна картка товару Mizol; детальні параметри перевіряйте за посиланням,,https://mizol.ua/ua/68836-teplouzolyacuya-pe-dlya-trub-thermasmart-pro-n-11420
Теплоізоляція ПЕ для труб Thermasmart PRO N-18/20,ізоляція,Публічна картка товару Mizol; детальні параметри перевіряйте за посиланням,,https://mizol.ua/ua/73845-teplouzolyacuya-pe-dlya-trub-thermasmart-pro-n-1820
Теплоізоляція ПЕ для труб Thermasmart PRO N-35/20,ізоляція,Публічна картка товару Mizol; детальні параметри перевіряйте за посиланням,,https://mizol.ua/ua/73846-teplouzolyacuya-pe-dlya-trub-thermasmart-pro-n-3520
Теплоізоляція ПЕ для труб Thermasmart PRO N-42/20,ізоляція,Публічна картка товару Mizol; детальні параметри перевіряйте за посиланням,,https://mizol.ua/ua/73848-teplouzolyacuya-pe-dlya-trub-thermasmart-pro-n-4220
Теплоізоляція ПЕ для труб Thermasmart PRO N-54/20,ізоляція,Публічна картка товару Mizol; детальні параметри перевіряйте за посиланням,,https://mizol.ua/ua/73849-teplouzolyacuya-pe-dlya-trub-thermasmart-pro-n-5420
Теплоізоляція ПЕ для труб Thermasmart PRO N-63/20,ізоляція,Публічна картка товару Mizol; детальні параметри перевіряйте за посиланням,,https://mizol.ua/ua/73850-teplouzolyacuya-pe-dlya-trub-thermasmart-pro-n-6320
Теплоізоляція ПЕ для труб Thermasmart PRO N-89/20,ізоляція,Публічна картка товару Mizol; детальні параметри перевіряйте за посиланням,,https://mizol.ua/ua/68835-teplouzolyacuya-pe-dlya-trub-thermasmart-pro-n-8920
Теплоізоляція ПЕ для труб Thermasmart PRO S-22/30,ізоляція,Публічна картка товару Mizol; детальні параметри перевіряйте за посиланням,,https://mizol.ua/ua/65709-teplouzolyacuya-pe-dlya-trub-thermasmart-pro-s-2230
Теплоізоляція ПЕ для труб Thermasmart PRO S-28/30,ізоляція,Публічна картка товару Mizol; детальні параметри перевіряйте за посиланням,,https://mizol.ua/ua/65710-teplouzolyacuya-pe-dlya-trub-thermasmart-pro-s-2830
Теплоізоляція ПЕ для труб Thermasmart PRO S-54/30,ізоляція,Публічна картка товару Mizol; детальні параметри перевіряйте за посиланням,,https://mizol.ua/ua/65712-teplouzolyacuya-pe-dlya-trub-thermasmart-pro-s-5430
Теплоізоляція ПЕ для труб Thermasmart PRO S-63/30,ізоляція,Публічна картка товару Mizol; детальні параметри перевіряйте за посиланням,,https://mizol.ua/ua/68834-teplouzolyacuya-pe-dlya-trub-thermasmart-pro-s-6330
Теплоізоляція ПЕ для труб Thermasmart PRO S-63/30,ізоляція,Публічна картка товару Mizol; детальні параметри перевіряйте за посиланням,,https://mizol.ua/ua/65713-teplouzolyacuya-pe-dlya-trub-thermasmart-pro-s-6330
Теплоізоляція ПЕ листова ThermaSmart PRO 10мм,ізоляція,Публічна картка товару Mizol; детальні параметри перевіряйте за посиланням,,https://mizol.ua/ua/71459-teplouzolyacuya-pe-lustovaya-thermasmart-pro-10mm
Теплоізоляція ПЕ листова ThermaSmart PRO 19мм,ізоляція,Публічна картка товару Mizol; детальні параметри перевіряйте за посиланням,,https://mizol.ua/ua/71460-teplouzolyacuya-pe-lustovaya-thermasmart-pro-19mm
Терасна/балконна воронка з поліуретану SitaCompact кутова з ПВХ-фартухом (діаметр 75 мм),Терасна/балконна воронка з поліуретану SitaCompact кутова з ПВХ-фартухом (діаметр 75 мм),Публічна картка товару Mizol; детальні параметри перевіряйте за посиланням,,https://mizol.ua/ua/112581-terrasnayabalkonnaya-voronka-uz-poluuretana-sitacompact-uglovaya-s-pvh-fartukom-duametr-75-mm
ТПО-мембрана Soprema Flagon EP/PR 1.2 мм; армована; з УФ; 2.10х25 м!,мембрана,Публічна картка товару Mizol; детальні параметри перевіряйте за посиланням,,https://mizol.ua/ua/236802-tpo-membrana-soprema-flagon-eppr-12-mm-armurovannaya-s-uf-210h25-m
ТПО-мембрана Soprema Flagon EP/PR 1.5 мм; армована; з УФ; 2.10х20 м!,мембрана,Публічна картка товару Mizol; детальні параметри перевіряйте за посиланням,,https://mizol.ua/ua/236801-tpo-membrana-soprema-flagon-eppr-15-mm-armurovannaya-s-uf-210h20-m
Трійник d110/110/45°,Трійник d110/110/45°,Публічна картка товару Mizol; детальні параметри перевіряйте за посиланням,,https://mizol.ua/ua/11579-triynuk-d11011045-
Трійник d110/110/45° SN8,Трійник d110/110/45° SN8,Публічна картка товару Mizol; детальні параметри перевіряйте за посиланням,,https://mizol.ua/ua/12389-triynuk-d11011045--sn8
Трійник d110/110/67° SN8,Трійник d110/110/67° SN8,Публічна картка товару Mizol; детальні параметри перевіряйте за посиланням,,https://mizol.ua/ua/56183-triynuk-d11011067--sn8
Трійник d110/110/87°,Трійник d110/110/87°,Публічна картка товару Mizol; детальні параметри перевіряйте за посиланням,,https://mizol.ua/ua/11581-triynuk-d11011087-
Трійник d110/110/87° SN8,Трійник d110/110/87° SN8,Публічна картка товару Mizol; детальні параметри перевіряйте за посиланням,,https://mizol.ua/ua/12157-triynuk-d11011087--sn8
Трійник d110/50/45°,Трійник d110/50/45°,Публічна картка товару Mizol; детальні параметри перевіряйте за посиланням,,https://mizol.ua/ua/11576-triynuk-d1105045-
Трійник d110/50/87°,Трійник d110/50/87°,Публічна картка товару Mizol; детальні параметри перевіряйте за посиланням,,https://mizol.ua/ua/11578-triynuk-d1105087-
Трійник d160/110/45° SN8,Трійник d160/110/45° SN8,Публічна картка товару Mizol; детальні параметри перевіряйте за посиланням,,https://mizol.ua/ua/12154-triynuk-d16011045--sn8
Трійник d160/110/87° SN8,Трійник d160/110/87° SN8,Публічна картка товару Mizol; детальні параметри перевіряйте за посиланням,,https://mizol.ua/ua/12864-triynuk-d16011087--sn8
Трійник d160/160/45° SN8,Трійник d160/160/45° SN8,Публічна картка товару Mizol; детальні параметри перевіряйте за посиланням,,https://mizol.ua/ua/12155-triynuk-d16016045--sn8
Трійник d160/160/87° SN8,Трійник d160/160/87° SN8,Публічна картка товару Mizol; детальні параметри перевіряйте за посиланням,,https://mizol.ua/ua/12156-triynuk-d16016087--sn8
Трійник d32/32/45°,Трійник d32/32/45°,Публічна картка товару Mizol; детальні параметри перевіряйте за посиланням,,https://mizol.ua/ua/14143-triynuk-d323245-
Трійник d32/32/87°,Трійник d32/32/87°,Публічна картка товару Mizol; детальні параметри перевіряйте за посиланням,,https://mizol.ua/ua/16769-triynuk-d323287-
Трійник d50/50/45°,Трійник d50/50/45°,Публічна картка товару Mizol; детальні параметри перевіряйте за посиланням,,https://mizol.ua/ua/11573-triynuk-d505045-
Трійник d50/50/87°,Трійник d50/50/87°,Публічна картка товару Mizol; детальні параметри перевіряйте за посиланням,,https://mizol.ua/ua/11575-triynuk-d505087-
Труба d110 x 2;7 x 1000,труба,Публічна картка товару Mizol; детальні параметри перевіряйте за посиланням,,https://mizol.ua/ua/11568-truba-d110-x-27-x-1000
Труба d110 x 2;7 x 2000,труба,Публічна картка товару Mizol; детальні параметри перевіряйте за посиланням,,https://mizol.ua/ua/11567-truba-d110-x-27-x-2000
Труба d110 x 2;7 x 250,труба,Публічна картка товару Mizol; детальні параметри перевіряйте за посиланням,,https://mizol.ua/ua/11572-truba-d110-x-27-x-250
Труба d110 x 2;7 x 3000,труба,Публічна картка товару Mizol; детальні параметри перевіряйте за посиланням,,https://mizol.ua/ua/11566-truba-d110-x-27-x-3000
Труба d110 x 2;7 x 315,труба,Публічна картка товару Mizol; детальні параметри перевіряйте за посиланням,,https://mizol.ua/ua/11571-truba-d110-x-27-x-315
Труба d110 x 2;7 x 500,труба,Публічна картка товару Mizol; детальні параметри перевіряйте за посиланням,,https://mizol.ua/ua/11570-truba-d110-x-27-x-500
Труба d110 x 3;2 x 1000 SN8,труба,Публічна картка товару Mizol; детальні параметри перевіряйте за посиланням,,https://mizol.ua/ua/12147-truba-d110-x-32-x-1000-sn8
Труба d110 x 3;2 x 2000 SN8,труба,Публічна картка товару Mizol; детальні параметри перевіряйте за посиланням,,https://mizol.ua/ua/12146-truba-d110-x-32-x-2000-sn8
Труба d110 x 3;2 x 3000 SN8,труба,Публічна картка товару Mizol; детальні параметри перевіряйте за посиланням,,https://mizol.ua/ua/12145-truba-d110-x-32-x-3000-sn8
Труба d110 x 3;2 x 6000 SN8,труба,Публічна картка товару Mizol; детальні параметри перевіряйте за посиланням,,https://mizol.ua/ua/12144-truba-d110-x-32-x-6000-sn8
Труба d160 x 3;2 x 2000 SN2,труба,Публічна картка товару Mizol; детальні параметри перевіряйте за посиланням,,https://mizol.ua/ua/12741-truba-d160-x-32-x-2000-sn2
Труба d160 x 3;2 x3000 SN2,труба,Публічна картка товару Mizol; детальні параметри перевіряйте за посиланням,,https://mizol.ua/ua/16924-truba-d160-x-32-x3000-sn2
Труба d160 x 4;7 x 1000 SN8,труба,Публічна картка товару Mizol; детальні параметри перевіряйте за посиланням,,https://mizol.ua/ua/12584-truba-d160-x-47-x-1000-sn8
Труба d160 x 4;7 x 2000 SN8,труба,Публічна картка товару Mizol; детальні параметри перевіряйте за посиланням,,https://mizol.ua/ua/12585-truba-d160-x-47-x-2000-sn8
Труба d160 x 4;7 x 3000 SN8,труба,Публічна картка товару Mizol; детальні параметри перевіряйте за посиланням,,https://mizol.ua/ua/12586-truba-d160-x-47-x-3000-sn8
Труба d160 х 3;2 х 1000 SN2,труба,Публічна картка товару Mizol; детальні параметри перевіряйте за посиланням,,https://mizol.ua/ua/13418-truba-d160-h-32-h-1000-sn2
Труба d160 х 3;2 х 500 SN2,труба,Публічна картка товару Mizol; детальні параметри перевіряйте за посиланням,,https://mizol.ua/ua/39894-truba-d160-h-32-h-500-sn2
Труба d200 x 3;9 x 1000 SN2,труба,Публічна картка товару Mizol; детальні параметри перевіряйте за посиланням,,https://mizol.ua/ua/22952-truba-d200-x-39-x-1000-sn2
Труба d200 x 3;9 x 2000 SN2,труба,Публічна картка товару Mizol; детальні параметри перевіряйте за посиланням,,https://mizol.ua/ua/17167-truba-d200-x-39-x-2000-sn2
Труба d200 x 3;9 x 3000 SN2,труба,Публічна картка товару Mizol; детальні параметри перевіряйте за посиланням,,https://mizol.ua/ua/17166-truba-d200-x-39-x-3000-sn2
Труба d32 x 1;8 x 250,труба,Публічна картка товару Mizol; детальні параметри перевіряйте за посиланням,,https://mizol.ua/ua/17748-truba-d32-x-18-x-250
Труба d32 x 1;8 x 315,труба,Публічна картка товару Mizol; детальні параметри перевіряйте за посиланням,,https://mizol.ua/ua/17749-truba-d32-x-18-x-315
Труба d32 x 1;8 x 500,труба,Публічна картка товару Mizol; детальні параметри перевіряйте за посиланням,,https://mizol.ua/ua/14138-truba-d32-x-18-x-500
Труба d50 x 1;8 x 1000,труба,Публічна картка товару Mizol; детальні параметри перевіряйте за посиланням,,https://mizol.ua/ua/11559-truba-d50-x-18-x-1000
Труба d50 x 1;8 x 2000,труба,Публічна картка товару Mizol; детальні параметри перевіряйте за посиланням,,https://mizol.ua/ua/11558-truba-d50-x-18-x-2000
Труба d50 x 1;8 x 250,труба,Публічна картка товару Mizol; детальні параметри перевіряйте за посиланням,,https://mizol.ua/ua/11563-truba-d50-x-18-x-250
Труба d50 x 1;8 x 315,труба,Публічна картка товару Mizol; детальні параметри перевіряйте за посиланням,,https://mizol.ua/ua/11562-truba-d50-x-18-x-315
Труба d50 x 1;8 x 500,труба,Публічна картка товару Mizol; детальні параметри перевіряйте за посиланням,,https://mizol.ua/ua/11561-truba-d50-x-18-x-500
Труба водостічна 3м Regenau 100 білий,водостічна система,Публічна картка товару Mizol; детальні параметри перевіряйте за посиланням,,https://mizol.ua/ua/166046-truba-vodostochnaya-3m-regenau-100-belaya
Труба водостічна 3м Regenau 80 графіт,водостічна система,Публічна картка товару Mizol; детальні параметри перевіряйте за посиланням,,https://mizol.ua/ua/166044-truba-vodostochnaya-3m-regenau-80-grafut
Труба під'ємна (для кінету) гофрована d315х1000мм,труба,Публічна картка товару Mizol; детальні параметри перевіряйте за посиланням,,https://mizol.ua/ua/17473-truba-podyemnaya-dlya-kuneta-gofrurovannaya-d315h1000mm
Кут універсальний KERRAFRONT FS-222 Anthracite 3 м,Кут універсальний KERRAFRONT FS-222 Anthracite 3 м,Публічна картка товару Mizol; детальні параметри перевіряйте за посиланням,,https://mizol.ua/ua/68801-ugol-unuversalynyy-kerrafront-fs-222-anthracite-3-m
Кут універсальний KERRAFRONT FS-222 Beige 3 м,Кут універсальний KERRAFRONT FS-222 Beige 3 м,Публічна картка товару Mizol; детальні параметри перевіряйте за посиланням,,https://mizol.ua/ua/78371-ugol-unuversalynyy-kerrafront-fs-222-beige-3-m
Кут універсальний KERRAFRONT FS-222 Creme 3 м,Кут універсальний KERRAFRONT FS-222 Creme 3 м,Публічна картка товару Mizol; детальні параметри перевіряйте за посиланням,,https://mizol.ua/ua/63707-ugol-unuversalynyy-kerrafront-fs-222-creme-3-m
Кут універсальний KERRAFRONT FS-222 Grey 3 м,Кут універсальний KERRAFRONT FS-222 Grey 3 м,Публічна картка товару Mizol; детальні параметри перевіряйте за посиланням,,https://mizol.ua/ua/78367-ugol-unuversalynyy-kerrafront-fs-222-grey-3-m
Кут універсальний KERRAFRONT FS-222 Ivory 3 м,Кут універсальний KERRAFRONT FS-222 Ivory 3 м,Публічна картка товару Mizol; детальні параметри перевіряйте за посиланням,,https://mizol.ua/ua/78372-ugol-unuversalynyy-kerrafront-fs-222-ivory-3-m
Кут універсальний KERRAFRONT FS-222 Light Grey 3 м,Кут універсальний KERRAFRONT FS-222 Light Grey 3 м,Публічна картка товару Mizol; детальні параметри перевіряйте за посиланням,,https://mizol.ua/ua/68766-ugol-unuversalynyy-kerrafront-fs-222-light-grey-3-m
Кут універсальний KERRAFRONT FS-222 Mastic 3 м,Кут універсальний KERRAFRONT FS-222 Mastic 3 м,Публічна картка товару Mizol; детальні параметри перевіряйте за посиланням,,https://mizol.ua/ua/78369-ugol-unuversalynyy-kerrafront-fs-222-mastic-3-m
Кут універсальний KERRAFRONT FS-222 Olive 3 м,Кут універсальний KERRAFRONT FS-222 Olive 3 м,Публічна картка товару Mizol; детальні параметри перевіряйте за посиланням,,https://mizol.ua/ua/78366-ugol-unuversalynyy-kerrafront-fs-222-olive-3-m
Кут універсальний KERRAFRONT FS-222 Pearl Grey 3 м,Кут універсальний KERRAFRONT FS-222 Pearl Grey 3 м,Публічна картка товару Mizol; детальні параметри перевіряйте за посиланням,,https://mizol.ua/ua/72200-ugol-unuversalynyy-kerrafront-fs-222-pearl-grey-3-m
Кут універсальний KERRAFRONT FS-222 Quartz Grey 3 м,Кут універсальний KERRAFRONT FS-222 Quartz Grey 3 м,Публічна картка товару Mizol; детальні параметри перевіряйте за посиланням,,https://mizol.ua/ua/78368-ugol-unuversalynyy-kerrafront-fs-222-quartz-grey-3-m
Утеплювач Isover EKO 100 мм (9;6 кв.м/рул. 24 уп/пал),теплоізоляція,Публічна картка товару Mizol; детальні параметри перевіряйте за посиланням,,https://mizol.ua/ua/155664-uteplutely-isover-eko-100-mm-96-kvmrul-24-uppal
Утеплювач ISOVER RIO Plus 50+50 (16.8 м.кв./уп. 30 уп./пал.),теплоізоляція,Публічна картка товару Mizol; детальні параметри перевіряйте за посиланням,,https://mizol.ua/ua/154183-uteplutely-isover-rio-plus-5050-168-mkvup-30-uppal
Хомут (тримач) для труб d110; пластиковий,Хомут (тримач) для труб d110; пластиковий,Публічна картка товару Mizol; детальні параметри перевіряйте за посиланням,,https://mizol.ua/ua/11603-homut-derghately-dlya-trub-d110-plastukovuy
Хомут (тримач) для труб d32; пластиковий,Хомут (тримач) для труб d32; пластиковий,Публічна картка товару Mizol; детальні параметри перевіряйте за посиланням,,https://mizol.ua/ua/18860-homut-derghately-dlya-trub-d32-plastukovuy
Хомут (тримач) для труб d50; пластиковий,Хомут (тримач) для труб d50; пластиковий,Публічна картка товару Mizol; детальні параметри перевіряйте за посиланням,,https://mizol.ua/ua/11602-homut-derghately-dlya-trub-d50-plastukovuy
Цементно-стружкова плита ArmoPlit 1550х1250х8мм,Цементно-стружкова плита ArmoPlit 1550х1250х8мм,Публічна картка товару Mizol; детальні параметри перевіряйте за посиланням,,https://mizol.ua/ua/205381-cementno-strughkova-pluta-armoplit-1550h1250h8mm
Циліндр з мін.вати Paroc Hvac Section з покриттям AluCoat 18/30,Циліндр з мін.вати Paroc Hvac Section з покриттям AluCoat 18/30,Публічна картка товару Mizol; детальні параметри перевіряйте за посиланням,,https://mizol.ua/ua/12640-culundr-uz-munvaty-paroc-hvac-section-s-pokrytuem-alucoat-01830
Циліндр з мін.вати Paroc Hvac Section з покриттям AluCoat 042/20,Циліндр з мін.вати Paroc Hvac Section з покриттям AluCoat 042/20,Публічна картка товару Mizol; детальні параметри перевіряйте за посиланням,,https://mizol.ua/ua/11534-culundr-uz-munvaty-paroc-hvac-section-s-pokrytuem-alucoat-04220
Циліндр з мін.вати Paroc Hvac Section з покриттям AluCoat 057/30,Циліндр з мін.вати Paroc Hvac Section з покриттям AluCoat 057/30,Публічна картка товару Mizol; детальні параметри перевіряйте за посиланням,,https://mizol.ua/ua/15002-culundr-uz-munvaty-paroc-hvac-section-s-pokrytuem-alucoat-05730
Циліндр з мін.вати Paroc Hvac Section з покриттям AluCoat 076/50,Циліндр з мін.вати Paroc Hvac Section з покриттям AluCoat 076/50,Публічна картка товару Mizol; детальні параметри перевіряйте за посиланням,,https://mizol.ua/ua/11359-culundr-uz-munvaty-paroc-hvac-section-s-pokrytuem-alucoat-07650
Циліндричний комір до труби ПВХ Flagon діаметром 80 мм,Циліндричний комір до труби ПВХ Flagon діаметром 80 мм,Публічна картка товару Mizol; детальні параметри перевіряйте за посиланням,,https://mizol.ua/ua/45239-culundrucheskuy-fartuh-dlya-trub-pvh-flagon-duametrom-80-mm
Сходи на горище Oman Alu Profi Extra (130x55) H280,Сходи на горище Oman Alu Profi Extra (130x55) H280,Публічна картка товару Mizol; детальні параметри перевіряйте за посиланням,,https://mizol.ua/ua/47937-cherdachnaya-lestnuca-oman-alu-profi-extra-130x55-h280
Сходи на горище Oman Alu Profi Extra (130x60) H280,Сходи на горище Oman Alu Profi Extra (130x60) H280,Публічна картка товару Mizol; детальні параметри перевіряйте за посиланням,,https://mizol.ua/ua/3744-cherdachnaya-lestnuca-oman-alu-profi-extra-130x60-h280
Сходи на горище Oman Alu Profi Extra (140x55) H280,Сходи на горище Oman Alu Profi Extra (140x55) H280,Публічна картка товару Mizol; детальні параметри перевіряйте за посиланням,,https://mizol.ua/ua/47938-cherdachnaya-lestnuca-oman-alu-profi-extra-140x55-h280
Сходи на горище Oman Alu Profi Extra (140x60) H280,Сходи на горище Oman Alu Profi Extra (140x60) H280,Публічна картка товару Mizol; детальні параметри перевіряйте за посиланням,,https://mizol.ua/ua/47939-cherdachnaya-lestnuca-oman-alu-profi-extra-140x60-h280
Сходи на горище Oman Alu Profi Extra (140x70) H280,Сходи на горище Oman Alu Profi Extra (140x70) H280,Публічна картка товару Mizol; детальні параметри перевіряйте за посиланням,,https://mizol.ua/ua/47940-cherdachnaya-lestnuca-oman-alu-profi-extra-140x70-h280
Сходи на горище Oman Extra (110x55) H280,Сходи на горище Oman Extra (110x55) H280,Публічна картка товару Mizol; детальні параметри перевіряйте за посиланням,,https://mizol.ua/ua/47943-cherdachnaya-lestnuca-oman-extra-110x55-h280
Сходи на горище Oman Extra (110x60) H280,Сходи на горище Oman Extra (110x60) H280,Публічна картка товару Mizol; детальні параметри перевіряйте за посиланням,,https://mizol.ua/ua/47944-cherdachnaya-lestnuca-oman-extra-110x60-h280
Сходи на горище Oman Extra (110x70) H280,Сходи на горище Oman Extra (110x70) H280,Публічна картка товару Mizol; детальні параметри перевіряйте за посиланням,,https://mizol.ua/ua/19713-cherdachnaya-lestnuca-oman-extra-110x70-h280
Сходи на горище Oman Extra (120x55) H280,Сходи на горище Oman Extra (120x55) H280,Публічна картка товару Mizol; детальні параметри перевіряйте за посиланням,,https://mizol.ua/ua/47945-cherdachnaya-lestnuca-oman-extra-120x55-h280
Сходи на горище Oman Extra (120x60) H280,Сходи на горище Oman Extra (120x60) H280,Публічна картка товару Mizol; детальні параметри перевіряйте за посиланням,,https://mizol.ua/ua/495-cherdachnaya-lestnuca-oman-extra-120x60-h280
Сходи на горище Oman Extra (130x55) H280,Сходи на горище Oman Extra (130x55) H280,Публічна картка товару Mizol; детальні параметри перевіряйте за посиланням,,https://mizol.ua/ua/47946-cherdachnaya-lestnuca-oman-extra-130x55-h280
Сходи на горище Oman Extra (130x60) H280,Сходи на горище Oman Extra (130x60) H280,Публічна картка товару Mizol; детальні параметри перевіряйте за посиланням,,https://mizol.ua/ua/47947-cherdachnaya-lestnuca-oman-extra-130x60-h280
Сходи на горище Oman Extra (130x70) H280,Сходи на горище Oman Extra (130x70) H280,Публічна картка товару Mizol; детальні параметри перевіряйте за посиланням,,https://mizol.ua/ua/47948-cherdachnaya-lestnuca-oman-extra-130x70-h280
Сходи на горище Oman Extra (140x55) H280,Сходи на горище Oman Extra (140x55) H280,Публічна картка товару Mizol; детальні параметри перевіряйте за посиланням,,https://mizol.ua/ua/47949-cherdachnaya-lestnuca-oman-extra-140x55-h280
Сходи на горище Oman Extra (140x60) H280,Сходи на горище Oman Extra (140x60) H280,Публічна картка товару Mizol; детальні параметри перевіряйте за посиланням,,https://mizol.ua/ua/47950-cherdachnaya-lestnuca-oman-extra-140x60-h280
Сходи на горище Oman Extra (140x70) H280,Сходи на горище Oman Extra (140x70) H280,Публічна картка товару Mizol; детальні параметри перевіряйте за посиланням,,https://mizol.ua/ua/47951-cherdachnaya-lestnuca-oman-extra-140x70-h280
Сходи на горище Oman Flex Polar (120x70) H290,Сходи на горище Oman Flex Polar (120x70) H290,Публічна картка товару Mizol; детальні параметри перевіряйте за посиланням,,https://mizol.ua/ua/52187-cherdachnaya-lestnuca-oman-flex-polar-120x70-h290
Сходи на горище Oman Flex Termo (100x60) H290,Сходи на горище Oman Flex Termo (100x60) H290,Публічна картка товару Mizol; детальні параметри перевіряйте за посиланням,,https://mizol.ua/ua/3756-cherdachnaya-lestnuca-oman-flex-termo-100x60h290
Сходи на горище Oman Flex Termo (110x70) H290,Сходи на горище Oman Flex Termo (110x70) H290,Публічна картка товару Mizol; детальні параметри перевіряйте за посиланням,,https://mizol.ua/ua/45898-cherdachnaya-lestnuca-oman-flex-termo-100x70-h290
Сходи на горище Oman Flex Termo (70x70) H290,Сходи на горище Oman Flex Termo (70x70) H290,Публічна картка товару Mizol; детальні параметри перевіряйте за посиланням,,https://mizol.ua/ua/514-cherdachnaya-lestnuca-oman-flex-termo-70x70-h290
Сходи на горище Flex Oman Termo Metal Box (120x70) H290,Сходи на горище Flex Oman Termo Metal Box (120x70) H290,Публічна картка товару Mizol; детальні параметри перевіряйте за посиланням,,https://mizol.ua/ua/506-cherdachnaya-lestnuca-oman-flex-termo-metal-box-120x70-h290
Сходи на горище Oman Flex Termo Metal Box (80x70) H290,Сходи на горище Oman Flex Termo Metal Box (80x70) H290,Публічна картка товару Mizol; детальні параметри перевіряйте за посиланням,,https://mizol.ua/ua/508-cherdachnaya-lestnuca-oman-flex-termo-metal-box-80x70-h290
Сходи на горище Oman Komfort (120х70) H280,Сходи на горище Oman Komfort (120х70) H280,Публічна картка товару Mizol; детальні параметри перевіряйте за посиланням,,https://mizol.ua/ua/87399-cherdachnaya-lestnuca-oman-komfort-120x70-h280
Сходи на горище Oman Long Extra (120x60) H335,Сходи на горище Oman Long Extra (120x60) H335,Публічна картка товару Mizol; детальні параметри перевіряйте за посиланням,,https://mizol.ua/ua/48082-cherdachnaya-lestnuca-oman-long-extra-120x60-h335
Сходи на горище Oman Long Extra (120x70) H335,Сходи на горище Oman Long Extra (120x70) H335,Публічна картка товару Mizol; детальні параметри перевіряйте за посиланням,,https://mizol.ua/ua/87398-cherdachnaya-lestnuca-oman-long-extra-120x70-h335
Сходи на горище Oman Long Flex Termo (80x70) H310,Сходи на горище Oman Long Flex Termo (80x70) H310,Публічна картка товару Mizol; детальні параметри перевіряйте за посиланням,,https://mizol.ua/ua/48087-cherdachnaya-lestnuca-oman-long-flex-termo-80x70-h310
Сходи на горище Oman Long Termo PS (120x55) H330,Сходи на горище Oman Long Termo PS (120x55) H330,Публічна картка товару Mizol; детальні параметри перевіряйте за посиланням,,https://mizol.ua/ua/281439-cherdachnaya-lestnuca-oman-long-termo-ps-120x55-h330
Сходи на горище Oman Maxi (120x70) H280,Сходи на горище Oman Maxi (120x70) H280,Публічна картка товару Mizol; детальні параметри перевіряйте за посиланням,,https://mizol.ua/ua/48014-cherdachnaya-lestnuca-oman-maxi-120x70-h280
Сходи на горище Oman Mini Extra (80x60)H260,Сходи на горище Oman Mini Extra (80x60)H260,Публічна картка товару Mizol; детальні параметри перевіряйте за посиланням,,https://mizol.ua/ua/48018-cherdachnaya-lestnuca-oman-mini-extra-80x60h260
Сходи на горище Oman Mini Extra (80x70)H260,Сходи на горище Oman Mini Extra (80x70)H260,Публічна картка товару Mizol; детальні параметри перевіряйте за посиланням,,https://mizol.ua/ua/37591-cherdachnaya-lestnuca-oman-mini-extra-80x70h260
Сходи на горище Oman Mini Extra (90x60) H265,Сходи на горище Oman Mini Extra (90x60) H265,Публічна картка товару Mizol; детальні параметри перевіряйте за посиланням,,https://mizol.ua/ua/48020-cherdachnaya-lestnuca-oman-mini-extra-90x60-h265
Сходи на горище Oman Mini Extra (90x70) H265,Сходи на горище Oman Mini Extra (90x70) H265,Публічна картка товару Mizol; детальні параметри перевіряйте за посиланням,,https://mizol.ua/ua/48021-cherdachnaya-lestnuca-oman-mini-extra-90x70-h265
Сходи на горище Oman Mini Polar (90x50) H265,Сходи на горище Oman Mini Polar (90x50) H265,Публічна картка товару Mizol; детальні параметри перевіряйте за посиланням,,https://mizol.ua/ua/50569-cherdachnaya-lestnuca-oman-mini-polar-90x50-h265
Сходи на горище Oman Mini Polar (90x60) H265,Сходи на горище Oman Mini Polar (90x60) H265,Публічна картка товару Mizol; детальні параметри перевіряйте за посиланням,,https://mizol.ua/ua/48035-cherdachnaya-lestnuca-oman-mini-polar-90x60-h265
Сходи на горище Oman Mini Termo (100x60) H265,Сходи на горище Oman Mini Termo (100x60) H265,Публічна картка товару Mizol; детальні параметри перевіряйте за посиланням,,https://mizol.ua/ua/501-cherdachnaya-lestnuca-oman-mini-termo-100x60-h265
Сходи на горище Oman Polar Plus (120x60),Сходи на горище Oman Polar Plus (120x60),Публічна картка товару Mizol; детальні параметри перевіряйте за посиланням,,https://mizol.ua/ua/59228-cherdachnaya-lestnuca-oman-polar-plus-120x60
Сходи на горище Oman Polar Z2 (120x60) H280,Сходи на горище Oman Polar Z2 (120x60) H280,Публічна картка товару Mizol; детальні параметри перевіряйте за посиланням,,https://mizol.ua/ua/136728-cherdachnaya-lestnuca-oman-polar-z2-120x60-h280
Сходи на горище Oman Polar Z2 (120x70) H280,Сходи на горище Oman Polar Z2 (120x70) H280,Публічна картка товару Mizol; детальні параметри перевіряйте за посиланням,,https://mizol.ua/ua/71054-cherdachnaya-lestnuca-oman-polar-z2-120x70-h280
Сходи на горище Oman Prima (110x60),Сходи на горище Oman Prima (110x60),Публічна картка товару Mizol; детальні параметри перевіряйте за посиланням,,https://mizol.ua/ua/87400-cherdachnaya-lestnuca-oman-prima-110x60
Сходи на горище Oman Prima (110x70) H280,Сходи на горище Oman Prima (110x70) H280,Публічна картка товару Mizol; детальні параметри перевіряйте за посиланням,,https://mizol.ua/ua/15480-cherdachnaya-lestnuca-oman-prima-110x70-h280
Сходи на горище Oman Solid Extra (120x70) H280,Сходи на горище Oman Solid Extra (120x70) H280,Публічна картка товару Mizol; детальні параметри перевіряйте за посиланням,,https://mizol.ua/ua/48049-cherdachnaya-lestnuca-oman-solid-extra-120x70-h280
Сходи на горище Oman Solid Polar (120x70) H280,Сходи на горище Oman Solid Polar (120x70) H280,Публічна картка товару Mizol; детальні параметри перевіряйте за посиланням,,https://mizol.ua/ua/48070-cherdachnaya-lestnuca-oman-solid-polar-120x70-h280
Сходи на горище Oman Stallux Termo (110x60) H280,Сходи на горище Oman Stallux Termo (110x60) H280,Публічна картка товару Mizol; детальні параметри перевіряйте за посиланням,,https://mizol.ua/ua/24244-cherdachnaya-lestnuca-oman-stallux-termo-110x60-h280
Кут PROFiL зовнішній 90 цегляний 135°,Кут PROFiL зовнішній 90 цегляний 135°,Публічна картка товару Mizol; детальні параметри перевіряйте за посиланням,,https://mizol.ua/ua/1300-ugol-vneshnuy-90-kurpuchnyy-135-
Кут зовнішній PROFiL 90 чорний 135°,Кут зовнішній PROFiL 90 чорний 135°,Публічна картка товару Mizol; детальні параметри перевіряйте за посиланням,,https://mizol.ua/ua/68487-ugol-narughnyy-90-chernyy-z-135-
Кут PROFiL зовнішній 90 червоний 135°,Кут PROFiL зовнішній 90 червоний 135°,Публічна картка товару Mizol; детальні параметри перевіряйте за посиланням,,https://mizol.ua/ua/19541-ugol-vneshnuy-90-krasnyy-135-
Лійка PROFiL ліва 90 чорна,Лійка PROFiL ліва 90 чорна,Публічна картка товару Mizol; детальні параметри перевіряйте за посиланням,,https://mizol.ua/ua/68489-luvnepruemnuk-levyy-l-90-chernyy
Горло ринви PROFiL 130 цегляне,Горло ринви PROFiL 130 цегляне,Публічна картка товару Mizol; детальні параметри перевіряйте за посиланням,,https://mizol.ua/ua/8980-gorlo-gheloba-profil-130-kurpuchnoe%09
Горло ринви PROFiL 130 чорне,Горло ринви PROFiL 130 чорне,Публічна картка товару Mizol; детальні параметри перевіряйте за посиланням,,https://mizol.ua/ua/68441-gorlo-gheloba-130-chernoe
Горло ринви Profil 130 червоне,Горло ринви Profil 130 червоне,Публічна картка товару Mizol; детальні параметри перевіряйте за посиланням,,https://mizol.ua/ua/36058-gorlo-gheloba-profil-130-krasnoe
Труба водостічна PROFiL 75 цегляна 4м,водостічна система,Публічна картка товару Mizol; детальні параметри перевіряйте за посиланням,,https://mizol.ua/ua/10116-truba-75-kurpuchnaya-4-m
Труба водостічна PROFiL 75 чорна 4м,водостічна система,Публічна картка товару Mizol; детальні параметри перевіряйте за посиланням,,https://mizol.ua/ua/68494-truba-vodostochnaya-75-chernaya-4m
Труба водостічна PROFiL 75 червона 4м,водостічна система,Публічна картка товару Mizol; детальні параметри перевіряйте за посиланням,,https://mizol.ua/ua/19535-truba-75-krasnaya-4-m
Трійник Profil 100/75/67 90 цегляний,Трійник Profil 100/75/67 90 цегляний,Публічна картка товару Mizol; детальні параметри перевіряйте за посиланням,,https://mizol.ua/ua/19904-troynuk-1007567-90-kurpuchnyy
Трійник Profil 100/75/67 90 чорний,Трійник Profil 100/75/67 90 чорний,Публічна картка товару Mizol; детальні параметри перевіряйте за посиланням,,https://mizol.ua/ua/79414-troynuk-profil-1007567-90-chernyy
Трійник Profil 75/75/67 90 червоний,Трійник Profil 75/75/67 90 червоний,Публічна картка товару Mizol; детальні параметри перевіряйте за посиланням,,https://mizol.ua/ua/23708-troynuk-profil-757567-90-krasnyy
Трійник Profil 100/75/67 90 червоний,Трійник Profil 100/75/67 90 червоний,Публічна картка товару Mizol; детальні параметри перевіряйте за посиланням,,https://mizol.ua/ua/20961-troynuk-1007567-90-krasnyy
Тримач труби PROFiL метал. L220 75 чорний,Тримач труби PROFiL метал. L220 75 чорний,Публічна картка товару Mizol; детальні параметри перевіряйте за посиланням,,https://mizol.ua/ua/68476-derghately-truby-metal-l220-90-chernyy
Тримач труби PROFiL метал. L220 75 червоний,Тримач труби PROFiL метал. L220 75 червоний,Публічна картка товару Mizol; детальні параметри перевіряйте за посиланням,,https://mizol.ua/ua/20071-derghately-truby-profil-metal-l220-90-krasnyy
Тримач труби PROFiL пласт. L100 75 чорний,Тримач труби PROFiL пласт. L100 75 чорний,Публічна картка товару Mizol; детальні параметри перевіряйте за посиланням,,https://mizol.ua/ua/68477-derghately-truby-plast-l100-90-chernyy
Тримач труби PROFiL пласт. L100 75 червоний,Тримач труби PROFiL пласт. L100 75 червоний,Публічна картка товару Mizol; детальні параметри перевіряйте за посиланням,,https://mizol.ua/ua/19966-derghately-truby-plast-l100-90-krasnyy
Тримач труби PROFiL пласт. L160 75 чорний,Тримач труби PROFiL пласт. L160 75 чорний,Публічна картка товару Mizol; детальні параметри перевіряйте за посиланням,,https://mizol.ua/ua/68478-derghately-truby-profil-plast-l160-75-chernyy
Тримач труби PROFiL пласт. L220 100 графітовий,Тримач труби PROFiL пласт. L220 100 графітовий,Публічна картка товару Mizol; детальні параметри перевіряйте за посиланням,,https://mizol.ua/ua/26162-derghately-truby-profil-plast-l220-130-grafutovyy%09
Тримач труби PROFiL пласт. L220 100 цегляний,Тримач труби PROFiL пласт. L220 100 цегляний,Публічна картка товару Mizol; детальні параметри перевіряйте за посиланням,,https://mizol.ua/ua/14369-derghately-truby-plast-l220-130-kurpuchnyy
Тримач труби PROFiL для вент. фасадів 100 цегляний,фасадна панель,Публічна картка товару Mizol; детальні параметри перевіряйте за посиланням,,https://mizol.ua/ua/39119-derghately-truby-profil-dlya-vent-fasadov-130-kurpuchnyy
Тримач труби PROFiL для вент. фасадів 100 червоний,фасадна панель,Публічна картка товару Mizol; детальні параметри перевіряйте за посиланням,,https://mizol.ua/ua/39120-derghately-truby-profil-dlya-vent-fasadov-130-krasnyy
Тримач труби PROFiL для вент. фасадів 75 цегляний,фасадна панель,Публічна картка товару Mizol; детальні параметри перевіряйте за посиланням,,https://mizol.ua/ua/39124-derghately-truby-profil-dlya-vent-fasadov-90-kurpuchnyy
Тримач труби PROFiL для вент. фасадів 75 червоний,фасадна панель,Публічна картка товару Mizol; детальні параметри перевіряйте за посиланням,,https://mizol.ua/ua/39125-derghately-truby-profil-dlya-vent-fasadov-90-krasnyy
Відведення для збору води 130 коричневе,Відведення для збору води 130 коричневе,Публічна картка товару Mizol; детальні параметри перевіряйте за посиланням,,https://mizol.ua/ua/17314-otvod-dlya-sbora-vody-130-koruchnevyy
Відведення для збору води 130 біле,Відведення для збору води 130 біле,Публічна картка товару Mizol; детальні параметри перевіряйте за посиланням,,https://mizol.ua/ua/22511-otvod-dlya-sbora-vody-130-belyy
Відведення для збору води 90 біле,Відведення для збору води 90 біле,Публічна картка товару Mizol; детальні параметри перевіряйте за посиланням,,https://mizol.ua/ua/22527-otvod-dlya-sbora-vody-90-belyy
Ревізія PROFiL 100 коричнева,Ревізія PROFiL 100 коричнева,Публічна картка товару Mizol; детальні параметри перевіряйте за посиланням,,https://mizol.ua/ua/1259-revuzuya-130-koruchnevaya
Ревізія PROFiL 100 графітова,Ревізія PROFiL 100 графітова,Публічна картка товару Mizol; детальні параметри перевіряйте за посиланням,,https://mizol.ua/ua/1205-revuzuya-130-grafutovaya
Ревізія PROFiL 100 червона,Ревізія PROFiL 100 червона,Публічна картка товару Mizol; детальні параметри перевіряйте за посиланням,,https://mizol.ua/ua/24091-revuzuya-profil-130-krasnaya
Ревізія PROFiL 75 коричнева,Ревізія PROFiL 75 коричнева,Публічна картка товару Mizol; детальні параметри перевіряйте за посиланням,,https://mizol.ua/ua/1335-revuzuya-90-koruchnevaya
Ревізія PROFiL 90 графіт,Ревізія PROFiL 90 графіт,Публічна картка товару Mizol; детальні параметри перевіряйте за посиланням,,https://mizol.ua/ua/19957-revuzuya-90-grafut
COLPHENE,COLPHENE,Публічна картка товару Mizol; детальні параметри перевіряйте за посиланням,,https://mizol.ua/ua/colphene
PROFiL,PROFiL,Публічна картка товару Mizol; детальні параметри перевіряйте за посиланням,,https://mizol.ua/ua/profil
Regenau,Regenau,Публічна картка товару Mizol; детальні параметри перевіряйте за посиланням,,https://mizol.ua/ua/regenau
Утеплювач ISOVER RIO Plus 100 мм (9 м.кв./уп. 24 уп./пал.),теплоізоляція,Публічна картка товару Mizol; детальні параметри перевіряйте за посиланням,,https://mizol.ua/ua/155623-uteplutely-isover-rio-plus-100-mm-9-mkvup-24-uppal
FLAGON ПВХ,FLAGON ПВХ,Публічна картка товару Mizol; детальні параметри перевіряйте за посиланням,,https://mizol.ua/ua/flagon-pvh
IZOBUD,IZOBUD,Публічна картка товару Mizol; детальні параметри перевіряйте за посиланням,,https://mizol.ua/ua/izobud
Number One,Number One,Публічна картка товару Mizol; детальні параметри перевіряйте за посиланням,,https://mizol.ua/ua/number-one
Soprema,Soprema,Публічна картка товару Mizol; детальні параметри перевіряйте за посиланням,,https://mizol.ua/ua/soprema
Asko NEO,Asko NEO,Публічна картка товару Mizol; детальні параметри перевіряйте за посиланням,,https://mizol.ua/ua/asko-neo
VOX InfraTOP,VOX InfraTOP,Публічна картка товару Mizol; детальні параметри перевіряйте за посиланням,,https://mizol.ua/ua/vox-infratop
АйДахо,АйДахо,Публічна картка товару Mizol; детальні параметри перевіряйте за посиланням,,https://mizol.ua/ua/aydaho
АНТИКОНДЕНСАТ,АНТИКОНДЕНСАТ,Публічна картка товару Mizol; детальні параметри перевіряйте за посиланням,,https://mizol.ua/ua/antikondensat
Vario Term,Vario Term,Публічна картка товару Mizol; детальні параметри перевіряйте за посиланням,,https://mizol.ua/ua/vario-term
ВІТРОБАРЬЕР,ВІТРОБАРЬЕР,Публічна картка товару Mizol; детальні параметри перевіряйте за посиланням,,https://mizol.ua/ua/vetrobaryer
Гідробарьер,гідроізоляція,Публічна картка товару Mizol; детальні параметри перевіряйте за посиланням,,https://mizol.ua/ua/gidrobaryer
SITA,SITA,Публічна картка товару Mizol; детальні параметри перевіряйте за посиланням,,https://mizol.ua/ua/sita
Євробар'єр,Євробар'єр,Публічна картка товару Mizol; детальні параметри перевіряйте за посиланням,,https://mizol.ua/ua/evrobaryer-
Паробар'єр,Паробар'єр,Публічна картка товару Mizol; детальні параметри перевіряйте за посиланням,,https://mizol.ua/ua/parobaryer
JUTA Professional,JUTA Professional,Публічна картка товару Mizol; детальні параметри перевіряйте за посиланням,,https://mizol.ua/ua/juta-professional
ІЗОЛІТ,ІЗОЛІТ,Публічна картка товару Mizol; детальні параметри перевіряйте за посиланням,,https://mizol.ua/ua/izolit
OMAN,OMAN,Публічна картка товару Mizol; детальні параметри перевіряйте за посиланням,,https://mizol.ua/ua/oman
BRETT MARTIN,BRETT MARTIN,Публічна картка товару Mizol; детальні параметри перевіряйте за посиланням,,https://mizol.ua/ua/brett-martin
Magnaplast,Magnaplast,Публічна картка товару Mizol; детальні параметри перевіряйте за посиланням,,https://mizol.ua/ua/magnaplast
PAROC,PAROC,Публічна картка товару Mizol; детальні параметри перевіряйте за посиланням,,https://mizol.ua/ua/paroc
Tyvek,Tyvek,Публічна картка товару Mizol; детальні параметри перевіряйте за посиланням,,https://mizol.ua/ua/tyvek
FLAGPOOL,FLAGPOOL,Публічна картка товару Mizol; детальні параметри перевіряйте за посиланням,,https://mizol.ua/ua/flagpool
Tipptex,Tipptex,Публічна картка товару Mizol; детальні параметри перевіряйте за посиланням,,https://mizol.ua/ua/tipptex
Typar,Typar,Публічна картка товару Mizol; детальні параметри перевіряйте за посиланням,,https://mizol.ua/ua/typar
Agrocover,Agrocover,Публічна картка товару Mizol; детальні параметри перевіряйте за посиланням,,https://mizol.ua/ua/agrocover
FASIDING,FASIDING,Публічна картка товару Mizol; детальні параметри перевіряйте за посиланням,,https://mizol.ua/ua/fasiding
SimplyCan,SimplyCan,Публічна картка товару Mizol; детальні параметри перевіряйте за посиланням,,https://mizol.ua/ua/simplycan
TOMO plex,TOMO plex,Публічна картка товару Mizol; детальні параметри перевіряйте за посиланням,,https://mizol.ua/ua/tomo-plex
VOX Fronto MAX,VOX Fronto MAX,Публічна картка товару Mizol; детальні параметри перевіряйте за посиланням,,https://mizol.ua/ua/vox-fronto-max
VOX SYSTEM МАХ-3,VOX SYSTEM МАХ-3,Публічна картка товару Mizol; детальні параметри перевіряйте за посиланням,,https://mizol.ua/ua/vox-system-mah-3
KERRAFRONT,KERRAFRONT,Публічна картка товару Mizol; детальні параметри перевіряйте за посиланням,,https://mizol.ua/ua/kerrafront-
IKO,IKO,Публічна картка товару Mizol; детальні параметри перевіряйте за посиланням,,https://mizol.ua/ua/iko
ArmoPlit,ArmoPlit,Публічна картка товару Mizol; детальні параметри перевіряйте за посиланням,,https://mizol.ua/ua/armoplit
ROCKWOOL,ROCKWOOL,Публічна картка товару Mizol; детальні параметри перевіряйте за посиланням,,https://mizol.ua/ua/rockwool
FIXIT,FIXIT,Публічна картка товару Mizol; детальні параметри перевіряйте за посиланням,,https://mizol.ua/ua/fixit
ISOVER,ISOVER,Публічна картка товару Mizol; детальні параметри перевіряйте за посиланням,,https://mizol.ua/ua/isover
PURMO,PURMO,Публічна картка товару Mizol; детальні параметри перевіряйте за посиланням,,https://mizol.ua/ua/purmo
IDMAR,IDMAR,Публічна картка товару Mizol; детальні параметри перевіряйте за посиланням,,https://mizol.ua/ua/idmar
TENAX,TENAX,Публічна картка товару Mizol; детальні параметри перевіряйте за посиланням,,https://mizol.ua/ua/tenax
KARATZIS,KARATZIS,Публічна картка товару Mizol; детальні параметри перевіряйте за посиланням,,https://mizol.ua/ua/karatzis-
THERMOVAL,THERMOVAL,Публічна картка товару Mizol; детальні параметри перевіряйте за посиланням,,https://mizol.ua/ua/thermoval
HAURATON,HAURATON,Публічна картка товару Mizol; детальні параметри перевіряйте за посиланням,,https://mizol.ua/ua/hauraton
Aerotop,Aerotop,Публічна картка товару Mizol; детальні параметри перевіряйте за посиланням,,https://mizol.ua/ua/aerotop
Eurobatex,Eurobatex,Публічна картка товару Mizol; детальні параметри перевіряйте за посиланням,,https://mizol.ua/ua/eurobatex
Polifort,Polifort,Публічна картка товару Mizol; детальні параметри перевіряйте за посиланням,,https://mizol.ua/ua/polifort
Greentex,Greentex,Публічна картка товару Mizol; детальні параметри перевіряйте за посиланням,,https://mizol.ua/ua/greentex
Grond Meester,Grond Meester,Публічна картка товару Mizol; детальні параметри перевіряйте за посиланням,,https://mizol.ua/ua/grond-meester
ENKAMAT,ENKAMAT,Публічна картка товару Mizol; детальні параметри перевіряйте за посиланням,,https://mizol.ua/ua/enkamat
Drainfol,Drainfol,Публічна картка товару Mizol; детальні параметри перевіряйте за посиланням,,https://mizol.ua/ua/drainfol
Thermaflex,Thermaflex,Публічна картка товару Mizol; детальні параметри перевіряйте за посиланням,,https://mizol.ua/ua/thermaflex
SOTRAFA,SOTRAFA,Публічна картка товару Mizol; детальні параметри перевіряйте за посиланням,,https://mizol.ua/ua/sotrafa
ГІДРОПОЯС,гідроізоляція,Публічна картка товару Mizol; детальні параметри перевіряйте за посиланням,,https://mizol.ua/ua/gidropoyas
КРАКСИ,КРАКСИ,Публічна картка товару Mizol; детальні параметри перевіряйте за посиланням,,https://mizol.ua/ua/kraksy-
Profil каналізації,Profil каналізації,Публічна картка товару Mizol; детальні параметри перевіряйте за посиланням,,https://mizol.ua/ua/profil-kanaluzacuu
ArmAll GeoCell,ArmAll GeoCell,Публічна картка товару Mizol; детальні параметри перевіряйте за посиланням,,https://mizol.ua/ua/armall-geocell
PIR Gol-Star,PIR Gol-Star,Публічна картка товару Mizol; детальні параметри перевіряйте за посиланням,,https://mizol.ua/ua/pir-gol-star
Будівництво інфільтраційного ставка в цеху для виробництва насіння.,Будівництво інфільтраційного ставка в цеху для виробництва насіння.,Публічна картка товару Mizol; детальні параметри перевіряйте за посиланням,,https://mizol.ua/ua/ctroitelstvo-infiltracionnogo-pruda-v-cehe-dlya-proizvodstva-semyan
Бітумна черепиця Number One Hex (52) Dual Black,бітумна черепиця,Публічна картка товару Mizol; детальні параметри перевіряйте за посиланням,,https://mizol.ua/ua/216038-bitumna-cherepucya--number-one-hex-52-dual-black
Бітумна черепиця Number One Biber (10) Tile Red,бітумна черепиця,Публічна картка товару Mizol; детальні параметри перевіряйте за посиланням,,https://mizol.ua/ua/14081-bitumna-cherepucya-number-one-biber-10-tile-red
Бітумна черепиця Number One Hex (53) Autumn Brown,бітумна черепиця,Публічна картка товару Mizol; детальні параметри перевіряйте за посиланням,,https://mizol.ua/ua/216039-bitumna-cherepucya-number-one-hex-53-autumn-brown
Бітумна черепиця Cambridge Xtreme (54) Aged Redwood,бітумна черепиця,Публічна картка товару Mizol; детальні параметри перевіряйте за посиланням,,https://mizol.ua/ua/78364-butumnaya-cherepuca--cambridge-xtreme-54-aged-redwood
Бітумна черепиця Cambridge Xtreme (43) Amazon Green,бітумна черепиця,Публічна картка товару Mizol; детальні параметри перевіряйте за посиланням,,https://mizol.ua/ua/75041-butumnaya-cherepuca-cambridge-xtreme-43-amazon-green
Бітумна черепиця Cambridge Xtreme (50) Harvard Slate,бітумна черепиця,Публічна картка товару Mizol; детальні параметри перевіряйте за посиланням,,https://mizol.ua/ua/78362-butumnaya-cherepuca-cambridge-xtreme-50-harvard-slate
Бітумна черепиця Cambridge Xtreme (52) Dual Black,бітумна черепиця,Публічна картка товару Mizol; детальні параметри перевіряйте за посиланням,,https://mizol.ua/ua/78363-butumnaya-cherepuca-cambridge-xtreme-52-dual-black
Бітумна черепиця Cambridge Xtreme (53) Autumn Brown,бітумна черепиця,Публічна картка товару Mizol; детальні параметри перевіряйте за посиланням,,https://mizol.ua/ua/77873-butumnaya-cherepuca-cambridge-xtreme-53-autumn-brown
Бітумна черепиця Cambridge Xtreme (55) Riviera Red,бітумна черепиця,Публічна картка товару Mizol; детальні параметри перевіряйте за посиланням,,https://mizol.ua/ua/74606-butumnaya-cherepuca-cambridge-xtreme-55-riviera-red
Бітумна черепиця Number One 3Tab (01) Black,бітумна черепиця,Публічна картка товару Mizol; детальні параметри перевіряйте за посиланням,,https://mizol.ua/ua/56083-butumnaya-cherepuca-number-one-3tab-01-black
Бітумна черепиця Number One 3Tab (03) Green,бітумна черепиця,Публічна картка товару Mizol; детальні параметри перевіряйте за посиланням,,https://mizol.ua/ua/57713-butumnaya-cherepuca-number-one-3tab-03-green
Бітумна черепиця Number One 3Tab (07) Dual Brown,бітумна черепиця,Публічна картка товару Mizol; детальні параметри перевіряйте за посиланням,,https://mizol.ua/ua/14075-butumnaya-cherepuca-number-one-3tab-07-dual-brown
Бітумна черепиця Number One 3Tab (31) Slate,бітумна черепиця,Публічна картка товару Mizol; детальні параметри перевіряйте за посиланням,,https://mizol.ua/ua/15152-butumnaya-cherepuca-number-one-3tab-31-slate
Бітумна черепиця Number One Biber (03) Green,бітумна черепиця,Публічна картка товару Mizol; детальні параметри перевіряйте за посиланням,,https://mizol.ua/ua/55892-butumnaya-cherepuca-number-one-biber-03-green
Бітумна черепиця Number One Biber (07) Dual Brown,бітумна черепиця,Публічна картка товару Mizol; детальні параметри перевіряйте за посиланням,,https://mizol.ua/ua/14080-butumnaya-cherepuca-number-one-biber-07-dual-brown
Бітумна черепиця NumberOne Biber (01) Black,бітумна черепиця,Публічна картка товару Mizol; детальні параметри перевіряйте за посиланням,,https://mizol.ua/ua/56202-butumnaya-cherepuca-numberone-biber-01-black
Бітумна черепиця Superglass 3T (03) Amazon Green,бітумна черепиця,Публічна картка товару Mizol; детальні параметри перевіряйте за посиланням,,https://mizol.ua/ua/78460-butumnaya-cherepuca-superglass-3-tab-03-amazon-green
Бітумна черепиця Superglass 3T (07) Dual Brown,бітумна черепиця,Публічна картка товару Mizol; детальні параметри перевіряйте за посиланням,,https://mizol.ua/ua/78461-butumnaya-cherepuca-superglass-3-tab-07-dual-brown
Бітумна черепиця Superglass 3T (49) Earthtone Cedar,бітумна черепиця,Публічна картка товару Mizol; детальні параметри перевіряйте за посиланням,,https://mizol.ua/ua/78464-butumnaya-cherepuca-superglass-3-tab-49-earthtone-cedar
Бітумна черепиця Superglass 3T (50) Harvard Slate,бітумна черепиця,Публічна картка товару Mizol; детальні параметри перевіряйте за посиланням,,https://mizol.ua/ua/78465-butumnaya-cherepuca-superglass-3-tab-50-harvard-slate
Бітумна черепиця Superglass 3T (51) Eastern Grey,бітумна черепиця,Публічна картка товару Mizol; детальні параметри перевіряйте за посиланням,,https://mizol.ua/ua/78466-butumnaya-cherepuca-superglass-3-tab-51-eastern-grey
Бітумна черепиця Superglass 3T (52) Dual Black,бітумна черепиця,Публічна картка товару Mizol; детальні параметри перевіряйте за посиланням,,https://mizol.ua/ua/78467-butumnaya-cherepuca-superglass-3-tab-52-dual-black
Бітумна черепиця Superglass 3T (53) Autumn Brown,бітумна черепиця,Публічна картка товару Mizol; детальні параметри перевіряйте за посиланням,,https://mizol.ua/ua/78468-butumnaya-cherepuca-superglass-3-tab-53-autumn-brown
Бітумна черепиця Superglass 3T (55) Riviera Red,бітумна черепиця,Публічна картка товару Mizol; детальні параметри перевіряйте за посиланням,,https://mizol.ua/ua/78470-butumnaya-cherepuca-superglass-3-tab-55-riviera-red
Бітумна черепиця Superglass 3T (01) Black,бітумна черепиця,Публічна картка товару Mizol; детальні параметри перевіряйте за посиланням,,https://mizol.ua/ua/78459-butumnaya-cherepuca-superglass-3t-01-black
Бітумна черепиця Superglass 3T (54) Aged Redwood,бітумна черепиця,Публічна картка товару Mizol; детальні параметри перевіряйте за посиланням,,https://mizol.ua/ua/78469-butumnaya-cherepuca-superglass-3t-54-aged-redwood
Бітумна черепиця Superglass Hex (01) Black,бітумна черепиця,Публічна картка товару Mizol; детальні параметри перевіряйте за посиланням,,https://mizol.ua/ua/52204-butumnaya-cherepuca-superglass-hex-01-black
Бітумна черепиця Superglass Hex (23) Amazon Green ultra,бітумна черепиця,Публічна картка товару Mizol; детальні параметри перевіряйте за посиланням,,https://mizol.ua/ua/52203-butumnaya-cherepuca-superglass-hex-03-amazon-green-ultra
Бітумна черепиця Superglass Hex (07) Dual Brown,бітумна черепиця,Публічна картка товару Mizol; детальні параметри перевіряйте за посиланням,,https://mizol.ua/ua/52194-butumnaya-cherepuca-superglass-hex-07-dual-brown
Бітумна черепиця Superglass Hex (20) Tile Red ultra,бітумна черепиця,Публічна картка товару Mizol; детальні параметри перевіряйте за посиланням,,https://mizol.ua/ua/52197-butumnaya-cherepuca-superglass-hex-20-tile-red-ultra
Бітумна черепиця Superglass Hex (27) Dual Brown ultra,бітумна черепиця,Публічна картка товару Mizol; детальні параметри перевіряйте за посиланням,,https://mizol.ua/ua/52195-butumnaya-cherepuca-superglass-hex-27-dual-brown-ultra
Бітумна черепиця Cambridge Xtreme (49) Earthtone Cedar,бітумна черепиця,Публічна картка товару Mizol; детальні параметри перевіряйте за посиланням,,https://mizol.ua/ua/73857-butumnaya-cherepuca-xtreme-49-earthtone-cedar
Єндовий матеріал Armourvalley 7.5m #49 Earth Cedar.,Єндовий матеріал Armourvalley 7.5m #49 Earth Cedar.,Публічна картка товару Mizol; детальні параметри перевіряйте за посиланням,,https://mizol.ua/ua/27616-endovnyy-kover-armourvalley-49-earthone-cedar
Єндовий матеріал Armourvalley 7.5m #54 Aged Redw.,Єндовий матеріал Armourvalley 7.5m #54 Aged Redw.,Публічна картка товару Mizol; детальні параметри перевіряйте за посиланням,,https://mizol.ua/ua/27615-endovnyy-kover-armourvalley-54-aged-redwood
Єндовий матеріал Armourvalley Sh. Black 01- 7.5m,Єндовий матеріал Armourvalley Sh. Black 01- 7.5m,Публічна картка товару Mizol; детальні параметри перевіряйте за посиланням,,https://mizol.ua/ua/28189-endovyy-materual-armourvalley-sh-black-01--75m
ЖК Diadance,ЖК Diadance,Публічна картка товару Mizol; детальні параметри перевіряйте за посиланням,,https://mizol.ua/ua/zhk-diadance
#Комплект Vario Term; Standard тип V; Prestige; прямий; білий/хром; PRNYGS0201C/FP (with nipples),#Комплект Vario Term; Standard тип V; Prestige; прямий; білий/хром; PRNYGS0201C/FP (with nipples),Публічна картка товару Mizol; детальні параметри перевіряйте за посиланням,,https://mizol.ua/ua/126410-komplekt-vario-term-standard-tup-v-prestige-pryamoy-belyyhrom-prnygs0201cfp-with-nipples
Меблева фабрика Феніче,Меблева фабрика Феніче,Публічна картка товару Mizol; детальні параметри перевіряйте за посиланням,,https://mizol.ua/ua/mebelnaya-fabrika-feniche
Мембрана Tyvek FireCurb,мембрана,Публічна картка товару Mizol; детальні параметри перевіряйте за посиланням,,https://mizol.ua/ua/273078-membrana-tyvek-firecurb
Вогнестійка гідроізоляційна паропроникна мембрана Tyvek Trifecta,мембрана,Публічна картка товару Mizol; детальні параметри перевіряйте за посиланням,,https://mizol.ua/ua/307089-ognestoykaya-gudrouzolyacuonnaya-paropronucaemaya-membrana--tyvek-trifecta
Панель ASKO NEO яблуня перфорована 3м; 0.915 м2,Панель ASKO NEO яблуня перфорована 3м; 0.915 м2,Публічна картка товару Mizol; детальні параметри перевіряйте за посиланням,,https://mizol.ua/ua/261688-panely-asko-neo-yablonya-perforurovannaya-3m-0915-m2
Панель айДахо графіт перфорована 2;7м; 0;81 м2,Панель айДахо графіт перфорована 2;7м; 0;81 м2,Публічна картка товару Mizol; детальні параметри перевіряйте за посиланням,,https://mizol.ua/ua/159699-panely-aydaho-grafut-perforurovannaya-27m-081m2
"Панель вінілова FaSiding WoodHouse ""Дуб золотий""","Панель вінілова FaSiding WoodHouse ""Дуб золотий""",Публічна картка товару Mizol; детальні параметри перевіряйте за посиланням,,https://mizol.ua/ua/58375-panely-vunulovaya-fasiding-woodhouse-dub-zolotoy-
"Панель вінілова FaSiding WoodHouse ""Дуб морений""","Панель вінілова FaSiding WoodHouse ""Дуб морений""",Публічна картка товару Mizol; детальні параметри перевіряйте за посиланням,,https://mizol.ua/ua/58376-panely-vunulovaya-fasiding-woodhouse-dub-morenyy-
"Панель плоска FaSiding Vifront ""Бежевий""","Панель плоска FaSiding Vifront ""Бежевий""",Публічна картка товару Mizol; детальні параметри перевіряйте за посиланням,,https://mizol.ua/ua/169044-panely-ploskaya-fasiding-vifront-beghevyy
"Панель плоска FaSiding Vifront ""Білий""","Панель плоска FaSiding Vifront ""Білий""",Публічна картка товару Mizol; детальні параметри перевіряйте за посиланням,,https://mizol.ua/ua/172326-panely-ploskaya-fasiding-vifront-belyy
"Панель плоска FaSiding Vifront ""Світло-сірий""","Панель плоска FaSiding Vifront ""Світло-сірий""",Публічна картка товару Mizol; детальні параметри перевіряйте за посиланням,,https://mizol.ua/ua/172328-panely-ploskaya-fasiding-vifront-svetlo-seryy
Панель фасадна KERRAFRONT TREND FS-301 Ivory SOFT 1;92 м2,фасадна панель,Публічна картка товару Mizol; детальні параметри перевіряйте за посиланням,,https://mizol.ua/ua/88634-panely-fasadnaya-kerrafront-trend-fs-301-ivory-soft-192-m2
Панель фасадна KERRAFRONT TREND FS-301 Ivory STONE 1;92 м2,фасадна панель,Публічна картка товару Mizol; детальні параметри перевіряйте за посиланням,,https://mizol.ua/ua/88635-panely-fasadnaya-kerrafront-trend-fs-301-ivory-stone-192-m2
Панель фасадна KERRAFRONT TREND FS-301 Mastic SOFT 1;92 м2,фасадна панель,Публічна картка товару Mizol; детальні параметри перевіряйте за посиланням,,https://mizol.ua/ua/88636-panely-fasadnaya-kerrafront-trend-fs-301-mastic-soft-192-m2
Панель фасадна KERRAFRONT TREND FS-301 Mastic STONE 1;92 м2,фасадна панель,Публічна картка товару Mizol; детальні параметри перевіряйте за посиланням,,https://mizol.ua/ua/88637-panely-fasadnaya-kerrafront-trend-fs-301-mastic-stone-192-m2
Панель фасадна KERRAFRONT TREND FS-301 Pearl Grey SOFT 1;92 м2,фасадна панель,Публічна картка товару Mizol; детальні параметри перевіряйте за посиланням,,https://mizol.ua/ua/88632-panely-fasadnaya-kerrafront-trend-fs-301-pearl-grey-soft-192-m2
Панель фасадна KERRAFRONT TREND FS-301 Pearl Grey STONE 1;92 м2,фасадна панель,Публічна картка товару Mizol; детальні параметри перевіряйте за посиланням,,https://mizol.ua/ua/88633-panely-fasadnaya-kerrafront-trend-fs-301-pearl-grey-stone-192-m2
Панель Яблуня ASKO NEO перфорований 3;5х0;305 м,Панель Яблуня ASKO NEO перфорований 3;5х0;305 м,Публічна картка товару Mizol; детальні параметри перевіряйте за посиланням,,https://mizol.ua/ua/67725-panely-yablonya-asko-neo-perforurovannyy-35h0305-m-
Паропроникна мембрана для фасадів з відкритими швами Tyvek UV Facade,мембрана,Публічна картка товару Mizol; детальні параметри перевіряйте за посиланням,,https://mizol.ua/ua/307090-paropronukna-membrana-tyvek-soft-15h50m
Високопаропроникна настінна мембрана Tyvek Housewrap,мембрана,Публічна картка товару Mizol; детальні параметри перевіряйте за посиланням,,https://mizol.ua/ua/307092-paropronukna-membrana-tyvek-soft-15h50m
Пароізоляційна мембрана зі змінним опором дифузії AirGuard Smart (1;5х50м),мембрана,Публічна картка товару Mizol; детальні параметри перевіряйте за посиланням,,https://mizol.ua/ua/260804-paropronukna-membrana-tyvek-soft-15h50m
Пароізоляційна мембрана зі стандартним опором дифузії Tyvek AirGuard Sd23,мембрана,Публічна картка товару Mizol; детальні параметри перевіряйте за посиланням,,https://mizol.ua/ua/307091-paropronukna-membrana-tyvek-soft-15h50m
"Планка FaSiding Vifront ""внутрішній кут"" ""Бежевий""","Планка FaSiding Vifront ""внутрішній кут"" ""Бежевий""",Публічна картка товару Mizol; детальні параметри перевіряйте за посиланням,,https://mizol.ua/ua/172643-planka-fasiding-vifront-vnutrennuy-ugol-beghevyy
Підкладочний шар Armourbase Pro,Підкладочний шар Armourbase Pro,Публічна картка товару Mizol; детальні параметри перевіряйте за посиланням,,https://mizol.ua/ua/12270-podkladochnyy-kover-armourbase-pro
Підкладочний шар Armourbase Pro Plus,Підкладочний шар Armourbase Pro Plus,Публічна картка товару Mizol; детальні параметри перевіряйте за посиланням,,https://mizol.ua/ua/76511-podkladochnyy-sloy--armourbase-pro-plus-
Промислова фабрика ТМ Чемпіон,Промислова фабрика ТМ Чемпіон,Публічна картка товару Mizol; детальні параметри перевіряйте за посиланням,,https://mizol.ua/ua/promyshlennaya-fabrika-tm-chempion
Рекомендації щодо монтажу бітумної черепиці за низьких температур.,бітумна черепиця,Публічна картка товару Mizol; детальні параметри перевіряйте за посиланням,,https://mizol.ua/ua/rekomendacii-po-montazhu-bitumnoj-cherepicy-pri-nizkih-temperaturah
Сходи на горище Oman Compact Termo (100x60) H280!,Сходи на горище Oman Compact Termo (100x60) H280!,Публічна картка товару Mizol; детальні параметри перевіряйте за посиланням,,https://mizol.ua/ua/214706-cherdachnaya-lestnuca-oman-compact-termo-100x60-h280
Сходи на горище Oman Compact Termo (100x70) H280,Сходи на горище Oman Compact Termo (100x70) H280,Публічна картка товару Mizol; детальні параметри перевіряйте за посиланням,,https://mizol.ua/ua/86846-cherdachnaya-lestnuca-oman-compact-termo-100x70-h280
Сходи на горище Oman Mini Termo (80x80)H260,Сходи на горище Oman Mini Termo (80x80)H260,Публічна картка товару Mizol; детальні параметри перевіряйте за посиланням,,https://mizol.ua/ua/59353-cherdachnaya-lestnuca-oman-mini-termo-80x80
Шипоподібна геомембрана Profi 0;5 (1;5х20 м),геомембрана,Публічна картка товару Mizol; детальні параметри перевіряйте за посиланням,,https://mizol.ua/ua/67527-shupovudnaya-geomembrana--profi-05-15h20-m
Шипоподібна геомембрана Profi 0;5 (1х20 м),геомембрана,Публічна картка товару Mizol; детальні параметри перевіряйте за посиланням,,https://mizol.ua/ua/67526-shupovudnaya-geomembrana--profi-05-1h20-m
8-Й РІК ПОСПІЛЬ MIZOL - КРАЩИЙ ДИЛЕР ROCKWOOL В УКРАЇНІ,8-Й РІК ПОСПІЛЬ MIZOL - КРАЩИЙ ДИЛЕР ROCKWOOL В УКРАЇНІ,Публічна картка товару Mizol; детальні параметри перевіряйте за посиланням,,https://mizol.ua/ua/8-y-god-podryad-mizol-luchshiy-diler-rockwool-v-ukraine
EUROIZOL HUB; Пізнаємо; заробляємо та відпочиваємо разом.,EUROIZOL HUB; Пізнаємо; заробляємо та відпочиваємо разом.,Публічна картка товару Mizol; детальні параметри перевіряйте за посиланням,,https://mizol.ua/ua/euroizol-hub-poznaem-zarabatyvaem-i-otdyhaem-vmeste
EUROIZOL HUB: заробляти; ПІЗНАЄМО І відпочивати разом!,EUROIZOL HUB: заробляти; ПІЗНАЄМО І відпочивати разом!,Публічна картка товару Mizol; детальні параметри перевіряйте за посиланням,,https://mizol.ua/ua/euroizol-hub%3A-zarabatyvaem-poznaem-i-otdyhaem-vmeste
Fasiding Vifront – ідеальне рішення для модульних будівель; та інших методів швидкого будівництва,Fasiding Vifront – ідеальне рішення для модульних будівель; та інших методів швидкого будівництва,Публічна картка товару Mizol; детальні параметри перевіряйте за посиланням,,https://mizol.ua/ua/fasiding-vifront-idealnoe-reshenie-dlya-modulnyh-zdanij-i-drugih-bystrovozvodimyh-sooruzhenij
FIXIT – професійні стрічки для будівництва та ремонту,FIXIT – професійні стрічки для будівництва та ремонту,Публічна картка товару Mizol; детальні параметри перевіряйте за посиланням,,https://mizol.ua/ua/fixit-professionalnye-lenty-dlya-stroitelstva-i-remonta
IKO новинка від компанії нова лінійка бітумної черепиці преміум- класу PLUS,бітумна черепиця,Публічна картка товару Mizol; детальні параметри перевіряйте за посиланням,,https://mizol.ua/ua/iko-novinka-ot-kompanii-novaya-linejka-bitumnoj-cherepicy-premium-klassa-plus
JUTA Professional: Новий стандарт надійності в ізоляції покрівель та фасадів,фасадна панель,Публічна картка товару Mizol; детальні параметри перевіряйте за посиланням,,https://mizol.ua/ua/juta-professional-novyj-standart-nadezhnosti-v-izolyacii-krovel-i-fasadov
KERRAFRONT - більше ніж фасадний матеріал,фасадна панель,Публічна картка товару Mizol; детальні параметри перевіряйте за посиланням,,https://mizol.ua/ua/kerrafront-bolee-chem-fasadnyj-material
MIZOL - КРАЩИЙ ДИСТРИБЬЮТОР VOX В УКРАЇНІ!,MIZOL - КРАЩИЙ ДИСТРИБЬЮТОР VOX В УКРАЇНІ!,Публічна картка товару Mizol; детальні параметри перевіряйте за посиланням,,https://mizol.ua/ua/mizol-%E2%80%93-luchshiy-distribyyutor-vox-v-ukraine
PURMO + VARIO TERM: ЕСТЕТИЧНЕ ПОЄДНАННЯ – ПРАКТИЧНА ВИГОДА,PURMO + VARIO TERM: ЕСТЕТИЧНЕ ПОЄДНАННЯ – ПРАКТИЧНА ВИГОДА,Публічна картка товару Mizol; детальні параметри перевіряйте за посиланням,,https://mizol.ua/ua/purmo-vario-term-esteticheskoe-soedinenie-prakticheskaya-vygoda
TERMPIR® ETX - НОВОЕ РЕШЕНИЕ ДЛЯ штукатурных ФАСАДОВ,фасадна панель,Публічна картка товару Mizol; детальні параметри перевіряйте за посиланням,,https://mizol.ua/ua/termpir%C2%AE-etx-%E2%80%93-novoe-reshenie-dlya-shtukaturnyh-fasadov
Vario Term: два дні натхнення; знайомств та конструктивного діалогу!,Vario Term: два дні натхнення; знайомств та конструктивного діалогу!,Публічна картка товару Mizol; детальні параметри перевіряйте за посиланням,,https://mizol.ua/ua/vario-term-dva-dnya-vdohnoveniya-znakomstva-i-konstruktivnogo-dialoga
VOX MAX-3 – фасадна панель; що вразить своєю міцністю,фасадна панель,Публічна картка товару Mizol; детальні параметри перевіряйте за посиланням,,https://mizol.ua/ua/vox-max-3-fasadnaya-panely-potryaset-svoey-prochnostyyu
Zeppelin,Zeppelin,Публічна картка товару Mizol; детальні параметри перевіряйте за посиланням,,https://mizol.ua/ua/zeppelin
Адреси найближчих до філій MIZOL укриттів,Адреси найближчих до філій MIZOL укриттів,Публічна картка товару Mizol; детальні параметри перевіряйте за посиланням,,https://mizol.ua/ua/adresa-blizhajshih-k-filialam-mizol-ukrytij
Увага; акція на ISOVER DomoPlus!,Увага; акція на ISOVER DomoPlus!,Публічна картка товару Mizol; детальні параметри перевіряйте за посиланням,,https://mizol.ua/ua/akciya-na-isover-domoplus
Асортимент софітів від EUROIZOL: деталі; які завершують і підкреслюють будинок,Асортимент софітів від EUROIZOL: деталі; які завершують і підкреслюють будинок,Публічна картка товару Mizol; детальні параметри перевіряйте за посиланням,,https://mizol.ua/ua/assortiment-sofitov-ot-euroizol-detali-zavershayushie-i-podcherkivayushie-dom
БІЗНЕС-КОНФЕРЕНЦІЯ EUROIZOL: перезавантажити І ПОДИВИТИСЯ НА МАЙБУТНЄ ПО-НОВОМУ!,БІЗНЕС-КОНФЕРЕНЦІЯ EUROIZOL: перезавантажити І ПОДИВИТИСЯ НА МАЙБУТНЄ ПО-НОВОМУ!,Публічна картка товару Mizol; детальні параметри перевіряйте за посиланням,,https://mizol.ua/ua/biznes-konferenciya-euroizol%3A-perezagruzitysya-i-posmotrety-na-buduschee-po-novomu
БІТУМНА ЧЕРЕПИЦЯ IKO - ЕКСПЕРТ З ПОКРІВЕЛЬНИХ РІШЕНЬ,бітумна черепиця,Публічна картка товару Mizol; детальні параметри перевіряйте за посиланням,,https://mizol.ua/ua/butumnaya-cherepuca-iko-ekspert-krovelynyh-resheniy
Бітумна черепиця IKO для крутих скатів і вертикальних поверхонь,бітумна черепиця,Публічна картка товару Mizol; детальні параметри перевіряйте за посиланням,,https://mizol.ua/ua/bitumnaya-cherepica-iko-dlya-krutyh-skatov-i-vertikalnyh-poverhnostej
Бітумні мембрани SOPREMA для гідроізоляції фундаментів та підвалів,мембрана,Публічна картка товару Mizol; детальні параметри перевіряйте за посиланням,,https://mizol.ua/ua/bitumnye-membrany-soprema-dlya-gidroizolyacii-fundamentov-i-podvalov
У КИЄВІ ПРЕЗЕНТУВАЛИ НОВИНКИ САЙДІНГА і фасадних панелей ТМ VOX,фасадна панель,Публічна картка товару Mizol; детальні параметри перевіряйте за посиланням,,https://mizol.ua/ua/v-kieve-prezentovali-novinki-saydinga-i-fasadnyh-paneley-tm-vox
Вентильований фасад та захист функціональності теплоізоляції,фасадна панель,Публічна картка товару Mizol; детальні параметри перевіряйте за посиланням,,https://mizol.ua/ua/ventiliruemyj-fasad-i-zashita-funkcionalnosti-teploizolyacii
Весняний догляд за дахом під бітумною черепицею,бітумна черепиця,Публічна картка товару Mizol; детальні параметри перевіряйте за посиланням,,https://mizol.ua/ua/vesennij-uhod-za-kryshej-pod-bitumnoj-cherepicej
Хвилясті листи,Хвилясті листи,Публічна картка товару Mizol; детальні параметри перевіряйте за посиланням,,https://mizol.ua/ua/volnistye-listy
Все що потрібно знати про вентиляцію даху та горища,Все що потрібно знати про вентиляцію даху та горища,Публічна картка товару Mizol; детальні параметри перевіряйте за посиланням,,https://mizol.ua/ua/vse-chto-nuzhno-znat-o-ventilyacii-kryshi-i-cherdaka
Геотекстиль у будівництві,геотекстиль,Публічна картка товару Mizol; детальні параметри перевіряйте за посиланням,,https://mizol.ua/ua/geotekstil-v-stroitelstve
Геотекстиль види та способи застосування,геотекстиль,Публічна картка товару Mizol; детальні параметри перевіряйте за посиланням,,https://mizol.ua/ua/geotekstil-vidy-i-sposoby-primeneniya
Горючий або негорючий матеріал САЙДИНГ?,сайдинг,Публічна картка товару Mizol; детальні параметри перевіряйте за посиланням,,https://mizol.ua/ua/goryuchiy-ili-negoryuchiy-material-sayding
Група компаній EUROIZOL продовжує працювати для вас.,Група компаній EUROIZOL продовжує працювати для вас.,Публічна картка товару Mizol; детальні параметри перевіряйте за посиланням,,https://mizol.ua/ua/gruppa-kompanij-euroizol-prodolzhaet-rabotat-dlya-vas
Для чого потрібна шиповидна мембрана і що це таке,геомембрана,Публічна картка товару Mizol; детальні параметри перевіряйте за посиланням,,https://mizol.ua/ua/dlya-chego-nuzhna-shipovidnaya-membrana-i-chto-eto-takoe
ДУМАЙ ЗАРАЗ; ЩОБ НЕ АДАПТУВАТИ НАВЕСНІ!,ДУМАЙ ЗАРАЗ; ЩОБ НЕ АДАПТУВАТИ НАВЕСНІ!,Публічна картка товару Mizol; детальні параметри перевіряйте за посиланням,,https://mizol.ua/ua/dumay-seychas-chtob-ne-peredelyvaty-vesnoy
ЖК &quot;Галицький&quot;,ЖК &quot;Галицький&quot;,Публічна картка товару Mizol; детальні параметри перевіряйте за посиланням,,https://mizol.ua/ua/zhk-galickij
ЖК Bauhaus,ЖК Bauhaus,Публічна картка товару Mizol; детальні параметри перевіряйте за посиланням,,https://mizol.ua/ua/zhk-bauhaus
ЖК DreamTown,ЖК DreamTown,Публічна картка товару Mizol; детальні параметри перевіряйте за посиланням,,https://mizol.ua/ua/zhk-dreamtown
ЖК Lake Town,ЖК Lake Town,Публічна картка товару Mizol; детальні параметри перевіряйте за посиланням,,https://mizol.ua/ua/zhk-lake-town
ЖК Manhattan,ЖК Manhattan,Публічна картка товару Mizol; детальні параметри перевіряйте за посиланням,,https://mizol.ua/ua/zhk-manhattan
ЖК Orange City,ЖК Orange City,Публічна картка товару Mizol; детальні параметри перевіряйте за посиланням,,https://mizol.ua/ua/zhk-orange-city
ЖК PANORAMA DE LUXE,ЖК PANORAMA DE LUXE,Публічна картка товару Mizol; детальні параметри перевіряйте за посиланням,,https://mizol.ua/ua/zhk-panorama-de-luxe
ЖК PREMIUM RESIDENCE,ЖК PREMIUM RESIDENCE,Публічна картка товару Mizol; детальні параметри перевіряйте за посиланням,,https://mizol.ua/ua/ghk-premium-residence
ЖК Viking Park,ЖК Viking Park,Публічна картка товару Mizol; детальні параметри перевіряйте за посиланням,,https://mizol.ua/ua/zhk-viking-park
ЖК Русанівська гавань - Покрівля паркінгу,ЖК Русанівська гавань - Покрівля паркінгу,Публічна картка товару Mizol; детальні параметри перевіряйте за посиланням,,https://mizol.ua/ua/zhk-rusanovskaya-gavan-krovlya-parkinga
ЖК Яровиця,ЖК Яровиця,Публічна картка товару Mizol; детальні параметри перевіряйте за посиланням,,https://mizol.ua/ua/zhk-yarovica
Завод &quot;Оснастка&quot;,Завод &quot;Оснастка&quot;,Публічна картка товару Mizol; детальні параметри перевіряйте за посиланням,,https://mizol.ua/ua/zavod-osnastka
Завод Nestle,Завод Nestle,Публічна картка товару Mizol; детальні параметри перевіряйте за посиланням,,https://mizol.ua/ua/zavod-nestle
Завод по виготовленню ДВП та Фанери Уніплит (Uniplyt),Завод по виготовленню ДВП та Фанери Уніплит (Uniplyt),Публічна картка товару Mizol; детальні параметри перевіряйте за посиланням,,https://mizol.ua/ua/zavod-po-izgotovleniyu-dvp-i-fanery-uniplit-uniplyt
Навіщо потрібна підкладка під бітумну черепицю – і чому це важливий елемент довговічної покрівлі,бітумна черепиця,Публічна картка товару Mizol; детальні параметри перевіряйте за посиланням,,https://mizol.ua/ua/zachem-nuzhna-podkladka-pod-bitumnuyu-cherepicu-i-pochemu-eto-vazhnyj-element-dolgovechnoj-krovli
Захист та надійність за доступною ціною з REGENAU і айДахо,Захист та надійність за доступною ціною з REGENAU і айДахо,Публічна картка товару Mizol; детальні параметри перевіряйте за посиланням,,https://mizol.ua/ua/zashita-i-nadezhnost-po-dostupnoj-cene-s-regenau-i-ajdaho
ІКО &quot;ІВАНКОВЕЦЬКІ КОВБАСИ&quot;,ІКО &quot;ІВАНКОВЕЦЬКІ КОВБАСИ&quot;,Публічна картка товару Mizol; детальні параметри перевіряйте за посиланням,,https://mizol.ua/ua/iko-ivankoveckie-kolbasy
Ірпінський ліцей №3,Ірпінський ліцей №3,Публічна картка товару Mizol; детальні параметри перевіряйте за посиланням,,https://mizol.ua/ua/irpenskij-licej-3
Як обрати ідеальні бітумні рулонні матеріали,Як обрати ідеальні бітумні рулонні матеріали,Публічна картка товару Mizol; детальні параметри перевіряйте за посиланням,,https://mizol.ua/ua/kak-vybrat-idealnye-bitumnye-rulonnye-materialy
Як вибрати сходи на горище,Як вибрати сходи на горище,Публічна картка товару Mizol; детальні параметри перевіряйте за посиланням,,https://mizol.ua/ua/kak-vybrat-lestnicu-na-cherdak
Як обрати матеріал для відновлення фасаду?,фасадна панель,Публічна картка товару Mizol; детальні параметри перевіряйте за посиланням,,https://mizol.ua/ua/kak-vybrat-matarial-dlya-vosstanovleniya-fasada
Як герметизувати кути і примикання гідроізоляції з бітумних мембран до конструкцій покрівлі,мембрана,Публічна картка товару Mizol; детальні параметри перевіряйте за посиланням,,https://mizol.ua/ua/kak-germetizirovat-ugly-i-primykaniya-gidroizolyacii-iz-bitumnyh-membran-k-konstrukciyam-krovli
Як здійснити ремонт бітумної мембрани,мембрана,Публічна картка товару Mizol; детальні параметри перевіряйте за посиланням,,https://mizol.ua/ua/kak-otremontirovat-bitumnuyu-membranu-na-krovle
Як підібрати водостічну трубу,водостічна система,Публічна картка товару Mizol; детальні параметри перевіряйте за посиланням,,https://mizol.ua/ua/kak-podobrat-vodostochnuyu-trubu
Як правильно вибрати софіт для даху: поради; які збережуть час і гроші,Як правильно вибрати софіт для даху: поради; які збережуть час і гроші,Публічна картка товару Mizol; детальні параметри перевіряйте за посиланням,,https://mizol.ua/ua/kak-pravilno-vybrat-sofit-dlya-kryshi-sovety-kotorye-sohranyat-vremya-dengi
Як правильно монтувати сходи на горище,Як правильно монтувати сходи на горище,Публічна картка товару Mizol; детальні параметри перевіряйте за посиланням,,https://mizol.ua/ua/kak-pravilno-montirovat-lestnicu-na-cherdak
Як правильно застосовувати покрівельні цвяхи для монтажу бітумної черепиці,бітумна черепиця,Публічна картка товару Mizol; детальні параметри перевіряйте за посиланням,,https://mizol.ua/ua/kak-pravilno-primenyat-krovelnye-gvozdi-dlya-montazha-bitumnoj-cherepicy
Як правильно доглядати за вініловим сайдингом: кроки для збереження його краси та довговічності,сайдинг,Публічна картка товару Mizol; детальні параметри перевіряйте за посиланням,,https://mizol.ua/ua/kak-pravilno-uhazhivat-za-vinilovym-sajdingom-shagi-dlya-sohraneniya-ego-krasoty-i-funkcionalnosti
Як працюють механізми замків для фіксації горищних сходів,Як працюють механізми замків для фіксації горищних сходів,Публічна картка товару Mizol; детальні параметри перевіряйте за посиланням,,https://mizol.ua/ua/kak-rabotayut-mehanizmy-zamkov-dlya-fiksacii-cherdachnyh-lestnic
Як розрахувати розмір короба сходів на горище,Як розрахувати розмір короба сходів на горище,Публічна картка товару Mizol; детальні параметри перевіряйте за посиланням,,https://mizol.ua/ua/kak-rasschitat-razmer-koroba-cherdachnoj-lestnicy
ЯК ВЛАШТОВАНА ПЛОСКА ПОКРІВЛЯ - КОНСТРУКТИВНІ РІШЕННЯ XXI СТОЛІТТЯ,ЯК ВЛАШТОВАНА ПЛОСКА ПОКРІВЛЯ - КОНСТРУКТИВНІ РІШЕННЯ XXI СТОЛІТТЯ,Публічна картка товару Mizol; детальні параметри перевіряйте за посиланням,,https://mizol.ua/ua/kak-ustroena-ploskaya-krovlya-konstruktivnye-resheniya-xxi-veka
Як утеплити дах,теплоізоляція,Публічна картка товару Mizol; детальні параметри перевіряйте за посиланням,,https://mizol.ua/ua/kak-uteplit-kryshu
ЯК ЕКОНОМНО УБЕРЕГТИ ВІДСОТКА В ХОЛОДНА ЧАС РОКУ?,ЯК ЕКОНОМНО УБЕРЕГТИ ВІДСОТКА В ХОЛОДНА ЧАС РОКУ?,Публічна картка товару Mizol; детальні параметри перевіряйте за посиланням,,https://mizol.ua/ua/kak-ekonomno-uberechy-vodostok-v-holodnoe-vremya-goda
Який фасад обрати для приватного будинку?,фасадна панель,Публічна картка товару Mizol; детальні параметри перевіряйте за посиланням,,https://mizol.ua/ua/kakoj-fasad-vybrat-dlya-doma
Яку бітумну черепицю вибрати,бітумна черепиця,Публічна картка товару Mizol; детальні параметри перевіряйте за посиланням,,https://mizol.ua/ua/kakuyu-bitumnuyu-cherepicu-vybrat
Капітальний ремонт корпусу №2 КП Хмельницька міська лікарня,Капітальний ремонт корпусу №2 КП Хмельницька міська лікарня,Публічна картка товару Mizol; детальні параметри перевіряйте за посиланням,,https://mizol.ua/ua/kapitalnyj-remont-korpusa-2-kp-hmelnickaya-gorodskaya-bolnica
Компанія «Мізол» офіційно отримала сертифікат відповідності міжнародному стандарту ISO 9001,Компанія «Мізол» офіційно отримала сертифікат відповідності міжнародному стандарту ISO 9001,Публічна картка товару Mizol; детальні параметри перевіряйте за посиланням,,https://mizol.ua/ua/kompaniya-mizol-oficialno-poluchila-sertifikat-sootvetstviya-mezhdunarodnomu-standartu-iso-9001
КОМПЛЕКС МАТЕРІАЛІВ ДЛЯ ГРАМОТНОЇ ЕКОНОМІЇ,КОМПЛЕКС МАТЕРІАЛІВ ДЛЯ ГРАМОТНОЇ ЕКОНОМІЇ,Публічна картка товару Mizol; детальні параметри перевіряйте за посиланням,,https://mizol.ua/ua/kompleks-materialov-dlya-gramotnoj-ekonomii
Комплексне водовідведення. Система водостоку для даху,водостічна система,Публічна картка товару Mizol; детальні параметри перевіряйте за посиланням,,https://mizol.ua/ua/kompleksnyj-vodootvod-sistema-vodootvoda-dlya-krishi
Конструктивне рішення укосної частини шламонакопичувача,Конструктивне рішення укосної частини шламонакопичувача,Публічна картка товару Mizol; детальні параметри перевіряйте за посиланням,,https://mizol.ua/ua/konstruktivnoe-reshenie-otkosnoj-chasti-shlamonakopitelya
Котеджне МІСТЕЧКО «МІСТО СОНЦЯ»,Котеджне МІСТЕЧКО «МІСТО СОНЦЯ»,Публічна картка товару Mizol; детальні параметри перевіряйте за посиланням,,https://mizol.ua/ua/kottedghnyy-gorodok-gorod-solnca-
Покрівля із ПВХ-мембрани по профільованому настилу. Влаштування контрухилу в зоні парапету до водозбірної воронки,мембрана,Публічна картка товару Mizol; детальні параметри перевіряйте за посиланням,,https://mizol.ua/ua/krovlya-iz-pvh-membrany-po-profilirovannomu-nastilu-ustrojstvo-kontruklona-v-zone-parapeta-k-vodosbo
ПОКРІВЛЯ ПРОТІКАЄ; І ВИ НЕ ЗНАЄТЕ; ЩО РОБИТИ? Є УНІВЕРСАЛЬНЕ РІШЕННЯ!,ПОКРІВЛЯ ПРОТІКАЄ; І ВИ НЕ ЗНАЄТЕ; ЩО РОБИТИ? Є УНІВЕРСАЛЬНЕ РІШЕННЯ!,Публічна картка товару Mizol; детальні параметри перевіряйте за посиланням,,https://mizol.ua/ua/krovlya-protekaet-i-vy-ne-znaete-chto-delaty-esty-universalynoe-reshenie
Дах як комплекс матеріалів: чому це важливо.,Дах як комплекс матеріалів: чому це важливо.,Публічна картка товару Mizol; детальні параметри перевіряйте за посиланням,,https://mizol.ua/ua/krysha-kak-kompleks-materialov-pochemu-eto-vazhno
Мембрани Tyvek: Повний путівник по технологіях DuPont,мембрана,Публічна картка товару Mizol; детальні параметри перевіряйте за посиланням,,https://mizol.ua/ua/membrany-tyvek-polnyj-putevoditel-po-tehnologiyam-dupont
Мембрани та плівки JUTA - як закриття даху; а також пошкоджених ділянок житлових та промислових будівель.,мембрана,Публічна картка товару Mizol; детальні параметри перевіряйте за посиланням,,https://mizol.ua/ua/membrany-i-plyonki-juta-kak-zakrytie-kryshi-takzhe-povrezhdyonnyh-uchastkov
Монтаж віконних стрічок: захистіть дім від плісняви!,Монтаж віконних стрічок: захистіть дім від плісняви!,Публічна картка товару Mizol; детальні параметри перевіряйте за посиланням,,https://mizol.ua/ua/montazh-okonnyh-lent-zashitite-dom-ot-pleseni
Монтаж парапетних воронок,Монтаж парапетних воронок,Публічна картка товару Mizol; детальні параметри перевіряйте за посиланням,,https://mizol.ua/ua/montazh-parapetnyh-voronok
МОНТАЖ ПВХ-мембраною FLAGON,мембрана,Публічна картка товару Mizol; детальні параметри перевіряйте за посиланням,,https://mizol.ua/ua/montagh-pvh-membrani-flagon
Монтаж сифонно-вакуумної водостічної системи,водостічна система,Публічна картка товару Mizol; детальні параметри перевіряйте за посиланням,,https://mizol.ua/ua/montazh-sifonno-vakuumnoj-vodostochnoj-sistemy
Навіси; прибудови та пласкі покрівлі – яка бітумна черепиця підходить,бітумна черепиця,Публічна картка товару Mizol; детальні параметри перевіряйте за посиланням,,https://mizol.ua/ua/navesy-pristrojki-i-ploskie-krovli-kakaya-bitumnaya-cherepica-podhodit
Зовнішня стіна з панелей поелементної збірки з використанням стінових касет,Зовнішня стіна з панелей поелементної збірки з використанням стінових касет,Публічна картка товару Mizol; детальні параметри перевіряйте за посиланням,,https://mizol.ua/ua/naruzhnaya-stena-iz-panelej-poelementnoj-sborki-s-ispolzovaniem-stenovyh-kasset
Зовнішня стіна з опорядженням під ЛММ,Зовнішня стіна з опорядженням під ЛММ,Публічна картка товару Mizol; детальні параметри перевіряйте за посиланням,,https://mizol.ua/ua/naruzhnaya-stena-s-otdelkoj-pod-lmm
Надійність; що не змінюється: Європейська якість за стабільною ціною!,Надійність; що не змінюється: Європейська якість за стабільною ціною!,Публічна картка товару Mizol; детальні параметри перевіряйте за посиланням,,https://mizol.ua/ua/neizmennaya-nadezhnost-evropejskoe-kachestvo-po-stabilnoj-cene
НОВА КОЛЕКЦІЯ ВІД ФАСАДНИХ ПАНЕЛЕЙ KERRAFRONT,фасадна панель,Публічна картка товару Mizol; детальні параметри перевіряйте за посиланням,,https://mizol.ua/ua/novaya-kollekciya-ot-fasadnyh-panelej-kerrafront
Новинка Oman Long 330 Termo (130×70) H330,Новинка Oman Long 330 Termo (130×70) H330,Публічна картка товару Mizol; детальні параметри перевіряйте за посиланням,,https://mizol.ua/ua/novinka-oman-long-330-termo-13070-h330
Новинка в асортименті фасадних систем від Euroizol – VOX Fronto MAX,фасадна панель,Публічна картка товару Mizol; детальні параметри перевіряйте за посиланням,,https://mizol.ua/ua/novinka-v-assortimente-fasadnyh-sistem-ot-euroizol-vox-fronto-max
НОВИНКА! ЕКСКЛЮЗИВНО В MIZOL - КАРНИЗНА ПІДШИВА INFRATOP ВІД VOX,НОВИНКА! ЕКСКЛЮЗИВНО В MIZOL - КАРНИЗНА ПІДШИВА INFRATOP ВІД VOX,Публічна картка товару Mizol; детальні параметри перевіряйте за посиланням,,https://mizol.ua/ua/novinka-eksklyuzivno-v-mizol-%E2%80%93-karniznaya-podshiva-infratop-ot-vox
НОВИНКИ В АСОРТИМЕНТІ СИСТЕМ ВОДОВІДВЕДЕННЯ ДЛЯ ПЛОСКИХ КРОВЕЛЬ SITA!,НОВИНКИ В АСОРТИМЕНТІ СИСТЕМ ВОДОВІДВЕДЕННЯ ДЛЯ ПЛОСКИХ КРОВЕЛЬ SITA!,Публічна картка товару Mizol; детальні параметри перевіряйте за посиланням,,https://mizol.ua/ua/novinki-v-assortimente-sistem-vodootvoda-dlya-ploskih-krovely-sita
Новий метод монтажу сайдинга,сайдинг,Публічна картка товару Mizol; детальні параметри перевіряйте за посиланням,,https://mizol.ua/ua/novyj-metod-montazha-sajdinga
Новий режим роботи складів,Новий режим роботи складів,Публічна картка товару Mizol; детальні параметри перевіряйте за посиланням,,https://mizol.ua/ua/novyj-rezhim-raboty-skladov
НОВИЙ КОЛІР КАРНИЗНОЇ ПІДШИВИ Айдахо,НОВИЙ КОЛІР КАРНИЗНОЇ ПІДШИВИ Айдахо,Публічна картка товару Mizol; детальні параметри перевіряйте за посиланням,,https://mizol.ua/ua/novyy-cvet-karniznoy-podshivki-aydaho
ОСНОВНІ ПОМИЛКИ МОНТАЖУ ВОДОСТОЧНОЇ СИСТЕМИ,водостічна система,Публічна картка товару Mizol; детальні параметри перевіряйте за посиланням,,https://mizol.ua/ua/osnovnie-oshibki-montazha-vodostochnoy-sistemi
Пароізоляція скатної і плоскої покрівлі.,ізоляція,Публічна картка товару Mizol; детальні параметри перевіряйте за посиланням,,https://mizol.ua/ua/paroizolyaciya-skatnoj-i-ploskoj-krovli
ПАРТНЕРСЬКА ПРОГРАМА (ПП) 2.0 «PURMO + VARIO TERM: ПРАКТИЧНА ВИГОДА – ГАРАНТОВАНИЙ ВІДПОЧИНОК»,ПАРТНЕРСЬКА ПРОГРАМА (ПП) 2.0 «PURMO + VARIO TERM: ПРАКТИЧНА ВИГОДА – ГАРАНТОВАНИЙ ВІДПОЧИНОК»,Публічна картка товару Mizol; детальні параметри перевіряйте за посиланням,,https://mizol.ua/ua/partnerskaya-programma-pp-20-purmo-vario-term-prakticheskaya-vygoda-garantirovannyj-otdyh
ПВХ-ЛИСТ MARVEC CS – НОВИНКА В АСОРТИМЕНТІ EUROIZOL,ПВХ-ЛИСТ MARVEC CS – НОВИНКА В АСОРТИМЕНТІ EUROIZOL,Публічна картка товару Mizol; детальні параметри перевіряйте за посиланням,,https://mizol.ua/ua/pvh-list-marvec-cs-%E2%80%93-novinka-v-assortimente-euroizol
Платинова гарантія: що це означає насправді,Платинова гарантія: що це означає насправді,Публічна картка товару Mizol; детальні параметри перевіряйте за посиланням,,https://mizol.ua/ua/platinovaya-garantiya-chto-eto-oznachaet-na-samom-dele
ППС VS ЕППС. ЩО КРАЩЕ?,ППС VS ЕППС. ЩО КРАЩЕ?,Публічна картка товару Mizol; детальні параметри перевіряйте за посиланням,,https://mizol.ua/ua/pps-vs-epps-chto-luchshe
Правила зберігання і транспортування матеріалів з полімерів,Правила зберігання і транспортування матеріалів з полімерів,Публічна картка товару Mizol; детальні параметри перевіряйте за посиланням,,https://mizol.ua/ua/pravila-hraneniya-i-transportirovki-materialov-iz-polimerov
Переваги стрічок у порівнянні з іншими методами склеювання покрівельних матеріалів,Переваги стрічок у порівнянні з іншими методами склеювання покрівельних матеріалів,Публічна картка товару Mizol; детальні параметри перевіряйте за посиланням,,https://mizol.ua/ua/preimushestva-lent-po-sravneniyu-s-drugimi-metodami-skleivaniya-krovelnyh-materialov
Переваги сходів на горище ОМАN™,Переваги сходів на горище ОМАN™,Публічна картка товару Mizol; детальні параметри перевіряйте за посиланням,,https://mizol.ua/ua/preimushestva-cherdachnyh-lestnic-oman
Виробничо-складські будівлі ПП &quot;Віліс&quot;,Виробничо-складські будівлі ПП &quot;Віліс&quot;,Публічна картка товару Mizol; детальні параметри перевіряйте за посиланням,,https://mizol.ua/ua/proizvodstvenno-skladskie-zdaniya-chp-villis
П'ять методів як утеплити горище або метод прибрати конденсат під дахом,теплоізоляція,Публічна картка товару Mizol; детальні параметри перевіряйте за посиланням,,https://mizol.ua/ua/pyaty-metodov-kak-utepluty-cherdak-ulu-metod-ubraty-kondensat-pod-kryshey
Регулювання горищних сходів,Регулювання горищних сходів,Публічна картка товару Mizol; детальні параметри перевіряйте за посиланням,,https://mizol.ua/ua/regulirovka-cherdachnyh-lestnic
Реконструкція заводу Рошен,Реконструкція заводу Рошен,Публічна картка товару Mizol; детальні параметри перевіряйте за посиланням,,https://mizol.ua/ua/rekonstrukciya-zavoda-roshen
РЕКОРДНІ ЦІНИ ТА ДЕФІЦИТ ОСНОВНИХ СИРОВИННИХ МАТЕРІАЛІВ. ЩО ОЧІКУВАТИ У 2021 РОЦІ?,РЕКОРДНІ ЦІНИ ТА ДЕФІЦИТ ОСНОВНИХ СИРОВИННИХ МАТЕРІАЛІВ. ЩО ОЧІКУВАТИ У 2021 РОЦІ?,Публічна картка товару Mizol; детальні параметри перевіряйте за посиланням,,https://mizol.ua/ua/rekordnye-ceny-i-deficit-glavnyh-syryevyh-materualov-chto-oghidaty-v-2021-godu
Ремонт пошкодженої покрівлі з бітумної черепиці.,бітумна черепиця,Публічна картка товару Mizol; детальні параметри перевіряйте за посиланням,,https://mizol.ua/ua/remont-povrezhdennoj-krovli-iz-bitumnoj-cherepicy
РИНОК СИРОВИНИ: ТРЕНДИ; ПІДСУМКИ 2021. ЩО ОЧІКУВАТИ В 2022?,РИНОК СИРОВИНИ: ТРЕНДИ; ПІДСУМКИ 2021. ЩО ОЧІКУВАТИ В 2022?,Публічна картка товару Mizol; детальні параметри перевіряйте за посиланням,,https://mizol.ua/ua/rynok-syrya-trendy-itogi-2021-chto-ozhidat-v-2022
САЙДИНГ для обшивання стін - ЕСТЕТИКА І НАДІЙНІСТЬ ВАШОГО ДОМУ,сайдинг,Публічна картка товару Mizol; детальні параметри перевіряйте за посиланням,,https://mizol.ua/ua/sayding-dlya-obshivki-sten-%E2%80%93-estetika-i-nadeghnosty-vashego-doma
НАЙТЕПЛІШІ СХОДИ НА ГОРИЩЕ РОДИНИ POLAR TM OMAN (ПОЛЬЩА),НАЙТЕПЛІШІ СХОДИ НА ГОРИЩЕ РОДИНИ POLAR TM OMAN (ПОЛЬЩА),Публічна картка товару Mizol; детальні параметри перевіряйте за посиланням,,https://mizol.ua/ua/samye-teplye-lestnicy-na-cherdak-semi-polar-tm-oman-polsha
НАЙТЕПЛІШІ ГОРИЩНІ СХОДИ РОДИНИ POLAR TM OMAN,НАЙТЕПЛІШІ ГОРИЩНІ СХОДИ РОДИНИ POLAR TM OMAN,Публічна картка товару Mizol; детальні параметри перевіряйте за посиланням,,https://mizol.ua/ua/samye-teplye-cherdachnye-lestnicy-semi-polar-tm-oman
Збір та відвід дощової води через парапет,Збір та відвід дощової води через парапет,Публічна картка товару Mizol; детальні параметри перевіряйте за посиланням,,https://mizol.ua/ua/sbor-i-otvod-dozhdevoj-vody-cherez-parapet
Секрети сучасного будівницта. Історія унікальної карнизної підшиви VOX INFRATOP.,Секрети сучасного будівницта. Історія унікальної карнизної підшиви VOX INFRATOP.,Публічна картка товару Mizol; детальні параметри перевіряйте за посиланням,,https://mizol.ua/ua/sekrety-sovremennogo-stroitelstva-istoriya-unikalnoj-karniznoj-podshivy-vox-infratop
Сифонно-вакуумна чи самопливна системи водовідведення для пласкої покрівлі. Яку правильно обрати?,Сифонно-вакуумна чи самопливна системи водовідведення для пласкої покрівлі. Яку правильно обрати?,Публічна картка товару Mizol; детальні параметри перевіряйте за посиланням,,https://mizol.ua/ua/sifonno-vakuumnaya-ili-samotechnaya-sistema-vodootvedeniya-dlya-ploskoj-krovli-kakuyu-pravilno-vybra
Скогур ( Skogur),Скогур ( Skogur),Публічна картка товару Mizol; детальні параметри перевіряйте за посиланням,,https://mizol.ua/ua/skogur-skogur
ЗНИЖЕННЯ роздрібних ЦІН НА ВЕСЬ АСОРТИМЕНТ водостоків PROFIL!,водостічна система,Публічна картка товару Mizol; детальні параметри перевіряйте за посиланням,,https://mizol.ua/ua/snighenie-roznichnyh-cen-na-vesy-assortiment-vodostokov-profil
СО СВІТЛИМ СВЯТОМ ВЕЛИКОДНЯ!,СО СВІТЛИМ СВЯТОМ ВЕЛИКОДНЯ!,Публічна картка товару Mizol; детальні параметри перевіряйте за посиланням,,https://mizol.ua/ua/so-svetlym-prazdnikom-pashi
Софіти для даху: як вибрати n які переваги,Софіти для даху: як вибрати n які переваги,Публічна картка товару Mizol; детальні параметри перевіряйте за посиланням,,https://mizol.ua/ua/sofity-dlya-kryshi-kak-vybrat-i-kakie-preimushestva
Софіт. ДЛЯ ЧОГО ВОНИ ПОТРІБНІ?,Софіт. ДЛЯ ЧОГО ВОНИ ПОТРІБНІ?,Публічна картка товару Mizol; детальні параметри перевіряйте за посиланням,,https://mizol.ua/ua/sofity-dlya-chego-oni-nughny
Спеціальна ціна на MAX-3 і FaSiding WoodHouse!,Спеціальна ціна на MAX-3 і FaSiding WoodHouse!,Публічна картка товару Mizol; детальні параметри перевіряйте за посиланням,,https://mizol.ua/ua/specialnoe-predlozhenie-na-max-3-i-fasiding-woodhouse
Супердифузійна підпокрівельна мембрана Евробарьер F150 – краще рішення для фальцевих покрівель.,мембрана,Публічна картка товару Mizol; детальні параметри перевіряйте за посиланням,,https://mizol.ua/ua/superdiffuzionnaya-podkrovelnaya-membrana-evrobarer-f150-luchshee-reshenie-dlya-falcevyh-krovel
Технологія укладки бітумних мембран на покрівлю покрокова інструкція,мембрана,Публічна картка товару Mizol; детальні параметри перевіряйте за посиланням,,https://mizol.ua/ua/tehnologiya-ukladki-bitumnyh-membran-na-krovlyu-poshagovaya-instrukciya
Типові проблеми та помилки під час застосування стрічок на покрівлі,Типові проблеми та помилки під час застосування стрічок на покрівлі,Публічна картка товару Mizol; детальні параметри перевіряйте за посиланням,,https://mizol.ua/ua/tipichnye-problemy-i-oshibki-pri-primenenii-lent-na-krovle
ТРЦ РОСТ,ТРЦ РОСТ,Публічна картка товару Mizol; детальні параметри перевіряйте за посиланням,,https://mizol.ua/ua/trc-rost
Установка водостічної системи - коротко про найважливіше,водостічна система,Публічна картка товару Mizol; детальні параметри перевіряйте за посиланням,,https://mizol.ua/ua/ustanovka-vodostochnoj-sistemy-korotko-o-samom-vazhnom
Влаштування вентиляції горища за допомогою слухового вікна,Влаштування вентиляції горища за допомогою слухового вікна,Публічна картка товару Mizol; детальні параметри перевіряйте за посиланням,,https://mizol.ua/ua/ustroystvo-ventulyacuu-cherdaka-s-pomoschyyu-sluhovogo-okna
Влаштування вентиляції через коньок холодного горища,Влаштування вентиляції через коньок холодного горища,Публічна картка товару Mizol; детальні параметри перевіряйте за посиланням,,https://mizol.ua/ua/ustroystvo-ventulyacuu-cherez-konek-holodnogo-cherdaka
Влаштування мансардного вікна в покрівлю з покриттям з керамічної черепиці,бітумна черепиця,Публічна картка товару Mizol; детальні параметри перевіряйте за посиланням,,https://mizol.ua/ua/ustroystvo-mansardnogo-okna-v-krovlyu-s-pokrytuem-uz-keramucheskoy-cherepucy-
Влаштування відводу дощових та талих вод,Влаштування відводу дощових та талих вод,Публічна картка товару Mizol; детальні параметри перевіряйте за посиланням,,https://mizol.ua/ua/ustrojstvo-otvoda-dozhdevyh-i-talyh-vod
Влаштування протифільтраційного екрану Шламонакопичувача,Влаштування протифільтраційного екрану Шламонакопичувача,Публічна картка товару Mizol; детальні параметри перевіряйте за посиланням,,https://mizol.ua/ua/ustrojstvo-protivofiltracionnogo-ekrana-shlamonakopitelya
Влаштування системи лінійного водовідведення HAURATON вздовж бардюру зі щілинною решіткою,Влаштування системи лінійного водовідведення HAURATON вздовж бардюру зі щілинною решіткою,Публічна картка товару Mizol; детальні параметри перевіряйте за посиланням,,https://mizol.ua/ua/ustrojstvo-sistemy-linejnogo-vodootvoda-hauraton-vdol-bardyura-s-shelevoj-reshetkoj
Влаштування скатної покрівлі з покриттям із бітумної черепиці. Примикання до вентиляційного каналу,бітумна черепиця,Публічна картка товару Mizol; детальні параметри перевіряйте за посиланням,,https://mizol.ua/ua/ustroystvo-skatnoy-krovlu-s-pokrytuem-uz-butumnoy-cherepucy-prumykanuya-k-ventulyacuonnomu-kanala
Влаштування скатної покрівлі з покриттям із бітумної черепиці. Примикання пароізоляції до стропильних затяжок,бітумна черепиця,Публічна картка товару Mizol; детальні параметри перевіряйте за посиланням,,https://mizol.ua/ua/ustroystvo-skatnoy-krovlu-s-pokrytuem-uz-butumnoy-cherepucy-prumykanuya-parouzolyacuu-k-stropulynym-zatyaghkam
Влаштування скатної покрівлі з покриттям із бітумної черепиці. Влаштування покрівлі в зоні карниза,бітумна черепиця,Публічна картка товару Mizol; детальні параметри перевіряйте за посиланням,,https://mizol.ua/ua/ustroystvo-skatnoy-krovlu-s-pokrytuem-uz-butumnoy-cherepucy-ustroystvo-krovlu-v-zone-karnuza
Пристрій традиційної покрівлі з механічною фіксацією ПВХ-мембрани до збірної стяжки з ЦСП,мембрана,Публічна картка товару Mizol; детальні параметри перевіряйте за посиланням,,https://mizol.ua/ua/ustrojstvo-tradicionnoj-krovli-s-mehanicheskoj-fiksaciej-pvh-membrany-k-sbornoj-styazhke-iz-csp
Влаштування традиційної покрівлі. Гідроізоляція парапету,гідроізоляція,Публічна картка товару Mizol; детальні параметри перевіряйте за посиланням,,https://mizol.ua/ua/ustrojstvo-tradicionnoj-krovli-gidroizolyaciya-parapeta
Влаштування утепленої покрівлі по крокв'яним затяжкам,теплоізоляція,Публічна картка товару Mizol; детальні параметри перевіряйте за посиланням,,https://mizol.ua/ua/ustroystvo-uteplennoy-krovlu-po-stropulynoy-zatyaghke
Влаштування ходових доріжок на покрівлі з основою із профільованого металевого настилу,Влаштування ходових доріжок на покрівлі з основою із профільованого металевого настилу,Публічна картка товару Mizol; детальні параметри перевіряйте за посиланням,,https://mizol.ua/ua/ustrojstvo-hodovyh-dorozhek-na-krovle-s-osnovaniem-iz-profilirovannogo-metallicheskogo-nastila
Влаштування експлуатованого покриття. Примикання до баготорівневої воронки водовідводу,Влаштування експлуатованого покриття. Примикання до баготорівневої воронки водовідводу,Публічна картка товару Mizol; детальні параметри перевіряйте за посиланням,,https://mizol.ua/ua/ustrojstvo-ekspluatiruemogo-pokrytiya-primykanie-k-mnogourovnevoj-voronke-vodootvoda
Влаштування покрівлі; що експлуатується; з покриттям із тротуарної плитки,Влаштування покрівлі; що експлуатується; з покриттям із тротуарної плитки,Публічна картка товару Mizol; детальні параметри перевіряйте за посиланням,,https://mizol.ua/ua/ustrojstvo-ekspluatiruemoj-krovli-iz-pokrytiem-iz-trotuarnoj-plitki
УТЕПЛЕННЯ фасаду ДОМА ЗОВНІ: КРАЩИЙ СПОСІБ НАЛАГОДИТИ МІКРОКЛІМАТ В ДОМІ,фасадна панель,Публічна картка товару Mizol; детальні параметри перевіряйте за посиланням,,https://mizol.ua/ua/uteplenie-fasada-doma-snarughi%3A-luchshiy-sposob-naladity-mikroklimat-v-dome
Утеплення горищного перекриття. Підпокрівельна гідроізоляція похилого даху. Пристрій пересувних трапів,гідроізоляція,Публічна картка товару Mizol; детальні параметри перевіряйте за посиланням,,https://mizol.ua/ua/uteplenue-cherdachnogo-perekrytuya-podkrovelynaya-gudrouzolyacuu-skatnoy-kryshu-ustroystvo-peredvughnyh-trapov
Участь компанії EUROIZOL в Українському Будівельному Конгресі,Участь компанії EUROIZOL в Українському Будівельному Конгресі,Публічна картка товару Mizol; детальні параметри перевіряйте за посиланням,,https://mizol.ua/ua/uchastie-kompanii-euroizol-v-ukrainskom-stroitelnom-kongresse
Фактори; які потрібно враховувати при виборі бітумних рулонних гідроізоляційних матеріалів (єврорубероїдів),гідроізоляція,Публічна картка товару Mizol; детальні параметри перевіряйте за посиланням,,https://mizol.ua/ua/faktory-kotorye-sleduet-uchityvat-pri-vybore-bitumnyh-rulonnyh-gidroizolyacionnyh-materialov-evrorub
Харківська Обласна дитяча клінічна лікарня №1,Харківська Обласна дитяча клінічна лікарня №1,Публічна картка товару Mizol; детальні параметри перевіряйте за посиланням,,https://mizol.ua/ua/harkovskaya-oblastnaya-detskaya-klinicheskaya-bolnica-1
Харківська філармонія,Харківська філармонія,Публічна картка товару Mizol; детальні параметри перевіряйте за посиланням,,https://mizol.ua/ua/harkovskaya-filarmoniya
ЩО ВАЖЛИВІШЕ В ДИЗАЙНІ БУДИНКУ: ЙОГО Зовнішній вигляд; АБО внутрішньої обробки?,ЩО ВАЖЛИВІШЕ В ДИЗАЙНІ БУДИНКУ: ЙОГО Зовнішній вигляд; АБО внутрішньої обробки?,Публічна картка товару Mizol; детальні параметри перевіряйте за посиланням,,https://mizol.ua/ua/chto-vaghnee-v-dizayne-doma%3A-ego-vneshniy-vid-ili-vnutrennyaya-otdelka
Що потрібно врахувати при підборі сходів на горище ТМ Oman,Що потрібно врахувати при підборі сходів на горище ТМ Oman,Публічна картка товару Mizol; детальні параметри перевіряйте за посиланням,,https://mizol.ua/ua/chto-nuzhno-uchest-pri-podbore-lestnicy-na-cherdak-tm-oman
Ефективна реконструкція плоских покрівель,Ефективна реконструкція плоских покрівель,Публічна картка товару Mizol; детальні параметри перевіряйте за посиланням,,https://mizol.ua/ua/effektivnaya-rekonstrukciya-ploskih-krovel
Монтаж бітумної черепиці в холодну пору року.,бітумна черепиця,Публічна картка товару Mizol; детальні параметри перевіряйте за посиланням,,https://mizol.ua/ua/montazh-bitumnoj-cherepicy-v-holodnoe-vremya-goda
BIPROOF FOUNDATION,бітумно-каучукова мастика,Гідроізоляція фундаментів і підземних конструкцій; адгезія 0.1 МПа; висихання 12-24 год; подовження не менше 150%; водопоглинання не більше 2%; витрата 1-1.75 кг/м² на шар; відро 18 кг,мастика для фундаменту; бітумна мастика; фундаментна гідроізоляція,Технічний лист BIPROOF FOUNDATION
BIPROOF PRIME,бітумно-полімерний праймер,Підготовка поверхонь перед гідроізоляцією; адгезія 0.3 МПа; висихання до 12 год; водопоглинання не більше 2%; витрата 0.25-0.5 кг/м² на шар; відро 18 л,бітумний праймер; ґрунтовка для гідроізоляції; праймер для євроруберойду,Технічний лист BIPROOF PRIME
BIPROOF ULTRA,гідроізоляційна мастика,Холодне нанесення; для фундаментів і бітумних покрівель; адгезія 0.3 МПа; висихання 24 год; подовження не менше 200%; водопоглинання не більше 1.31%; витрата 1.5-2 кг/м² на шар; відро 18 кг,мастика гідроізоляційна; бітумна мастика для покрівлі; обмазувальна гідроізоляція,Технічний лист BIPROOF ULTRA
